player_id,season_year,pa,hr_pct,k_pct,bb_pct,1b_pct,2b_pct,3b_pct,babip_c,avk_c,gap_c,pow_c,eye_c,speed
51,2101,360,0.016666666666666666,0.23333333333333334,0.09444444444444444,0.1388888888888889,0.022222222222222223,0.005555555555555556,40.599999999999994,47.3,40.3,31.4,30.4,87
59,2101,1162,0.0378657487091222,0.1153184165232358,0.08261617900172118,0.22203098106712565,0.024096385542168676,0.0017211703958691911,65.9,87.39999999999999,52.9,64.1,54.89999999999999,9
81,2101,500,0.02,0.2,0.088,0.156,0.036,0.004,46.599999999999994,40.199999999999996,30.299999999999997,46.5,46.5,3
361,2101,496,0.036290322580645164,0.2056451612903226,0.06048387096774194,0.20161290322580644,0.036290322580645164,0.0,46.4,52.099999999999994,41.599999999999994,49.699999999999996,51.8,21
563,2101,940,0.036170212765957444,0.16170212765957448,0.04680851063829787,0.2148936170212766,0.03404255319148936,0.002127659574468085,53.699999999999996,70.19999999999999,40.199999999999996,49.8,36.099999999999994,77
587,2101,324,0.024691358024691357,0.10493827160493827,0.04938271604938271,0.19135802469135801,0.06172839506172839,0.0,64.2,83.7,48.699999999999996,37.3,38.6,54
656,2101,46,0.043478260869565216,0.13043478260869565,0.043478260869565216,0.21739130434782608,0.0,0.0,37.599999999999994,16.2,48.199999999999996,63.099999999999994,39.9,60
1163,2101,514,0.0311284046692607,0.2178988326848249,0.027237354085603113,0.16342412451361868,0.05058365758754864,0.0,38.1,52.5,45.699999999999996,39.2,33.199999999999996,71
1320,2101,370,0.02702702702702703,0.1837837837837838,0.06486486486486487,0.16216216216216217,0.021621621621621623,0.0,49.099999999999994,42.3,39.5,46.2,40.0,51
1356,2101,1160,0.08793103448275862,0.09655172413793103,0.08620689655172414,0.1793103448275862,0.04310344827586207,0.0017241379310344827,54.5,72.19999999999999,55.5,90.39999999999999,46.599999999999994,61
1442,2101,30,0.0,0.4,0.06666666666666667,0.0,0.0,0.0,45.4,70.3,56.89999999999999,55.19999999999999,58.4,56
1521,2101,770,0.03896103896103896,0.14025974025974025,0.10909090909090909,0.13246753246753246,0.03116883116883117,0.0,54.5,61.99999999999999,38.9,53.49999999999999,40.8,82
2195,2101,484,0.028925619834710745,0.18181818181818182,0.049586776859504134,0.1859504132231405,0.045454545454545456,0.004132231404958678,52.4,49.199999999999996,56.39999999999999,62.4,39.4,54
19849,2101,776,0.02577319587628866,0.16494845360824742,0.04381443298969072,0.17525773195876287,0.05412371134020619,0.0,57.599999999999994,51.8,50.8,45.89999999999999,40.599999999999994,72
20465,2101,1270,0.025196850393700787,0.10551181102362205,0.09606299212598425,0.17795275590551182,0.04251968503937008,0.0,59.9,67.1,37.199999999999996,48.3,62.3,10
20507,2101,600,0.03666666666666667,0.12,0.09333333333333334,0.16,0.04,0.0033333333333333335,59.19999999999999,86.6,45.89999999999999,73.0,42.599999999999994,37
20522,2101,1346,0.03417533432392273,0.1352154531946508,0.07726597325408618,0.1827637444279346,0.04903417533432392,0.0014858841010401188,60.5,66.6,42.599999999999994,53.7,47.3,25
20748,2101,1202,0.029950083194675542,0.19800332778702162,0.08985024958402663,0.17803660565723795,0.028286189683860232,0.0016638935108153079,46.099999999999994,47.3,47.699999999999996,63.2,52.3,97
21186,2101,678,0.014749262536873156,0.20353982300884957,0.06489675516224189,0.17994100294985252,0.02654867256637168,0.0,60.9,51.3,49.0,77.0,53.9,28
21332,2101,798,0.045112781954887216,0.14536340852130325,0.08771929824561403,0.16541353383458646,0.02756892230576441,0.010025062656641603,38.4,62.699999999999996,48.599999999999994,80.7,83.0,71
21419,2101,448,0.044642857142857144,0.20535714285714285,0.04017857142857143,0.09375,0.03571428571428571,0.0,40.6,44.5,39.599999999999994,57.0,34.3,25
21635,2101,402,0.04975124378109453,0.14925373134328357,0.11442786069651742,0.1890547263681592,0.03482587064676617,0.004975124378109453,55.39999999999999,52.49999999999999,29.599999999999994,45.0,55.8,43
21691,2101,1312,0.057926829268292686,0.2606707317073171,0.10060975609756098,0.10670731707317073,0.036585365853658534,0.001524390243902439,66.69999999999999,23.7,70.4,95.1,66.4,29
22022,2101,714,0.022408963585434174,0.17366946778711484,0.04201680672268908,0.17647058823529413,0.047619047619047616,0.0028011204481792717,36.6,64.4,40.6,34.199999999999996,28.599999999999998,95
22037,2101,628,0.054140127388535034,0.1464968152866242,0.09554140127388536,0.1464968152866242,0.03503184713375796,0.006369426751592357,51.1,52.099999999999994,54.5,74.6,38.2,96
22157,2101,880,0.020454545454545454,0.13636363636363635,0.05454545454545454,0.16363636363636364,0.029545454545454545,0.0022727272727272726,42.3,52.4,47.99999999999999,48.3,29.2,97
22228,2101,794,0.02518891687657431,0.181360201511335,0.08816120906801007,0.17380352644836272,0.04030226700251889,0.0025188916876574307,72.89999999999999,44.5,49.7,64.3,61.199999999999996,52
22233,2101,272,0.03676470588235294,0.27941176470588236,0.051470588235294115,0.1323529411764706,0.029411764705882353,0.0,43.8,39.3,37.2,49.7,38.7,85
22312,2101,1104,0.04528985507246377,0.27355072463768115,0.11956521739130435,0.15579710144927536,0.019927536231884056,0.0036231884057971015,43.0,13.399999999999999,41.699999999999996,75.4,92.69999999999999,40
22354,2101,620,0.035483870967741936,0.17096774193548386,0.06451612903225806,0.19032258064516128,0.016129032258064516,0.0032258064516129032,53.0,49.699999999999996,38.199999999999996,61.199999999999996,43.8,72
22379,2101,158,0.012658227848101266,0.31645569620253167,0.0759493670886076,0.12658227848101267,0.05063291139240506,0.0,33.3,6.6,34.599999999999994,30.6,26.9,24
22564,2101,390,0.020512820512820513,0.08717948717948718,0.14358974358974358,0.18974358974358974,0.010256410256410256,0.005128205128205128,49.7,70.1,47.699999999999996,36.699999999999996,83.8,78
23482,2101,1100,0.02181818181818182,0.11636363636363636,0.06909090909090909,0.19272727272727272,0.038181818181818185,0.0,46.599999999999994,62.3,28.099999999999998,49.199999999999996,35.699999999999996,25
23949,2101,390,0.020512820512820513,0.14358974358974358,0.05128205128205128,0.14358974358974358,0.07179487179487179,0.005128205128205128,58.99999999999999,51.2,67.6,51.8,50.099999999999994,71
23973,2101,178,0.011235955056179775,0.21348314606741572,0.06741573033707865,0.11235955056179775,0.033707865168539325,0.0,36.0,49.3,54.3,30.299999999999997,28.299999999999997,95
24125,2101,1006,0.04572564612326044,0.3101391650099404,0.07952286282306163,0.14512922465208747,0.03578528827037773,0.003976143141153081,66.5,13.6,48.49999999999999,65.1,49.39999999999999,79
24867,2101,1202,0.03826955074875208,0.1713810316139767,0.0632279534109817,0.19633943427620631,0.03993344425956739,0.0033277870216306157,47.39999999999999,55.199999999999996,56.9,68.5,44.699999999999996,71
25263,2101,1128,0.03546099290780142,0.09929078014184398,0.07092198581560284,0.21808510638297873,0.047872340425531915,0.0,67.19999999999999,71.69999999999999,65.9,64.39999999999999,50.0,9
25302,2101,1272,0.040880503144654086,0.13836477987421383,0.050314465408805034,0.1918238993710692,0.04874213836477988,0.007861635220125786,54.199999999999996,68.2,64.69999999999999,53.49999999999999,38.4,77
25519,2101,420,0.01904761904761905,0.20952380952380953,0.02857142857142857,0.2,0.06666666666666667,0.0,56.9,49.9,53.2,12.499999999999998,26.499999999999996,109
25596,2101,966,0.006211180124223602,0.12422360248447205,0.06625258799171843,0.18012422360248448,0.026915113871635612,0.002070393374741201,42.3,84.89999999999999,49.099999999999994,22.2,51.0,100
25846,2101,774,0.01808785529715762,0.17054263565891473,0.07493540051679587,0.17571059431524547,0.05167958656330749,0.002583979328165375,71.4,52.5,48.89999999999999,44.699999999999996,43.5,45
26001,2101,590,0.013559322033898305,0.12203389830508475,0.05423728813559322,0.18305084745762712,0.023728813559322035,0.010169491525423728,41.9,63.599999999999994,47.9,43.8,24.599999999999998,77
26002,2101,1158,0.025906735751295335,0.16580310880829016,0.055267702936096716,0.1848013816925734,0.0535405872193437,0.0034542314335060447,84.0,56.5,54.4,54.5,36.5,39
26099,2101,1024,0.013671875,0.291015625,0.05859375,0.166015625,0.02734375,0.0,38.9,30.699999999999996,28.2,34.0,35.0,6
26117,2101,1308,0.04128440366972477,0.1712538226299694,0.07339449541284404,0.18501529051987767,0.035168195718654434,0.0030581039755351682,65.19999999999999,56.39999999999999,44.599999999999994,65.39999999999999,55.099999999999994,74
26131,2101,464,0.05172413793103448,0.2025862068965517,0.09051724137931035,0.16810344827586207,0.03879310344827586,0.004310344827586207,38.5,44.5,62.8,44.5,36.2,101
26145,2101,1398,0.020028612303290415,0.13304721030042918,0.06437768240343347,0.19599427753934193,0.04148783977110158,0.004291845493562232,56.3,82.1,56.3,50.39999999999999,48.4,85
26211,2101,1344,0.043154761904761904,0.14285714285714285,0.09226190476190477,0.17708333333333334,0.044642857142857144,0.001488095238095238,61.89999999999999,68.0,55.9,65.7,56.8,77
26278,2101,710,0.028169014084507043,0.14084507042253522,0.1267605633802817,0.15774647887323945,0.02535211267605634,0.0028169014084507044,58.39999999999999,59.8,55.39999999999999,67.5,63.5,55
26398,2101,2,0.0,1.0,0.0,0.0,0.0,0.0,32.2,32.8,37.2,37.3,34.699999999999996,25
26400,2101,364,0.038461538461538464,0.14835164835164835,0.06593406593406594,0.17032967032967034,0.038461538461538464,0.0,64.9,55.4,37.5,57.8,56.1,20
26477,2101,1354,0.04283604135893648,0.13737075332348597,0.1137370753323486,0.1536189069423929,0.03545051698670606,0.0014771048744460858,55.3,68.2,42.3,85.19999999999999,76.2,13
26549,2101,358,0.0223463687150838,0.21787709497206703,0.01675977653631285,0.1787709497206704,0.0446927374301676,0.0,44.8,47.099999999999994,40.8,54.599999999999994,28.199999999999996,15
26597,2101,1016,0.02952755905511811,0.20866141732283464,0.06692913385826772,0.14763779527559054,0.02952755905511811,0.003937007874015748,50.199999999999996,42.8,55.5,53.0,45.099999999999994,87
26640,2101,872,0.03211009174311927,0.14908256880733944,0.08027522935779817,0.20642201834862386,0.0389908256880734,0.0022935779816513763,86.39999999999999,60.9,41.2,70.5,36.3,34
26827,2101,1026,0.03508771929824561,0.18323586744639375,0.07212475633528265,0.20077972709551656,0.05263157894736842,0.009746588693957114,64.69999999999999,42.3,71.69999999999999,46.8,41.7,81
26828,2101,722,0.04155124653739612,0.2409972299168975,0.05263157894736842,0.1745152354570637,0.036011080332409975,0.0,37.2,34.099999999999994,38.199999999999996,49.099999999999994,30.6,33
26908,2101,736,0.03260869565217391,0.1331521739130435,0.057065217391304345,0.17391304347826086,0.035326086956521736,0.0,37.8,78.6,55.9,60.0,48.0,71
26919,2101,468,0.03418803418803419,0.20512820512820512,0.04700854700854701,0.19658119658119658,0.042735042735042736,0.004273504273504274,45.89999999999999,49.0,64.19999999999999,43.099999999999994,27.2,99
27030,2101,962,0.035343035343035345,0.13721413721413722,0.10187110187110188,0.18087318087318088,0.062370062370062374,0.008316008316008316,60.69999999999999,77.6,65.39999999999999,61.39999999999999,58.39999999999999,78
27133,2101,470,0.03829787234042553,0.16170212765957448,0.10212765957446808,0.19148936170212766,0.03404255319148936,0.00851063829787234,60.2,47.89999999999999,52.39999999999999,51.699999999999996,61.199999999999996,68
27335,2101,1242,0.028985507246376812,0.178743961352657,0.06924315619967794,0.15619967793880837,0.024154589371980676,0.00644122383252818,50.39999999999999,41.3,47.099999999999994,65.6,35.8,64
27351,2101,1338,0.04633781763826607,0.15844544095665172,0.06576980568011959,0.16741405082212257,0.043348281016442454,0.0,48.3,73.5,46.699999999999996,80.2,56.5,22
27462,2101,1148,0.027874564459930314,0.1289198606271777,0.1132404181184669,0.18815331010452963,0.05400696864111498,0.003484320557491289,90.1,73.4,61.599999999999994,61.599999999999994,74.89999999999999,84
27494,2101,276,0.014492753623188406,0.1956521739130435,0.028985507246376812,0.16666666666666666,0.0,0.014492753623188406,52.7,40.699999999999996,58.2,39.4,33.199999999999996,88
27497,2101,492,0.032520325203252036,0.11788617886178862,0.12601626016260162,0.17479674796747968,0.02032520325203252,0.0040650406504065045,51.099999999999994,73.1,57.099999999999994,50.3,59.099999999999994,23
28549,2101,860,0.044186046511627906,0.22093023255813954,0.06976744186046512,0.17209302325581396,0.03953488372093023,0.004651162790697674,42.3,46.9,44.0,71.89999999999999,52.8,65
28751,2101,514,0.027237354085603113,0.14396887159533073,0.0622568093385214,0.17898832684824903,0.019455252918287938,0.007782101167315175,48.699999999999996,58.099999999999994,34.199999999999996,39.599999999999994,33.9,47
29898,2101,34,0.058823529411764705,0.058823529411764705,0.17647058823529413,0.11764705882352941,0.0,0.0,42.599999999999994,41.5,48.89999999999999,77.0,47.599999999999994,79
30048,2101,1392,0.04741379310344827,0.27155172413793105,0.09051724137931035,0.14942528735632185,0.040229885057471264,0.0014367816091954023,43.8,31.5,47.8,82.6,68.6,62
30183,2101,568,0.03169014084507042,0.17253521126760563,0.07394366197183098,0.14084507042253522,0.035211267605633804,0.007042253521126761,59.3,58.9,43.8,53.99999999999999,35.699999999999996,78
30398,2101,1406,0.034139402560455195,0.21052631578947367,0.08819345661450925,0.16073968705547653,0.034139402560455195,0.002844950213371266,74.6,48.7,41.0,56.6,44.39999999999999,63
30435,2101,606,0.036303630363036306,0.20132013201320131,0.0429042904290429,0.16501650165016502,0.0462046204620462,0.0033003300330033004,53.599999999999994,51.599999999999994,45.099999999999994,56.5,14.8,96
30475,2101,672,0.017857142857142856,0.23214285714285715,0.08035714285714286,0.12797619047619047,0.047619047619047616,0.005952380952380952,74.5,39.099999999999994,40.3,50.099999999999994,44.699999999999996,60
30499,2101,1046,0.017208413001912046,0.21414913957934992,0.0497131931166348,0.14531548757170173,0.019120458891013385,0.0057361376673040155,35.9,39.4,28.9,29.5,24.5,57
30515,2101,446,0.04484304932735426,0.18834080717488788,0.07623318385650224,0.13901345291479822,0.04035874439461883,0.004484304932735426,39.099999999999994,54.8,54.89999999999999,74.19999999999999,49.3,79
30565,2101,434,0.03686635944700461,0.2119815668202765,0.04608294930875576,0.15207373271889402,0.018433179723502304,0.0,37.599999999999994,37.8,42.9,37.5,33.3,93
30670,2101,578,0.03806228373702422,0.22491349480968859,0.06228373702422145,0.1522491349480969,0.031141868512110725,0.0034602076124567475,60.5,34.599999999999994,39.5,49.9,41.0,77
30772,2101,1264,0.04746835443037975,0.10284810126582279,0.07120253164556962,0.185126582278481,0.04113924050632911,0.0,45.3,91.79999999999998,35.8,63.49999999999999,42.39999999999999,32
30971,2101,1178,0.030560271646859084,0.21052631578947367,0.06281833616298811,0.18166383701188454,0.04074702886247878,0.001697792869269949,59.199999999999996,46.199999999999996,44.3,58.49999999999999,46.199999999999996,90
31194,2101,570,0.031578947368421054,0.18596491228070175,0.05964912280701754,0.17894736842105263,0.042105263157894736,0.0,57.599999999999994,47.099999999999994,54.3,52.3,37.0,58
31249,2101,1202,0.014975041597337771,0.12146422628951747,0.08319467554076539,0.16472545757071547,0.036605657237936774,0.008319467554076539,60.599999999999994,85.1,56.599999999999994,51.0,58.199999999999996,97
31306,2101,158,0.05063291139240506,0.08860759493670886,0.10126582278481013,0.16455696202531644,0.06329113924050633,0.0,61.199999999999996,80.5,35.8,36.599999999999994,83.3,1
31314,2101,1342,0.044709388971684055,0.14605067064083457,0.08345752608047691,0.14605067064083457,0.046199701937406856,0.0014903129657228018,48.39999999999999,65.19999999999999,60.3,76.8,43.8,74
31512,2101,654,0.03669724770642202,0.1559633027522936,0.07951070336391437,0.2018348623853211,0.03058103975535168,0.0030581039755351682,49.099999999999994,50.8,52.4,60.0,45.599999999999994,82
31533,2101,552,0.021739130434782608,0.2463768115942029,0.05434782608695652,0.13768115942028986,0.021739130434782608,0.0036231884057971015,48.4,40.89999999999999,78.19999999999999,44.8,42.5,94
31914,2101,1174,0.020442930153321975,0.17206132879045996,0.06984667802385008,0.14991482112436116,0.04770017035775128,0.0017035775127768314,44.699999999999996,48.7,65.4,43.9,38.9,63
32111,2101,942,0.07006369426751592,0.3205944798301486,0.055201698513800426,0.11677282377919321,0.03821656050955414,0.006369426751592357,46.4,16.299999999999997,85.8,84.49999999999999,43.9,94
32183,2101,1030,0.02330097087378641,0.2058252427184466,0.05048543689320388,0.16893203883495145,0.04271844660194175,0.0,36.199999999999996,45.2,34.5,48.0,34.699999999999996,76
32307,2101,1260,0.03015873015873016,0.18095238095238095,0.06984126984126984,0.16507936507936508,0.03968253968253968,0.0,61.3,41.3,70.6,63.199999999999996,45.2,79
32334,2101,216,0.046296296296296294,0.10185185185185185,0.046296296296296294,0.16666666666666666,0.05555555555555555,0.0,51.39999999999999,81.6,62.7,61.699999999999996,18.5,76
32364,2101,304,0.019736842105263157,0.14473684210526316,0.039473684210526314,0.19078947368421054,0.02631578947368421,0.0,43.5,58.69999999999999,27.9,40.699999999999996,32.9,23
32368,2101,1014,0.015779092702169626,0.14792899408284024,0.08284023668639054,0.17751479289940827,0.05128205128205128,0.0019723865877712033,60.099999999999994,49.199999999999996,49.3,42.0,75.5,43
32405,2101,1314,0.0319634703196347,0.1689497716894977,0.0943683409436834,0.1750380517503805,0.0410958904109589,0.0045662100456621,59.099999999999994,64.8,52.3,62.099999999999994,52.3,89
32486,2101,428,0.014018691588785047,0.18691588785046728,0.0514018691588785,0.14018691588785046,0.03271028037383177,0.014018691588785047,65.0,47.0,29.5,36.8,22.599999999999998,89
32534,2101,214,0.009345794392523364,0.18691588785046728,0.08411214953271028,0.16822429906542055,0.06542056074766354,0.009345794392523364,42.1,52.89999999999999,51.599999999999994,50.599999999999994,56.599999999999994,79
32580,2101,918,0.032679738562091505,0.09586056644880174,0.07625272331154684,0.2047930283224401,0.02832244008714597,0.004357298474945534,45.3,82.19999999999999,40.9,56.099999999999994,50.599999999999994,86
32635,2101,464,0.01293103448275862,0.15517241379310345,0.05603448275862069,0.1939655172413793,0.0603448275862069,0.004310344827586207,83.0,57.099999999999994,48.8,18.7,26.999999999999996,95
32880,2101,854,0.02576112412177986,0.1522248243559719,0.06323185011709602,0.17798594847775176,0.03044496487119438,0.0,46.0,63.3,47.3,41.099999999999994,37.0,76
32956,2101,1144,0.026223776223776224,0.18706293706293706,0.055944055944055944,0.20279720279720279,0.04895104895104895,0.0034965034965034965,61.9,53.8,46.0,46.9,37.5,70
32971,2101,478,0.04184100418410042,0.20502092050209206,0.1087866108786611,0.15481171548117154,0.03765690376569038,0.0041841004184100415,46.0,45.0,46.0,54.2,53.5,86
33066,2101,1062,0.04896421845574388,0.1958568738229755,0.0583804143126177,0.15819209039548024,0.04331450094161959,0.009416195856873822,52.3,47.8,91.6,61.39999999999999,36.9,101
33122,2101,292,0.06164383561643835,0.18493150684931506,0.0684931506849315,0.1506849315068493,0.03424657534246575,0.0,49.699999999999996,49.99999999999999,40.9,63.3,36.0,42
33134,2101,396,0.03535353535353535,0.20202020202020202,0.08585858585858586,0.13131313131313133,0.030303030303030304,0.0,36.099999999999994,41.3,35.1,47.39999999999999,37.199999999999996,21
33236,2101,1276,0.02037617554858934,0.22727272727272727,0.05956112852664577,0.16927899686520376,0.034482758620689655,0.006269592476489028,47.39999999999999,40.3,65.3,62.2,39.3,97
33319,2101,784,0.05102040816326531,0.11734693877551021,0.11224489795918367,0.1913265306122449,0.04336734693877551,0.0,72.69999999999999,75.6,55.5,56.6,54.5,82
33338,2101,326,0.012269938650306749,0.1901840490797546,0.05521472392638037,0.1656441717791411,0.024539877300613498,0.006134969325153374,37.599999999999994,37.9,42.9,49.8,47.8,60
33349,2101,422,0.004739336492890996,0.24170616113744076,0.02843601895734597,0.13744075829383887,0.018957345971563982,0.0,38.5,35.5,26.9,23.799999999999997,19.5,61
33377,2101,1204,0.04318936877076412,0.17109634551495018,0.09302325581395349,0.15282392026578073,0.03322259136212625,0.0,41.9,43.4,43.89999999999999,68.19999999999999,62.8,16
33382,2101,70,0.05714285714285714,0.2,0.08571428571428572,0.17142857142857143,0.02857142857142857,0.0,48.3,40.699999999999996,40.199999999999996,59.099999999999994,40.9,57
33421,2101,1244,0.01929260450160772,0.1607717041800643,0.08038585209003216,0.19614147909967847,0.03858520900321544,0.008038585209003215,41.9,64.2,52.099999999999994,36.5,36.9,59
33539,2101,1126,0.0497335701598579,0.15097690941385436,0.10124333925399645,0.1705150976909414,0.021314387211367674,0.003552397868561279,53.199999999999996,57.3,49.099999999999994,61.39999999999999,50.5,91
33703,2101,1244,0.04501607717041801,0.17684887459807075,0.08520900321543408,0.17363344051446947,0.04019292604501608,0.003215434083601286,37.8,47.8,55.8,56.5,44.9,80
33722,2101,1006,0.03180914512922465,0.15904572564612326,0.061630218687872766,0.20278330019880716,0.03777335984095427,0.003976143141153081,77.5,77.6,51.599999999999994,64.39999999999999,53.199999999999996,68
33738,2101,754,0.042440318302387266,0.14854111405835543,0.07161803713527852,0.15384615384615385,0.03978779840848806,0.0,49.7,63.4,46.4,67.1,40.8,44
33756,2101,1230,0.03414634146341464,0.17560975609756097,0.06341463414634146,0.14959349593495935,0.055284552845528454,0.0016260162601626016,52.099999999999994,56.8,49.8,53.5,42.7,64
33802,2101,1290,0.03255813953488372,0.20775193798449612,0.05891472868217054,0.19844961240310077,0.02945736434108527,0.0031007751937984496,73.89999999999999,41.6,48.3,45.89999999999999,36.0,74
33877,2101,520,0.03461538461538462,0.11153846153846154,0.08846153846153847,0.19615384615384615,0.038461538461538464,0.0,60.599999999999994,84.39999999999999,37.199999999999996,48.3,44.199999999999996,28
33880,2101,66,0.0,0.12121212121212122,0.0,0.12121212121212122,0.0,0.0,38.8,51.599999999999994,49.3,51.89999999999999,33.199999999999996,48
34014,2101,1114,0.03052064631956912,0.12028725314183124,0.0466786355475763,0.19569120287253142,0.03052064631956912,0.0,46.89999999999999,69.6,43.599999999999994,44.8,37.2,78
34150,2101,1214,0.032948929159802305,0.13179571663920922,0.07907742998352553,0.17627677100494235,0.042833607907743,0.0,36.8,70.89999999999999,43.89999999999999,54.3,42.9,60
34151,2101,450,0.013333333333333334,0.15555555555555556,0.057777777777777775,0.19555555555555557,0.02666666666666667,0.0,42.8,46.099999999999994,33.9,41.199999999999996,40.8,35
34211,2101,1102,0.04900181488203267,0.17422867513611615,0.06352087114337568,0.2014519056261343,0.032667876588021776,0.0,45.599999999999994,49.199999999999996,34.3,82.4,24.599999999999998,96
34444,2101,342,0.04093567251461988,0.28654970760233917,0.07602339181286549,0.1111111111111111,0.04678362573099415,0.0,72.5,11.6,49.9,54.7,44.199999999999996,29
34466,2101,1382,0.04341534008683068,0.1548480463096961,0.14182344428364688,0.14616497829232997,0.030390738060781478,0.002894356005788712,58.0,57.599999999999994,58.3,89.19999999999999,90.19999999999999,38
34623,2101,1196,0.046822742474916385,0.21906354515050167,0.07357859531772576,0.18227424749163879,0.05518394648829431,0.0033444816053511705,67.8,46.3,55.89999999999999,84.8,53.3,36
34641,2101,1266,0.017377567140600316,0.23064770932069512,0.04107424960505529,0.18325434439178515,0.02843601895734597,0.00631911532385466,59.8,40.8,47.199999999999996,38.8,31.9,89
34682,2101,1160,0.027586206896551724,0.14482758620689656,0.06724137931034482,0.2120689655172414,0.027586206896551724,0.0,48.89999999999999,75.3,38.599999999999994,39.199999999999996,40.6,83
34690,2101,1156,0.025951557093425604,0.10380622837370242,0.05190311418685121,0.19550173010380623,0.05190311418685121,0.012110726643598616,48.599999999999994,73.8,52.4,49.099999999999994,29.499999999999996,81
34708,2101,248,0.024193548387096774,0.18548387096774194,0.0967741935483871,0.12096774193548387,0.04838709677419355,0.0,47.99999999999999,44.699999999999996,50.0,30.0,47.39999999999999,17
34752,2101,1382,0.01447178002894356,0.17510853835021709,0.05788712011577424,0.20694645441389292,0.02894356005788712,0.004341534008683068,43.3,52.599999999999994,47.99999999999999,47.599999999999994,37.3,77
34819,2101,1386,0.049062049062049064,0.19913419913419914,0.1111111111111111,0.15295815295815296,0.03318903318903319,0.002886002886002886,43.4,40.5,50.5,76.5,70.5,69
34848,2101,182,0.054945054945054944,0.10989010989010989,0.14285714285714285,0.18681318681318682,0.07692307692307693,0.01098901098901099,47.9,57.3,49.599999999999994,95.89999999999999,70.5,9
34881,2101,1438,0.04172461752433936,0.1905424200278164,0.09874826147426982,0.16968011126564672,0.037552155771905425,0.004172461752433936,53.099999999999994,48.89999999999999,51.099999999999994,74.0,64.69999999999999,89
34928,2101,1042,0.026871401151631478,0.21880998080614203,0.07293666026871401,0.18618042226487524,0.036468330134357005,0.0019193857965451055,40.599999999999994,41.8,40.599999999999994,41.099999999999994,35.5,50
35315,2101,1070,0.024299065420560748,0.19065420560747665,0.08411214953271028,0.20186915887850468,0.041121495327102804,0.007476635514018692,58.89999999999999,51.199999999999996,48.3,48.599999999999994,49.3,55
35727,2101,1372,0.004373177842565598,0.10787172011661808,0.04956268221574344,0.2099125364431487,0.043731778425655975,0.0029154518950437317,63.8,94.69999999999999,50.099999999999994,35.4,26.799999999999997,72
35828,2101,868,0.009216589861751152,0.12442396313364056,0.08525345622119816,0.1889400921658986,0.04377880184331797,0.002304147465437788,49.3,70.6,60.199999999999996,48.599999999999994,41.099999999999994,79
35852,2101,1010,0.015841584158415842,0.16831683168316833,0.05148514851485148,0.1801980198019802,0.039603960396039604,0.007920792079207921,48.199999999999996,50.0,54.8,39.8,38.8,77
35904,2101,1246,0.04654895666131621,0.19903691813804172,0.09951845906902086,0.15890850722311398,0.03210272873194221,0.004815409309791332,51.89999999999999,54.89999999999999,51.2,52.5,56.5,54
35907,2101,96,0.0,0.20833333333333334,0.020833333333333332,0.125,0.0625,0.0,46.099999999999994,37.4,45.8,35.4,33.9,65
36207,2101,932,0.030042918454935622,0.22103004291845493,0.055793991416309016,0.19098712446351931,0.02145922746781116,0.0,47.3,37.3,37.3,64.6,43.599999999999994,5
36424,2101,108,0.037037037037037035,0.12962962962962962,0.09259259259259259,0.16666666666666666,0.07407407407407407,0.0,47.3,68.6,65.8,34.3,57.5,79
36431,2101,530,0.007547169811320755,0.15849056603773584,0.033962264150943396,0.1660377358490566,0.026415094339622643,0.0,43.0,50.0,35.3,43.599999999999994,36.3,9
36525,2101,954,0.014675052410901468,0.14675052410901468,0.0859538784067086,0.16352201257861634,0.041928721174004195,0.0041928721174004195,46.49999999999999,65.6,39.2,53.4,44.599999999999994,66
36566,2101,532,0.022556390977443608,0.16917293233082706,0.07142857142857142,0.16541353383458646,0.03383458646616541,0.007518796992481203,37.699999999999996,53.8,46.8,48.8,53.89999999999999,72
36569,2101,172,0.011627906976744186,0.19767441860465115,0.08139534883720931,0.18604651162790697,0.023255813953488372,0.0,53.8,62.5,49.199999999999996,40.5,48.5,72
36579,2101,1290,0.034108527131782945,0.15968992248062017,0.08217054263565891,0.17984496124031008,0.034108527131782945,0.013953488372093023,50.8,54.49999999999999,59.0,44.199999999999996,49.9,89
36588,2101,1172,0.052901023890784986,0.2627986348122867,0.08361774744027303,0.13310580204778158,0.03583617747440273,0.005119453924914676,69.8,27.699999999999996,39.8,84.3,40.8,35
36614,2101,588,0.02040816326530612,0.1564625850340136,0.06462585034013606,0.23129251700680273,0.047619047619047616,0.0,81.3,67.3,35.0,39.0,48.3,55
36735,2101,134,0.05970149253731343,0.19402985074626866,0.029850746268656716,0.07462686567164178,0.0,0.0,36.3,37.0,46.3,44.3,37.0,95
36796,2101,984,0.026422764227642278,0.21951219512195122,0.07926829268292683,0.18089430894308944,0.042682926829268296,0.0020325203252032522,48.599999999999994,58.89999999999999,50.5,48.5,56.8,93
36824,2101,1236,0.05501618122977346,0.3042071197411003,0.10355987055016182,0.10841423948220065,0.019417475728155338,0.0,58.89999999999999,14.0,36.3,79.19999999999999,65.39999999999999,31
36879,2101,1310,0.035114503816793895,0.1969465648854962,0.06259541984732825,0.18473282442748093,0.03816793893129771,0.007633587786259542,39.0,49.0,69.7,52.0,34.0,107
36902,2101,910,0.046153846153846156,0.14505494505494507,0.07692307692307693,0.1934065934065934,0.04395604395604396,0.006593406593406593,50.3,64.3,63.3,59.3,63.3,99
37029,2101,318,0.03773584905660377,0.12578616352201258,0.03773584905660377,0.18238993710691823,0.050314465408805034,0.0,55.0,72.0,50.0,50.0,43.0,70
37068,2101,968,0.03305785123966942,0.1756198347107438,0.08471074380165289,0.15289256198347106,0.045454545454545456,0.004132231404958678,44.099999999999994,44.099999999999994,64.8,52.0,40.199999999999996,80
37135,2101,1370,0.040875912408759124,0.16934306569343066,0.072992700729927,0.14452554744525548,0.0364963503649635,0.0072992700729927005,54.0,68.0,48.3,60.3,50.3,80
37140,2101,1020,0.025490196078431372,0.1588235294117647,0.07254901960784314,0.19215686274509805,0.023529411764705882,0.0,50.0,47.3,22.999999999999996,33.3,42.3,19
37147,2101,820,0.024390243902439025,0.17804878048780487,0.06585365853658537,0.2097560975609756,0.03414634146341464,0.0,45.3,56.3,47.3,54.599999999999994,55.599999999999994,73
37333,2101,6,0.0,0.3333333333333333,0.0,0.3333333333333333,0.0,0.0,49.3,49.3,43.0,49.599999999999994,43.3,61
37342,2101,528,0.01893939393939394,0.19318181818181818,0.04924242424242424,0.1856060606060606,0.03409090909090909,0.003787878787878788,43.3,51.599999999999994,32.3,38.9,31.6,72
37609,2101,6,0.0,0.6666666666666666,0.0,0.3333333333333333,0.0,0.0,18.3,25.3,15.3,1.0,22.599999999999998,16
37749,2101,596,0.026845637583892617,0.16778523489932887,0.07718120805369127,0.18120805369127516,0.02348993288590604,0.0,62.199999999999996,58.2,39.199999999999996,28.9,55.099999999999994,58
37811,2101,462,0.03896103896103896,0.21645021645021645,0.09523809523809523,0.15151515151515152,0.04329004329004329,0.017316017316017316,50.6,21.599999999999998,98.89999999999999,71.2,56.099999999999994,91
37883,2101,364,0.03296703296703297,0.17582417582417584,0.13186813186813187,0.15934065934065933,0.04395604395604396,0.0,46.599999999999994,37.3,34.599999999999994,55.8,49.49999999999999,52
38167,2101,1246,0.04012841091492777,0.2375601926163724,0.08186195826645265,0.1492776886035313,0.03210272873194221,0.0,52.9,31.299999999999997,45.199999999999996,72.4,45.199999999999996,60
38170,2101,1096,0.016423357664233577,0.10036496350364964,0.07116788321167883,0.21532846715328466,0.04744525547445255,0.0,58.89999999999999,89.19999999999999,49.49999999999999,37.9,45.89999999999999,79
38538,2101,1112,0.030575539568345324,0.16007194244604317,0.08812949640287769,0.16546762589928057,0.02697841726618705,0.0,50.0,65.0,43.3,65.3,52.3,14
38542,2101,644,0.027950310559006212,0.15217391304347827,0.049689440993788817,0.18322981366459629,0.034161490683229816,0.003105590062111801,52.3,55.3,37.0,48.89999999999999,45.599999999999994,30
38610,2101,1288,0.03881987577639751,0.15217391304347827,0.06832298136645963,0.15372670807453417,0.040372670807453416,0.003105590062111801,44.699999999999996,65.39999999999999,40.4,72.19999999999999,46.4,40
38663,2101,712,0.03089887640449438,0.14887640449438203,0.06460674157303371,0.20224719101123595,0.025280898876404494,0.0028089887640449437,81.8,62.8,25.4,57.6,42.099999999999994,42
38828,2101,328,0.024390243902439025,0.21341463414634146,0.04878048780487805,0.15853658536585366,0.018292682926829267,0.0,43.0,39.3,29.299999999999997,38.3,17.299999999999997,30
38865,2101,1002,0.06986027944111776,0.19161676646706588,0.11177644710578842,0.1277445109780439,0.03992015968063872,0.0,38.4,44.099999999999994,43.89999999999999,88.5,96.19999999999999,8
38869,2101,72,0.027777777777777776,0.2777777777777778,0.027777777777777776,0.16666666666666666,0.0,0.0,40.0,41.3,67.9,62.9,30.0,85
38876,2101,108,0.0,0.25925925925925924,0.05555555555555555,0.14814814814814814,0.018518518518518517,0.0,52.199999999999996,49.9,45.199999999999996,47.199999999999996,67.4,75
38979,2101,930,0.02795698924731183,0.13978494623655913,0.0989247311827957,0.1913978494623656,0.04516129032258064,0.002150537634408602,60.599999999999994,61.599999999999994,36.3,51.2,53.2,42
39058,2101,1248,0.052884615384615384,0.19391025641025642,0.10096153846153846,0.15384615384615385,0.038461538461538464,0.008012820512820512,62.9,50.6,49.199999999999996,60.8,52.8,89
39100,2101,1250,0.0224,0.1568,0.1216,0.1712,0.0528,0.0,51.199999999999996,48.5,51.7,46.3,76.6,29
39162,2101,390,0.0,0.13333333333333333,0.06153846153846154,0.24102564102564103,0.06666666666666667,0.005128205128205128,64.9,92.8,54.99999999999999,1.0,48.599999999999994,89
39230,2101,1216,0.044407894736842105,0.17927631578947367,0.06743421052631579,0.20723684210526316,0.024671052631578948,0.008223684210526315,67.6,56.599999999999994,53.89999999999999,72.5,43.599999999999994,91
39405,2101,506,0.015810276679841896,0.17786561264822134,0.039525691699604744,0.22134387351778656,0.03162055335968379,0.003952569169960474,65.3,50.0,45.599999999999994,45.3,33.3,72
39416,2101,136,0.014705882352941176,0.14705882352941177,0.11764705882352941,0.22058823529411764,0.014705882352941176,0.0,66.89999999999999,59.599999999999994,48.599999999999994,37.599999999999994,84.6,54
39539,2101,1096,0.040145985401459854,0.21350364963503649,0.10766423357664233,0.12408759124087591,0.03102189781021898,0.0,51.9,41.8,45.3,49.0,67.89999999999999,99
39587,2101,1298,0.029275808936825885,0.15716486902927582,0.0662557781201849,0.21879815100154082,0.04314329738058552,0.004622496147919877,83.6,63.89999999999999,47.9,54.49999999999999,37.599999999999994,81
39596,2101,1172,0.034129692832764506,0.1621160409556314,0.05802047781569966,0.18771331058020477,0.040955631399317405,0.005119453924914676,56.599999999999994,61.3,43.599999999999994,43.599999999999994,34.3,77
39691,2101,1344,0.06845238095238096,0.16220238095238096,0.07589285714285714,0.19345238095238096,0.04017857142857143,0.001488095238095238,78.19999999999999,57.699999999999996,61.8,56.699999999999996,36.599999999999994,37
39772,2101,648,0.037037037037037035,0.1697530864197531,0.07098765432098765,0.1728395061728395,0.027777777777777776,0.0030864197530864196,39.599999999999994,63.89999999999999,49.199999999999996,62.8,74.4,61
39905,2101,1244,0.04019292604501608,0.1414790996784566,0.10289389067524116,0.1832797427652733,0.03054662379421222,0.006430868167202572,60.8,56.8,29.1,77.6,59.199999999999996,2
39940,2101,984,0.018292682926829267,0.13617886178861788,0.042682926829268296,0.17682926829268292,0.05894308943089431,0.0040650406504065045,35.3,85.3,38.599999999999994,37.3,29.299999999999997,79
39957,2101,1082,0.025878003696857672,0.19038817005545286,0.066543438077634,0.1645101663585952,0.04621072088724584,0.0036968576709796672,46.599999999999994,47.3,49.49999999999999,34.599999999999994,39.9,45
39974,2101,1390,0.04316546762589928,0.17553956834532375,0.08201438848920864,0.18705035971223022,0.03741007194244604,0.004316546762589928,50.0,73.0,45.0,70.0,39.0,76
39979,2101,1298,0.023112480739599383,0.13713405238828968,0.0662557781201849,0.17103235747303544,0.053929121725731895,0.0,43.3,67.3,42.0,54.599999999999994,38.3,15
40120,2101,662,0.021148036253776436,0.18429003021148035,0.03927492447129909,0.19939577039274925,0.030211480362537766,0.0,44.3,66.3,32.0,29.299999999999997,36.0,11
40134,2101,948,0.027426160337552744,0.12236286919831224,0.07383966244725738,0.20253164556962025,0.046413502109704644,0.002109704641350211,57.099999999999994,88.0,58.099999999999994,57.5,39.4,48
40138,2101,646,0.030959752321981424,0.18575851393188855,0.07430340557275542,0.14551083591331268,0.043343653250773995,0.0,32.699999999999996,38.4,52.6,48.89999999999999,56.0,36
40180,2101,1340,0.03283582089552239,0.16567164179104477,0.09104477611940298,0.1582089552238806,0.04477611940298507,0.0029850746268656717,60.9,50.9,73.1,62.099999999999994,62.099999999999994,82
40306,2101,296,0.02027027027027027,0.14864864864864866,0.08108108108108109,0.16891891891891891,0.02702702702702703,0.006756756756756757,50.0,52.99999999999999,37.0,51.3,36.0,47
40311,2101,812,0.03694581280788178,0.2019704433497537,0.0812807881773399,0.1354679802955665,0.05172413793103448,0.0024630541871921183,36.3,42.3,68.1,48.89999999999999,52.5,72
40411,2101,1398,0.04005722460658083,0.17739628040057226,0.09585121602288985,0.14449213161659513,0.031473533619456366,0.00715307582260372,60.9,51.89999999999999,75.5,88.39999999999999,54.49999999999999,75
40419,2101,1220,0.018032786885245903,0.19508196721311474,0.04918032786885246,0.1918032786885246,0.022950819672131147,0.003278688524590164,47.8,44.099999999999994,39.5,38.5,35.1,88
40465,2101,1076,0.027881040892193308,0.1821561338289963,0.09107806691449814,0.17843866171003717,0.06319702602230483,0.0037174721189591076,68.8,56.099999999999994,52.199999999999996,43.8,39.1,77
40646,2101,1404,0.01566951566951567,0.10541310541310542,0.09829059829059829,0.18518518518518517,0.03133903133903134,0.004273504273504274,54.89999999999999,84.19999999999999,35.3,37.599999999999994,81.39999999999999,66
40686,2101,718,0.04456824512534819,0.1309192200557103,0.08635097493036212,0.18384401114206128,0.05013927576601671,0.005571030640668524,54.8,69.89999999999999,58.8,70.9,35.3,54
40771,2101,870,0.041379310344827586,0.11264367816091954,0.05057471264367816,0.20229885057471264,0.05057471264367816,0.009195402298850575,59.099999999999994,69.6,57.4,48.7,26.5,76
40812,2101,664,0.02108433734939759,0.1746987951807229,0.08132530120481928,0.1746987951807229,0.04216867469879518,0.0,55.5,47.3,39.599999999999994,48.0,36.199999999999996,75
40871,2101,1150,0.020869565217391306,0.17565217391304347,0.0782608695652174,0.18956521739130436,0.02608695652173913,0.0052173913043478265,39.8,45.5,42.8,46.5,62.2,32
40908,2101,1254,0.023923444976076555,0.15789473684210525,0.05901116427432217,0.19457735247208932,0.03827751196172249,0.004784688995215311,70.6,61.199999999999996,49.7,53.0,43.8,83
41194,2101,8,0.0,0.25,0.0,0.25,0.0,0.0,40.9,49.9,34.1,3.8,73.19999999999999,22
41225,2101,1094,0.03290676416819013,0.170018281535649,0.06398537477148081,0.16453382084095064,0.04936014625228519,0.0018281535648994515,53.099999999999994,48.0,61.8,60.199999999999996,39.9,87
41607,2101,726,0.013774104683195593,0.18457300275482094,0.07713498622589532,0.16804407713498623,0.046831955922865015,0.0027548209366391185,48.099999999999994,50.2,40.3,38.699999999999996,36.8,69
42199,2101,268,0.007462686567164179,0.1791044776119403,0.1417910447761194,0.16417910447761194,0.029850746268656716,0.0,53.89999999999999,54.89999999999999,73.1,58.8,74.8,66
42226,2101,1276,0.03134796238244514,0.1614420062695925,0.06583072100313479,0.22727272727272727,0.03134796238244514,0.003134796238244514,39.4,56.199999999999996,32.4,51.599999999999994,37.099999999999994,56
42267,2101,962,0.018711018711018712,0.21621621621621623,0.062370062370062374,0.18295218295218296,0.060291060291060294,0.002079002079002079,58.599999999999994,42.3,46.599999999999994,42.599999999999994,39.9,34
42281,2101,936,0.027777777777777776,0.1858974358974359,0.07692307692307693,0.1752136752136752,0.038461538461538464,0.004273504273504274,54.3,55.3,51.599999999999994,46.599999999999994,44.599999999999994,74
42377,2101,336,0.02976190476190476,0.18452380952380953,0.06547619047619048,0.13095238095238096,0.05357142857142857,0.005952380952380952,42.3,48.3,35.0,48.3,42.3,83
42565,2101,914,0.030634573304157548,0.18818380743982493,0.030634573304157548,0.17286652078774617,0.0175054704595186,0.002188183807439825,42.4,58.8,38.8,41.8,29.1,57
42626,2101,1090,0.03486238532110092,0.1798165137614679,0.04954128440366973,0.22568807339449543,0.05504587155963303,0.0,79.9,53.5,48.2,59.0,41.5,27
42688,2101,1370,0.004379562043795621,0.08613138686131387,0.061313868613138686,0.2072992700729927,0.04671532846715328,0.010218978102189781,76.8,103.39999999999999,61.8,9.4,37.5,105
42743,2101,334,0.005988023952095809,0.20359281437125748,0.029940119760479042,0.23353293413173654,0.03592814371257485,0.0,47.0,47.0,25.0,29.299999999999997,34.0,2
42752,2101,900,0.024444444444444446,0.20666666666666667,0.10888888888888888,0.14444444444444443,0.035555555555555556,0.0044444444444444444,58.3,48.3,52.9,55.9,47.3,82
42755,2101,1332,0.057057057057057055,0.14864864864864866,0.06456456456456457,0.14264264264264265,0.05105105105105105,0.0015015015015015015,42.599999999999994,73.2,47.199999999999996,69.4,44.199999999999996,2
42767,2101,230,0.008695652173913044,0.19130434782608696,0.09565217391304348,0.1826086956521739,0.017391304347826087,0.0,36.0,39.0,28.999999999999996,47.99999999999999,44.0,19
42818,2101,460,0.013043478260869565,0.23043478260869565,0.09130434782608696,0.14782608695652175,0.030434782608695653,0.0,43.3,44.3,44.3,32.0,43.3,88
42856,2101,1312,0.006097560975609756,0.1402439024390244,0.07621951219512195,0.21341463414634146,0.039634146341463415,0.013719512195121951,85.0,77.5,45.3,15.799999999999999,55.099999999999994,50
42881,2101,1050,0.02095238095238095,0.18476190476190477,0.08,0.1580952380952381,0.04,0.0019047619047619048,40.3,42.599999999999994,41.9,39.9,37.599999999999994,36
43217,2101,1308,0.024464831804281346,0.14678899082568808,0.08103975535168195,0.20489296636085627,0.04128440366972477,0.0045871559633027525,48.5,57.9,70.6,49.0,58.49999999999999,88
43263,2101,1140,0.01929824561403509,0.156140350877193,0.05263157894736842,0.17017543859649123,0.03859649122807018,0.0035087719298245615,46.699999999999996,78.1,38.4,48.4,34.7,28
43279,2101,406,0.0,0.21674876847290642,0.07389162561576355,0.1625615763546798,0.009852216748768473,0.0,36.3,38.3,36.0,31.299999999999997,45.0,77
43385,2101,1080,0.025925925925925925,0.1388888888888889,0.06666666666666667,0.18703703703703703,0.040740740740740744,0.001851851851851852,52.8,61.49999999999999,66.0,40.8,54.599999999999994,62
43502,2101,932,0.030042918454935622,0.07939914163090128,0.06652360515021459,0.18240343347639484,0.030042918454935622,0.008583690987124463,48.49999999999999,78.1,58.7,53.49999999999999,37.6,77
43700,2101,76,0.0,0.05263157894736842,0.05263157894736842,0.15789473684210525,0.13157894736842105,0.0,43.8,51.39999999999999,42.8,67.2,43.9,96
43802,2101,1150,0.029565217391304348,0.15478260869565216,0.06956521739130435,0.1582608695652174,0.04695652173913043,0.0017391304347826088,53.8,58.099999999999994,36.4,55.199999999999996,35.4,36
44046,2101,466,0.02575107296137339,0.19313304721030042,0.11587982832618025,0.13733905579399142,0.030042918454935622,0.0,37.599999999999994,40.9,50.3,48.599999999999994,80.6,65
44129,2101,1286,0.03576982892690513,0.09953343701399689,0.06842923794712286,0.18973561430793157,0.03265940902021773,0.004665629860031105,63.2,89.39999999999999,53.8,39.8,41.5,97
44144,2101,958,0.018789144050104383,0.17536534446764093,0.06680584551148225,0.19624217118997914,0.033402922755741124,0.0,41.099999999999994,49.599999999999994,47.699999999999996,39.9,49.3,18
44157,2101,906,0.039735099337748346,0.1456953642384106,0.1390728476821192,0.18101545253863136,0.037527593818984545,0.002207505518763797,55.599999999999994,49.39999999999999,42.0,66.8,93.89999999999999,59
44273,2101,134,0.05970149253731343,0.31343283582089554,0.08955223880597014,0.19402985074626866,0.0,0.0,29.199999999999996,37.8,34.099999999999994,78.3,59.099999999999994,63
44319,2101,906,0.004415011037527594,0.1368653421633554,0.052980132450331126,0.18543046357615894,0.04415011037527594,0.0,71.2,74.5,34.9,8.2,32.8,39
44412,2101,408,0.029411764705882353,0.2107843137254902,0.0392156862745098,0.19117647058823528,0.029411764705882353,0.0,45.099999999999994,45.0,45.4,58.099999999999994,38.8,33
44414,2101,1276,0.045454545454545456,0.22570532915360503,0.08307210031347963,0.1724137931034483,0.029780564263322883,0.0,78.5,32.199999999999996,57.3,87.89999999999999,59.699999999999996,20
44459,2101,1320,0.030303030303030304,0.1803030303030303,0.07575757575757576,0.16818181818181818,0.04242424242424243,0.006060606060606061,41.5,45.5,62.3,59.9,58.199999999999996,64
44473,2101,534,0.0149812734082397,0.1797752808988764,0.056179775280898875,0.19101123595505617,0.033707865168539325,0.003745318352059925,38.8,40.8,42.599999999999994,32.5,37.4,87
44539,2101,768,0.018229166666666668,0.1953125,0.0859375,0.18229166666666666,0.03125,0.0026041666666666665,49.199999999999996,40.199999999999996,44.699999999999996,58.5,50.199999999999996,69
44857,2101,74,0.0,0.13513513513513514,0.05405405405405406,0.10810810810810811,0.02702702702702703,0.0,37.599999999999994,69.6,46.599999999999994,42.9,53.5,31
44869,2101,1368,0.03216374269005848,0.17690058479532164,0.10380116959064327,0.15789473684210525,0.03070175438596491,0.007309941520467836,48.89999999999999,47.599999999999994,48.199999999999996,55.0,78.69999999999999,72
44889,2101,584,0.02054794520547945,0.18493150684931506,0.05821917808219178,0.17123287671232876,0.0410958904109589,0.0,37.199999999999996,59.6,35.0,28.099999999999998,41.8,42
45058,2101,100,0.0,0.24,0.06,0.22,0.04,0.0,53.3,38.8,45.4,4.499999999999999,34.2,81
45113,2101,1340,0.023880597014925373,0.13582089552238805,0.07313432835820896,0.2,0.06119402985074627,0.0029850746268656717,94.39999999999999,79.3,83.6,49.6,39.0,69
45676,2101,358,0.027932960893854747,0.20670391061452514,0.1005586592178771,0.19553072625698323,0.0335195530726257,0.0,28.599999999999998,32.599999999999994,38.8,28.199999999999996,66.8,3
45901,2101,536,0.03731343283582089,0.17164179104477612,0.09328358208955224,0.15298507462686567,0.04477611940298507,0.0037313432835820895,52.8,60.8,48.5,53.89999999999999,64.6,70
45957,2101,808,0.05693069306930693,0.15346534653465346,0.11386138613861387,0.13861386138613863,0.04950495049504951,0.0,53.2,62.9,56.099999999999994,82.7,56.099999999999994,18
46121,2101,562,0.021352313167259787,0.16725978647686832,0.07829181494661921,0.15658362989323843,0.05338078291814947,0.0035587188612099642,50.99999999999999,62.5,59.599999999999994,54.599999999999994,56.3,30
46430,2101,284,0.028169014084507043,0.11971830985915492,0.07746478873239436,0.1619718309859155,0.04929577464788732,0.007042253521126761,41.6,59.19999999999999,37.599999999999994,33.599999999999994,50.39999999999999,3
46484,2101,460,0.021739130434782608,0.27391304347826084,0.11739130434782609,0.14782608695652175,0.013043478260869565,0.0,49.599999999999994,25.9,54.99999999999999,69.5,37.8,90
46814,2101,932,0.03648068669527897,0.11587982832618025,0.07510729613733906,0.2017167381974249,0.030042918454935622,0.008583690987124463,69.89999999999999,73.39999999999999,48.89999999999999,50.8,33.3,80
46853,2101,1332,0.052552552552552555,0.1966966966966967,0.10510510510510511,0.15165165165165165,0.02702702702702703,0.0015015015015015015,32.099999999999994,46.599999999999994,38.0,86.19999999999999,87.5,75
47056,2101,620,0.03870967741935484,0.17419354838709677,0.04838709677419355,0.12903225806451613,0.03225806451612903,0.0032258064516129032,40.8,46.099999999999994,43.8,54.89999999999999,38.0,7
47558,2101,1180,0.030508474576271188,0.13559322033898305,0.07457627118644068,0.20677966101694914,0.04406779661016949,0.001694915254237288,67.39999999999999,66.1,49.099999999999994,35.699999999999996,41.599999999999994,37
47609,2101,1410,0.04113475177304964,0.2099290780141844,0.07092198581560284,0.14184397163120568,0.04113475177304964,0.0,36.0,52.3,49.599999999999994,76.89999999999999,50.3,69
47759,2101,854,0.03044496487119438,0.21311475409836064,0.09601873536299765,0.1873536299765808,0.04918032786885246,0.00702576112412178,60.0,45.99999999999999,54.0,58.3,61.0,63
47791,2101,648,0.05555555555555555,0.30864197530864196,0.09259259259259259,0.10493827160493827,0.037037037037037035,0.009259259259259259,45.4,22.4,89.69999999999999,70.19999999999999,68.0,79
47819,2101,966,0.045548654244306416,0.17391304347826086,0.09937888198757763,0.16770186335403728,0.020703933747412008,0.0,50.0,45.0,47.3,65.3,43.0,38
47844,2101,720,0.008333333333333333,0.16944444444444445,0.11666666666666667,0.15833333333333333,0.05277777777777778,0.005555555555555556,63.099999999999994,54.4,89.1,28.699999999999996,85.1,80
48146,2101,1176,0.03231292517006803,0.24149659863945577,0.10204081632653061,0.1292517006802721,0.03741496598639456,0.0017006802721088435,48.5,30.1,44.0,78.39999999999999,92.8,45
48270,2101,298,0.09395973154362416,0.174496644295302,0.09395973154362416,0.21476510067114093,0.040268456375838924,0.006711409395973154,66.89999999999999,38.5,53.69999999999999,82.1,50.39999999999999,51
48281,2101,608,0.023026315789473683,0.17105263157894737,0.05592105263157895,0.19407894736842105,0.04276315789473684,0.0,43.3,50.3,36.3,42.0,43.3,25
48500,2101,878,0.05011389521640091,0.296127562642369,0.08656036446469248,0.12984054669703873,0.022779043280182234,0.0,47.099999999999994,23.799999999999997,50.99999999999999,80.9,56.3,24
48681,2101,1282,0.029641185647425898,0.21528861154446177,0.08268330733229329,0.1482059282371295,0.0483619344773791,0.0031201248049922,51.599999999999994,50.6,48.599999999999994,55.199999999999996,69.5,48
48846,2101,314,0.025477707006369428,0.1592356687898089,0.08280254777070063,0.2356687898089172,0.044585987261146494,0.0,42.3,47.3,31.299999999999997,33.3,53.599999999999994,37
48965,2101,1288,0.029503105590062112,0.14596273291925466,0.13043478260869565,0.15372670807453417,0.055900621118012424,0.004658385093167702,41.0,47.0,61.0,60.0,93.0,54
49060,2101,1162,0.010327022375215147,0.14113597246127366,0.03442340791738382,0.22547332185886404,0.043029259896729774,0.0051635111876075735,58.3,69.8,45.4,19.0,15.499999999999998,75
49397,2101,1352,0.08727810650887574,0.2943786982248521,0.07988165680473373,0.14201183431952663,0.028106508875739646,0.004437869822485207,48.8,12.2,40.5,100.8,51.39999999999999,75
49432,2101,1084,0.04428044280442804,0.18450184501845018,0.1014760147601476,0.16789667896678967,0.046125461254612546,0.007380073800738007,44.99999999999999,47.89999999999999,73.0,56.199999999999996,48.599999999999994,52
50274,2101,1310,0.04580152671755725,0.2687022900763359,0.12366412213740458,0.1435114503816794,0.022900763358778626,0.0,52.699999999999996,32.0,44.699999999999996,77.1,100.39999999999999,24
50506,2101,586,0.04778156996587031,0.17064846416382254,0.051194539249146756,0.20136518771331058,0.03754266211604096,0.0,40.9,61.5,39.2,45.8,34.8,21
50569,2101,138,0.014492753623188406,0.11594202898550725,0.07246376811594203,0.2898550724637681,0.028985507246376812,0.0,50.8,57.19999999999999,49.8,50.3,62.8,76
50867,2101,960,0.025,0.20625,0.04791666666666667,0.19375,0.027083333333333334,0.0,37.8,36.199999999999996,31.099999999999998,34.5,28.8,12
59790,2101,834,0.03357314148681055,0.1486810551558753,0.11031175059952038,0.15827338129496402,0.03836930455635491,0.004796163069544364,48.599999999999994,52.599999999999994,54.39999999999999,53.599999999999994,69.0,31
60601,2101,916,0.04148471615720524,0.22707423580786026,0.0982532751091703,0.13755458515283842,0.039301310043668124,0.0,46.5,35.6,62.49999999999999,68.5,61.2,41
60717,2101,952,0.04831932773109244,0.20378151260504201,0.06722689075630252,0.1407563025210084,0.06302521008403361,0.004201680672268907,48.4,44.4,63.0,78.0,38.099999999999994,34
63651,2101,1174,0.0068143100511073255,0.16183986371379896,0.034071550255536626,0.18568994889267462,0.04088586030664395,0.0034071550255536627,46.3,51.3,48.3,6.299999999999999,17.299999999999997,75
63791,2101,804,0.017412935323383085,0.1791044776119403,0.05721393034825871,0.16666666666666666,0.0472636815920398,0.0,41.3,50.3,42.9,44.9,48.89999999999999,16
67019,2101,884,0.03167420814479638,0.14705882352941177,0.11990950226244344,0.12669683257918551,0.03619909502262444,0.0022624434389140274,38.099999999999994,58.3,48.4,62.3,93.79999999999998,23
70721,2101,1170,0.042735042735042736,0.18632478632478633,0.09572649572649573,0.14358974358974358,0.037606837606837605,0.005128205128205128,54.199999999999996,47.3,59.99999999999999,62.099999999999994,54.9,90
70722,2101,484,0.03305785123966942,0.1322314049586777,0.09917355371900827,0.2024793388429752,0.06611570247933884,0.004132231404958678,62.199999999999996,55.39999999999999,60.199999999999996,45.199999999999996,60.099999999999994,71
70729,2101,296,0.02027027027027027,0.14864864864864866,0.05405405405405406,0.23648648648648649,0.0472972972972973,0.0,62.0,15.799999999999999,57.5,51.8,34.5,90
70733,2101,660,0.02727272727272727,0.08787878787878788,0.08787878787878788,0.18484848484848485,0.024242424242424242,0.0,44.39999999999999,87.19999999999999,33.9,40.099999999999994,58.7,32
70764,2101,40,0.0,0.35,0.0,0.35,0.0,0.0,44.5,37.4,48.39999999999999,49.8,39.5,77
70789,2101,348,0.05172413793103448,0.3103448275862069,0.11494252873563218,0.13218390804597702,0.034482758620689655,0.0,60.7,7.799999999999999,37.1,51.9,92.4,2
70820,2101,816,0.031862745098039214,0.1568627450980392,0.11519607843137254,0.14950980392156862,0.051470588235294115,0.007352941176470588,58.69999999999999,69.5,50.8,50.599999999999994,85.6,13
70906,2101,516,0.03488372093023256,0.16279069767441862,0.08139534883720931,0.18604651162790697,0.03875968992248062,0.007751937984496124,57.099999999999994,54.599999999999994,50.8,47.39999999999999,43.199999999999996,85
70964,2101,426,0.04225352112676056,0.2112676056338028,0.051643192488262914,0.11737089201877934,0.046948356807511735,0.0,53.699999999999996,36.099999999999994,43.5,46.9,28.199999999999996,11
71006,2101,532,0.011278195488721804,0.18421052631578946,0.06390977443609022,0.15037593984962405,0.05639097744360902,0.0,61.0,57.0,42.0,37.0,47.0,30
71007,2101,1116,0.026881720430107527,0.15053763440860216,0.06451612903225806,0.21505376344086022,0.044802867383512544,0.005376344086021506,64.19999999999999,63.9,62.89999999999999,48.599999999999994,44.3,39
71073,2101,1224,0.0392156862745098,0.16339869281045752,0.10457516339869281,0.15522875816993464,0.04084967320261438,0.0032679738562091504,69.19999999999999,50.599999999999994,64.19999999999999,65.89999999999999,65.2,78
71087,2101,108,0.037037037037037035,0.1111111111111111,0.12962962962962962,0.2777777777777778,0.0,0.0,57.099999999999994,75.39999999999999,48.599999999999994,44.599999999999994,38.1,80
71106,2101,84,0.09523809523809523,0.07142857142857142,0.09523809523809523,0.16666666666666666,0.047619047619047616,0.0,46.3,69.69999999999999,48.89999999999999,56.599999999999994,34.3,77
71177,2101,150,0.013333333333333334,0.17333333333333334,0.16,0.17333333333333334,0.02666666666666667,0.0,60.199999999999996,52.3,55.3,53.199999999999996,49.599999999999994,48
71385,2101,792,0.047979797979797977,0.29292929292929293,0.06060606060606061,0.1590909090909091,0.027777777777777776,0.007575757575757576,44.8,19.5,52.0,67.3,45.2,72
71390,2101,776,0.03608247422680412,0.12886597938144329,0.08247422680412371,0.2422680412371134,0.030927835051546393,0.002577319587628866,61.599999999999994,72.1,35.9,59.2,50.69999999999999,49
71396,2101,180,0.022222222222222223,0.2111111111111111,0.011111111111111112,0.2222222222222222,0.044444444444444446,0.0,31.299999999999997,49.4,44.199999999999996,51.599999999999994,31.6,49
71403,2101,544,0.007352941176470588,0.25735294117647056,0.025735294117647058,0.18382352941176472,0.025735294117647058,0.0,42.8,35.3,44.5,32.3,21.7,74
71433,2101,710,0.03380281690140845,0.27605633802816903,0.08450704225352113,0.1295774647887324,0.01971830985915493,0.0,36.3,35.099999999999994,26.9,54.699999999999996,47.8,72
71447,2101,506,0.019762845849802372,0.17786561264822134,0.05138339920948617,0.16996047430830039,0.023715415019762844,0.003952569169960474,44.5,49.599999999999994,51.099999999999994,36.8,34.599999999999994,80
71456,2101,234,0.042735042735042736,0.28205128205128205,0.05128205128205128,0.1794871794871795,0.08547008547008547,0.0,60.599999999999994,15.799999999999999,40.099999999999994,65.19999999999999,42.5,14
71463,2101,164,0.0,0.24390243902439024,0.0975609756097561,0.15853658536585366,0.036585365853658534,0.0,42.5,33.8,47.099999999999994,42.599999999999994,34.599999999999994,78
71470,2101,376,0.031914893617021274,0.22872340425531915,0.03723404255319149,0.2074468085106383,0.0425531914893617,0.005319148936170213,67.5,42.2,60.199999999999996,56.699999999999996,38.199999999999996,85
71481,2101,1510,0.0728476821192053,0.24503311258278146,0.06357615894039735,0.15496688741721854,0.046357615894039736,0.0,89.8,38.4,50.39999999999999,99.1,50.69999999999999,29
71495,2101,1060,0.016981132075471698,0.1830188679245283,0.045283018867924525,0.1792452830188679,0.052830188679245285,0.005660377358490566,75.39999999999999,64.2,89.69999999999999,34.699999999999996,21.2,109
71571,2101,208,0.028846153846153848,0.15384615384615385,0.057692307692307696,0.16346153846153846,0.038461538461538464,0.0,55.099999999999994,67.4,53.7,47.4,38.199999999999996,69
71588,2101,1262,0.014263074484944533,0.15213946117274169,0.08874801901743265,0.1664025356576862,0.044374009508716325,0.00792393026941363,46.8,68.9,47.099999999999994,34.4,51.8,70
71600,2101,342,0.005847953216374269,0.14619883040935672,0.08771929824561403,0.15789473684210525,0.03508771929824561,0.005847953216374269,57.0,52.0,44.0,65.0,43.0,58
71602,2101,1268,0.0473186119873817,0.16561514195583596,0.08832807570977919,0.1529968454258675,0.026813880126182965,0.00473186119873817,49.199999999999996,57.89999999999999,52.8,78.8,45.4,80
71629,2101,320,0.025,0.26875,0.0625,0.18125,0.00625,0.0125,34.0,37.0,33.0,39.7,34.0,52
71654,2101,1100,0.03636363636363636,0.21454545454545454,0.034545454545454546,0.18363636363636363,0.03090909090909091,0.0018181818181818182,51.599999999999994,45.7,51.599999999999994,44.0,33.4,76
71682,2101,1000,0.022,0.202,0.086,0.158,0.032,0.0,37.5,43.5,43.099999999999994,47.4,55.3,34
71790,2101,350,0.02857142857142857,0.12,0.10285714285714286,0.14857142857142858,0.05142857142857143,0.0,54.8,56.199999999999996,55.5,53.1,51.39999999999999,58
71799,2101,8,0.0,0.25,0.0,0.0,0.0,0.0,46.7,33.699999999999996,42.99999999999999,25.4,30.4,46
71855,2101,1212,0.036303630363036306,0.11386138613861387,0.07920792079207921,0.18151815181518152,0.036303630363036306,0.0033003300330033004,70.1,83.89999999999999,52.199999999999996,61.099999999999994,58.699999999999996,58
71893,2101,158,0.05063291139240506,0.13924050632911392,0.08860759493670886,0.16455696202531644,0.05063291139240506,0.012658227848101266,75.1,49.0,61.99999999999999,46.599999999999994,63.0,74
71956,2101,144,0.013888888888888888,0.19444444444444445,0.027777777777777776,0.18055555555555555,0.013888888888888888,0.0,50.99999999999999,44.5,33.9,43.8,30.799999999999997,43
71996,2101,984,0.04878048780487805,0.16260162601626016,0.06707317073170732,0.18089430894308944,0.04065040650406504,0.0,63.099999999999994,56.199999999999996,32.4,63.099999999999994,39.099999999999994,1
72077,2101,890,0.038202247191011236,0.15056179775280898,0.07865168539325842,0.21348314606741572,0.038202247191011236,0.0,66.19999999999999,61.49999999999999,35.099999999999994,64.1,53.99999999999999,10
72153,2101,1002,0.043912175648702596,0.15169660678642716,0.13972055888223553,0.1377245508982036,0.03792415169660679,0.001996007984031936,41.8,49.599999999999994,60.599999999999994,75.5,98.89999999999999,22
72289,2101,1126,0.02664298401420959,0.18650088809946713,0.06927175843694494,0.16163410301953818,0.035523978685612786,0.0017761989342806395,60.699999999999996,58.3,28.8,65.7,48.099999999999994,2
72367,2101,256,0.0234375,0.171875,0.0546875,0.1875,0.0078125,0.0078125,59.8,54.099999999999994,48.3,56.99999999999999,38.8,54
72389,2101,32,0.0625,0.1875,0.0625,0.25,0.0,0.0,52.599999999999994,48.89999999999999,67.9,49.9,57.5,76
72394,2101,1004,0.017928286852589643,0.14143426294820718,0.08565737051792828,0.16733067729083664,0.04780876494023904,0.00398406374501992,58.199999999999996,68.6,48.0,41.5,57.19999999999999,50
72397,2101,706,0.042492917847025496,0.1048158640226629,0.08498583569405099,0.18696883852691218,0.06515580736543909,0.0028328611898017,60.3,75.39999999999999,48.099999999999994,53.49999999999999,48.8,38
72409,2101,1194,0.06700167504187604,0.1541038525963149,0.09715242881072027,0.1323283082077052,0.04690117252931323,0.0033500837520938024,58.9,55.199999999999996,57.199999999999996,81.39999999999999,63.699999999999996,36
72425,2101,1156,0.04844290657439446,0.17474048442906576,0.050173010380622836,0.17474048442906576,0.050173010380622836,0.0034602076124567475,66.8,49.0,48.199999999999996,64.2,33.9,30
72428,2101,1474,0.052917232021709636,0.12075983717774763,0.12075983717774763,0.19131614654002713,0.04477611940298507,0.005427408412483039,89.8,87.3,79.0,90.0,80.6,41
72438,2101,1392,0.06465517241379311,0.10919540229885058,0.11494252873563218,0.15948275862068967,0.08189655172413793,0.007183908045977011,93.19999999999999,89.1,77.69999999999999,87.79999999999998,76.39999999999999,46
72442,2101,608,0.03289473684210526,0.17105263157894737,0.0625,0.17434210526315788,0.03289473684210526,0.0,68.4,61.0,40.599999999999994,53.49999999999999,44.0,40
72447,2101,1408,0.032670454545454544,0.11505681818181818,0.07386363636363637,0.18181818181818182,0.05539772727272727,0.004261363636363636,72.5,81.3,56.599999999999994,66.0,37.3,81
72459,2101,476,0.05042016806722689,0.09663865546218488,0.07983193277310924,0.23949579831932774,0.046218487394957986,0.0,53.99999999999999,64.1,25.099999999999998,46.0,40.89999999999999,23
72468,2101,60,0.0,0.2,0.03333333333333333,0.2,0.03333333333333333,0.0,52.199999999999996,40.5,49.199999999999996,45.8,41.6,79
72475,2101,1412,0.05099150141643059,0.19121813031161472,0.09348441926345609,0.18696883852691218,0.053824362606232294,0.0,105.6,58.599999999999994,72.8,87.8,82.19999999999999,40
72485,2101,102,0.0392156862745098,0.11764705882352941,0.0784313725490196,0.21568627450980393,0.0196078431372549,0.0,51.3,54.5,40.099999999999994,52.199999999999996,41.099999999999994,37
72513,2101,930,0.03225806451612903,0.10967741935483871,0.10967741935483871,0.16344086021505377,0.025806451612903226,0.0064516129032258064,50.599999999999994,59.3,44.199999999999996,62.699999999999996,56.9,76
72522,2101,1252,0.023961661341853034,0.12619808306709265,0.07507987220447285,0.17412140575079874,0.038338658146964855,0.003194888178913738,50.4,63.599999999999994,48.3,38.0,47.3,48
72551,2101,488,0.045081967213114756,0.20081967213114754,0.06557377049180328,0.19672131147540983,0.05327868852459016,0.0,46.0,48.3,41.599999999999994,46.599999999999994,30.2,73
72574,2101,4,0.0,0.0,0.0,0.5,0.0,0.0,24.599999999999998,19.699999999999996,12.499999999999998,1.0,18.7,7
72582,2101,102,0.0392156862745098,0.23529411764705882,0.0392156862745098,0.11764705882352941,0.0392156862745098,0.0,56.8,50.99999999999999,26.5,19.099999999999998,33.4,38
72614,2101,142,0.07042253521126761,0.11267605633802817,0.056338028169014086,0.1267605633802817,0.028169014084507043,0.014084507042253521,48.099999999999994,65.8,58.599999999999994,65.8,38.099999999999994,48
72651,2101,998,0.014028056112224449,0.17835671342685372,0.05410821643286573,0.19438877755511022,0.04208416833667335,0.0,50.099999999999994,52.19999999999999,32.599999999999994,38.1,40.199999999999996,26
72661,2101,128,0.0,0.1875,0.078125,0.09375,0.03125,0.0,65.19999999999999,43.099999999999994,38.8,44.699999999999996,34.4,76
72667,2101,760,0.042105263157894736,0.1631578947368421,0.04473684210526316,0.18157894736842106,0.031578947368421054,0.0,34.8,53.4,38.2,43.8,19.799999999999997,4
72788,2101,316,0.03164556962025317,0.15822784810126583,0.0759493670886076,0.17088607594936708,0.03164556962025317,0.0,44.8,75.89999999999999,50.0,55.0,64.1,24
72967,2101,1412,0.046742209631728045,0.13456090651558072,0.0679886685552408,0.18838526912181303,0.056657223796033995,0.00141643059490085,83.1,85.8,58.8,85.5,41.9,33
72995,2101,12,0.0,0.0,0.0,0.3333333333333333,0.0,0.0,47.8,61.3,65.0,30.499999999999996,36.9,73
73592,2101,756,0.031746031746031744,0.11904761904761904,0.042328042328042326,0.21957671957671956,0.037037037037037035,0.0,55.3,86.89999999999999,44.5,53.99999999999999,34.8,22
73600,2101,1326,0.05731523378582202,0.11764705882352941,0.0889894419306184,0.16289592760180996,0.043740573152337855,0.0015082956259426848,68.6,81.89999999999999,56.39999999999999,79.89999999999999,63.49999999999999,39
73640,2101,212,0.05660377358490566,0.18867924528301888,0.11320754716981132,0.11320754716981132,0.05660377358490566,0.0,70.8,37.099999999999994,62.2,60.89999999999999,53.99999999999999,31
73667,2101,560,0.039285714285714285,0.1357142857142857,0.07142857142857142,0.18928571428571428,0.060714285714285714,0.0035714285714285713,72.69999999999999,64.4,44.5,64.4,36.099999999999994,23
73693,2101,256,0.0703125,0.140625,0.0546875,0.2109375,0.0625,0.0,52.599999999999994,75.6,50.99999999999999,79.6,49.7,23
73706,2101,826,0.0,0.16464891041162227,0.08716707021791767,0.17675544794188863,0.05084745762711865,0.004842615012106538,84.6,56.0,66.6,22.799999999999997,38.199999999999996,91
73709,2101,1450,0.038620689655172416,0.14482758620689656,0.09517241379310344,0.23724137931034484,0.057931034482758624,0.005517241379310344,96.5,80.5,73.69999999999999,68.1,59.099999999999994,78
73771,2101,392,0.05102040816326531,0.14795918367346939,0.07653061224489796,0.2755102040816326,0.04591836734693878,0.0,56.699999999999996,51.8,35.199999999999996,50.4,54.199999999999996,26
73792,2101,1408,0.045454545454545456,0.18892045454545456,0.125,0.1534090909090909,0.045454545454545456,0.004261363636363636,67.19999999999999,48.0,68.9,83.5,88.8,69
73866,2101,356,0.033707865168539325,0.25280898876404495,0.06741573033707865,0.19101123595505617,0.02247191011235955,0.0,31.9,35.199999999999996,35.5,47.9,51.8,70
73883,2101,440,0.013636363636363636,0.15,0.05909090909090909,0.20454545454545456,0.07727272727272727,0.004545454545454545,72.39999999999999,49.699999999999996,45.199999999999996,15.6,38.4,77
73888,2101,10,0.0,0.4,0.0,0.2,0.0,0.0,33.599999999999994,32.5,28.9,19.799999999999997,43.599999999999994,29
74012,2101,470,0.02553191489361702,0.14468085106382977,0.07659574468085106,0.18723404255319148,0.03404255319148936,0.0,46.699999999999996,50.89999999999999,38.8,56.599999999999994,29.4,18
74046,2101,132,0.030303030303030304,0.13636363636363635,0.045454545454545456,0.16666666666666666,0.07575757575757576,0.015151515151515152,62.0,66.6,62.0,52.099999999999994,29.9,40
74056,2101,1172,0.023890784982935155,0.10921501706484642,0.09385665529010238,0.17064846416382254,0.04948805460750853,0.005119453924914676,67.19999999999999,85.69999999999999,82.8,59.39999999999999,69.2,73
74084,2101,1222,0.027823240589198037,0.12274959083469722,0.06710310965630115,0.2127659574468085,0.060556464811783964,0.0016366612111292963,87.5,85.19999999999999,50.5,59.8,49.0,77
74110,2101,284,0.056338028169014086,0.11971830985915492,0.1056338028169014,0.176056338028169,0.04225352112676056,0.0,50.39999999999999,73.8,71.8,59.89999999999999,65.5,75
74185,2101,34,0.0,0.47058823529411764,0.058823529411764705,0.17647058823529413,0.0,0.0,41.0,14.299999999999999,46.599999999999994,66.19999999999999,69.8,46
74200,2101,124,0.0,0.12903225806451613,0.08064516129032258,0.16129032258064516,0.08064516129032258,0.0,73.8,74.5,49.3,39.9,58.7,59
74274,2101,1164,0.06013745704467354,0.2508591065292096,0.058419243986254296,0.13402061855670103,0.01718213058419244,0.0,35.5,30.999999999999996,33.5,91.1,52.8,18
74302,2101,1366,0.016105417276720352,0.1478770131771596,0.12152269399707175,0.18594436310395315,0.03367496339677892,0.0014641288433382138,73.8,71.39999999999999,71.8,35.4,84.1,101
74316,2101,48,0.08333333333333333,0.20833333333333334,0.041666666666666664,0.16666666666666666,0.0,0.041666666666666664,61.2,69.5,44.4,63.3,37.8,57
74429,2101,928,0.008620689655172414,0.1314655172413793,0.07327586206896551,0.16594827586206898,0.03017241379310345,0.004310344827586207,40.5,74.5,51.699999999999996,40.3,48.5,45
74595,2101,858,0.02564102564102564,0.19347319347319347,0.10722610722610723,0.14918414918414918,0.04195804195804196,0.002331002331002331,68.2,43.4,73.3,49.199999999999996,96.89999999999999,48
74663,2101,910,0.03736263736263736,0.15824175824175823,0.07472527472527472,0.18021978021978022,0.03076923076923077,0.004395604395604396,43.099999999999994,48.599999999999994,60.8,65.19999999999999,48.699999999999996,74
75544,2101,1336,0.0658682634730539,0.19311377245508982,0.08682634730538923,0.1467065868263473,0.041916167664670656,0.004491017964071856,58.199999999999996,43.699999999999996,64.1,89.79999999999998,67.5,78
76146,2101,1312,0.0625,0.2652439024390244,0.07926829268292683,0.1600609756097561,0.03353658536585366,0.0,54.599999999999994,20.4,39.8,109.1,47.7,25
76846,2101,1404,0.042735042735042736,0.14245014245014245,0.0811965811965812,0.1908831908831909,0.05128205128205128,0.007122507122507123,87.1,77.19999999999999,86.1,74.9,63.199999999999996,78
77492,2101,1266,0.01579778830963665,0.14375987361769352,0.08056872037914692,0.18167456556082148,0.052132701421800945,0.01263823064770932,66.8,54.599999999999994,84.8,32.4,42.4,106
77524,2101,1276,0.02664576802507837,0.11598746081504702,0.10031347962382445,0.2084639498432602,0.06896551724137931,0.009404388714733543,82.0,76.5,94.49999999999999,53.699999999999996,73.6,103
78273,2101,332,0.018072289156626505,0.10240963855421686,0.12650602409638553,0.18674698795180722,0.04216867469879518,0.006024096385542169,60.8,74.39999999999999,46.5,23.2,66.2,34
78286,2101,1268,0.07255520504731862,0.2981072555205047,0.167192429022082,0.0914826498422713,0.022082018927444796,0.0015772870662460567,49.8,9.6,59.4,113.19999999999999,108.4,21
78676,2101,152,0.039473684210526314,0.23684210526315788,0.06578947368421052,0.2894736842105263,0.013157894736842105,0.0,59.3,43.3,65.3,64.6,66.0,70
78869,2101,752,0.023936170212765957,0.1356382978723404,0.1276595744680851,0.17553191489361702,0.0398936170212766,0.0026595744680851063,45.8,76.5,61.8,51.0,97.0,43
79020,2101,454,0.004405286343612335,0.14537444933920704,0.03524229074889868,0.1762114537444934,0.048458149779735685,0.0,49.199999999999996,78.4,73.5,19.5,30.1,83
79125,2101,132,0.0,0.09090909090909091,0.22727272727272727,0.21212121212121213,0.015151515151515152,0.0,48.3,52.5,89.3,37.599999999999994,74.4,52
79556,2101,218,0.01834862385321101,0.11926605504587157,0.06422018348623854,0.14678899082568808,0.027522935779816515,0.009174311926605505,50.3,63.4,66.8,40.599999999999994,37.0,85
79557,2101,676,0.05917159763313609,0.22485207100591717,0.1242603550295858,0.1301775147928994,0.04142011834319527,0.0029585798816568047,53.5,21.099999999999998,49.8,85.89999999999999,94.89999999999999,25
79559,2101,1304,0.04754601226993865,0.28680981595092025,0.08128834355828221,0.12576687116564417,0.03834355828220859,0.006134969325153374,47.3,15.6,80.3,79.1,55.099999999999994,81
79684,2101,330,0.030303030303030304,0.15151515151515152,0.07272727272727272,0.15151515151515152,0.024242424242424242,0.006060606060606061,65.9,67.9,71.6,35.6,44.9,103
79704,2101,1318,0.019726858877086494,0.10015174506828528,0.051593323216995446,0.22610015174506828,0.04552352048558422,0.010622154779969651,74.9,100.1,88.5,22.099999999999998,31.699999999999996,83
84763,2101,1044,0.09386973180076628,0.3275862068965517,0.1781609195402299,0.10727969348659004,0.0210727969348659,0.0,44.199999999999996,1.0,32.4,95.89999999999999,108.89999999999999,12
51,2102,814,0.009828009828009828,0.18181818181818182,0.04668304668304668,0.18427518427518427,0.0343980343980344,0.007371007371007371,42.99999999999999,50.699999999999996,42.3,30.699999999999996,29.4,88
59,2102,1480,0.043243243243243246,0.13243243243243244,0.1,0.1891891891891892,0.0472972972972973,0.0,62.199999999999996,75.1,47.599999999999994,63.8,48.599999999999994,8
81,2102,604,0.016556291390728478,0.15894039735099338,0.10264900662251655,0.19205298013245034,0.033112582781456956,0.0,44.9,38.199999999999996,30.299999999999997,45.5,46.5,2
183,2102,100,0.0,0.12,0.08,0.1,0.02,0.0,40.4,75.8,47.3,47.9,35.0,73
361,2102,606,0.0297029702970297,0.18151815181518152,0.08250825082508251,0.17491749174917492,0.0462046204620462,0.0033003300330033004,45.699999999999996,49.699999999999996,42.99999999999999,48.3,49.8,22
587,2102,802,0.0199501246882793,0.11970074812967581,0.06234413965087282,0.19451371571072318,0.04987531172069826,0.0,59.89999999999999,80.3,47.699999999999996,38.3,40.9,53
834,2102,1386,0.050505050505050504,0.1443001443001443,0.0735930735930736,0.1774891774891775,0.05339105339105339,0.004329004329004329,59.3,71.3,52.3,85.3,45.0,70
1078,2102,398,0.010050251256281407,0.20603015075376885,0.02512562814070352,0.22613065326633167,0.035175879396984924,0.005025125628140704,37.8,48.3,59.2,42.099999999999994,16.099999999999998,98
1271,2102,334,0.041916167664670656,0.16766467065868262,0.0718562874251497,0.16167664670658682,0.04790419161676647,0.0,66.1,49.599999999999994,66.1,62.9,40.3,34
1320,2102,394,0.03553299492385787,0.19289340101522842,0.09137055837563451,0.16243654822335024,0.04060913705583756,0.0,49.099999999999994,41.3,37.2,46.2,39.699999999999996,51
1356,2102,1158,0.06044905008635579,0.11744386873920552,0.09326424870466321,0.19170984455958548,0.0535405872193437,0.0017271157167530224,49.099999999999994,72.19999999999999,51.8,89.39999999999999,46.9,61
1442,2102,1004,0.029880478087649404,0.1254980079681275,0.08964143426294821,0.17928286852589642,0.05776892430278884,0.00796812749003984,44.4,69.0,56.89999999999999,54.2,57.8,58
1486,2102,1218,0.03776683087027915,0.11822660098522167,0.047619047619047616,0.21182266009852216,0.04597701149425287,0.0016420361247947454,52.99999999999999,86.8,51.3,42.3,32.4,76
1515,2102,1256,0.01910828025477707,0.18949044585987262,0.05573248407643312,0.1910828025477707,0.06210191082802548,0.0015923566878980893,58.39999999999999,45.3,39.5,50.5,33.5,45
1521,2102,1176,0.01870748299319728,0.1445578231292517,0.06462585034013606,0.1870748299319728,0.034013605442176874,0.00510204081632653,53.8,60.3,38.9,52.8,40.099999999999994,84
2026,2102,176,0.0,0.17045454545454544,0.07954545454545454,0.18181818181818182,0.011363636363636364,0.0,46.5,55.599999999999994,50.5,41.8,36.6,87
2066,2102,280,0.007142857142857143,0.09285714285714286,0.07142857142857142,0.16428571428571428,0.05714285714285714,0.0,59.39999999999999,71.6,39.3,26.799999999999997,54.5,48
2147,2102,862,0.013921113689095127,0.18793503480278423,0.04640371229698376,0.18561484918793503,0.05568445475638051,0.004640371229698376,51.39999999999999,49.8,40.6,28.799999999999997,28.199999999999996,93
2195,2102,1330,0.013533834586466165,0.20300751879699247,0.06616541353383458,0.1518796992481203,0.06015037593984962,0.0015037593984962407,50.099999999999994,50.199999999999996,55.69999999999999,60.099999999999994,38.4,56
2309,2102,548,0.021897810218978103,0.14963503649635038,0.05474452554744526,0.17153284671532848,0.0364963503649635,0.0036496350364963502,54.0,52.099999999999994,38.0,54.599999999999994,30.8,91
19812,2102,144,0.013888888888888888,0.2638888888888889,0.09722222222222222,0.18055555555555555,0.013888888888888888,0.0,59.39999999999999,36.199999999999996,45.3,45.5,60.8,85
19849,2102,540,0.011111111111111112,0.2,0.06666666666666667,0.18518518518518517,0.040740740740740744,0.0,53.199999999999996,50.4,49.099999999999994,43.49999999999999,42.3,72
19870,2102,4,0.5,0.0,0.0,0.0,0.0,0.0,49.8,56.099999999999994,37.9,55.8,46.5,56
20148,2102,420,0.014285714285714285,0.19047619047619047,0.08095238095238096,0.18095238095238095,0.04285714285714286,0.0,53.099999999999994,52.19999999999999,58.099999999999994,47.0,41.2,84
20371,2102,532,0.03759398496240601,0.20300751879699247,0.06015037593984962,0.17669172932330826,0.03383458646616541,0.0,41.4,49.599999999999994,34.199999999999996,48.599999999999994,38.1,16
20465,2102,560,0.025,0.16071428571428573,0.09642857142857143,0.18928571428571428,0.04285714285714286,0.0,55.2,61.3,36.5,48.3,59.9,10
20507,2102,1384,0.0476878612716763,0.12138728323699421,0.0708092485549133,0.17630057803468208,0.07369942196531792,0.002890173410404624,56.2,87.6,44.9,73.0,41.9,38
20522,2102,944,0.025423728813559324,0.13771186440677965,0.07203389830508475,0.1885593220338983,0.04449152542372881,0.00211864406779661,58.49999999999999,66.9,40.199999999999996,50.3,47.3,25
20606,2102,34,0.058823529411764705,0.23529411764705882,0.0,0.11764705882352941,0.0,0.0,48.0,60.8,49.0,50.599999999999994,37.599999999999994,85
20748,2102,602,0.046511627906976744,0.18272425249169436,0.08305647840531562,0.12956810631229235,0.04318936877076412,0.0,44.8,48.3,49.4,59.39999999999999,52.3,98
20826,2102,462,0.03463203463203463,0.22943722943722944,0.1038961038961039,0.1645021645021645,0.03896103896103896,0.0,54.39999999999999,29.0,55.099999999999994,66.19999999999999,52.39999999999999,72
21099,2102,24,0.0,0.08333333333333333,0.08333333333333333,0.08333333333333333,0.08333333333333333,0.0,42.9,45.099999999999994,39.9,47.099999999999994,31.9,76
21122,2102,1134,0.024691358024691357,0.27336860670194,0.0564373897707231,0.13051146384479717,0.042328042328042326,0.001763668430335097,45.8,27.1,47.39999999999999,61.3,38.5,77
21186,2102,466,0.02575107296137339,0.22317596566523606,0.12017167381974249,0.1072961373390558,0.04291845493562232,0.0,60.9,51.3,49.0,77.0,53.9,30
21332,2102,1144,0.04895104895104895,0.1381118881118881,0.11363636363636363,0.13286713286713286,0.04895104895104895,0.0,38.1,62.8,47.89999999999999,77.4,84.0,70
21419,2102,304,0.019736842105263157,0.21052631578947367,0.046052631578947366,0.17105263157894737,0.039473684210526314,0.0,40.6,45.5,39.599999999999994,51.39999999999999,35.6,26
21635,2102,566,0.014134275618374558,0.21908127208480566,0.08480565371024736,0.18374558303886926,0.024734982332155476,0.0,50.099999999999994,54.5,28.9,47.0,48.89999999999999,39
21691,2102,1346,0.04903417533432392,0.2600297176820208,0.13670133729569092,0.14710252600297177,0.0475482912332838,0.0014858841010401188,68.4,24.0,70.4,95.1,74.1,29
21955,2102,142,0.056338028169014086,0.22535211267605634,0.08450704225352113,0.11267605633802817,0.028169014084507043,0.0,47.699999999999996,13.899999999999999,66.0,58.199999999999996,46.0,94
22022,2102,588,0.006802721088435374,0.1598639455782313,0.03741496598639456,0.21428571428571427,0.03741496598639456,0.01020408163265306,36.9,63.39999999999999,39.599999999999994,34.199999999999996,28.599999999999998,97
22037,2102,190,0.042105263157894736,0.17894736842105263,0.07368421052631578,0.16842105263157894,0.042105263157894736,0.0,48.099999999999994,48.3,48.8,71.5,37.199999999999996,96
22157,2102,526,0.026615969581749048,0.1520912547528517,0.053231939163498096,0.17110266159695817,0.026615969581749048,0.0,38.9,49.3,47.99999999999999,46.9,27.9,95
22228,2102,22,0.09090909090909091,0.09090909090909091,0.18181818181818182,0.18181818181818182,0.0,0.0,65.3,43.199999999999996,46.699999999999996,63.3,56.599999999999994,51
22233,2102,606,0.026402640264026403,0.19471947194719472,0.07260726072607261,0.1848184818481848,0.026402640264026403,0.0,40.8,38.0,35.9,49.7,36.4,85
22312,2102,880,0.045454545454545456,0.25227272727272726,0.13636363636363635,0.12045454545454545,0.022727272727272728,0.0,40.699999999999996,13.399999999999999,39.4,75.4,92.69999999999999,39
22354,2102,460,0.0391304347826087,0.1782608695652174,0.08260869565217391,0.20434782608695654,0.0391304347826087,0.004347826086956522,50.99999999999999,48.4,35.9,59.2,42.8,71
22564,2102,818,0.007334963325183374,0.13447432762836187,0.11246943765281174,0.16136919315403422,0.0488997555012225,0.0,49.4,69.1,46.699999999999996,37.699999999999996,77.8,79
23482,2102,1172,0.032423208191126277,0.16382252559726962,0.05802047781569966,0.15870307167235495,0.034129692832764506,0.0,45.89999999999999,57.8,27.4,48.49999999999999,33.4,24
23841,2102,16,0.0,0.0,0.0,0.125,0.0,0.0,55.69999999999999,56.39999999999999,41.5,52.099999999999994,36.099999999999994,68
23949,2102,480,0.0375,0.1375,0.07916666666666666,0.18333333333333332,0.020833333333333332,0.004166666666666667,55.4,54.89999999999999,69.3,50.599999999999994,49.8,71
23973,2102,1224,0.014705882352941176,0.19934640522875818,0.042483660130718956,0.15522875816993464,0.05228758169934641,0.011437908496732025,36.0,48.3,51.3,31.299999999999997,28.999999999999996,96
24125,2102,602,0.03986710963455149,0.31893687707641194,0.08970099667774087,0.15614617940199335,0.046511627906976744,0.0,63.1,12.6,48.49999999999999,61.39999999999999,48.0,78
24867,2102,812,0.04926108374384237,0.15763546798029557,0.10591133004926108,0.15024630541871922,0.029556650246305417,0.0,48.099999999999994,52.099999999999994,54.199999999999996,62.699999999999996,42.3,71
25263,2102,1328,0.025602409638554216,0.1280120481927711,0.09789156626506024,0.19427710843373494,0.05271084337349398,0.0,65.19999999999999,72.69999999999999,65.9,62.099999999999994,50.99999999999999,10
25302,2102,468,0.008547008547008548,0.1581196581196581,0.0641025641025641,0.16666666666666666,0.04700854700854701,0.008547008547008548,56.199999999999996,70.19999999999999,61.99999999999999,55.199999999999996,39.4,78
25508,2102,702,0.014245014245014245,0.24216524216524216,0.03133903133903134,0.15954415954415954,0.03418803418803419,0.0,33.8,36.599999999999994,32.8,29.0,11.2,6
25519,2102,494,0.0,0.19433198380566802,0.05263157894736842,0.1214574898785425,0.044534412955465584,0.012145748987854251,56.9,48.9,57.199999999999996,11.5,27.499999999999996,111
26001,2102,374,0.016042780748663103,0.1497326203208556,0.053475935828877004,0.1443850267379679,0.0374331550802139,0.0,39.9,60.3,45.89999999999999,41.8,24.599999999999998,78
26002,2102,856,0.02570093457943925,0.16822429906542055,0.06775700934579439,0.18691588785046728,0.04439252336448598,0.002336448598130841,79.7,53.5,49.099999999999994,54.5,36.8,40
26028,2102,992,0.010080645161290322,0.16129032258064516,0.10483870967741936,0.17540322580645162,0.034274193548387094,0.0,50.5,67.69999999999999,35.5,29.0,49.5,16
26099,2102,1036,0.011583011583011582,0.27606177606177607,0.059845559845559844,0.1640926640926641,0.032818532818532815,0.0,39.9,30.999999999999996,29.2,32.7,35.0,6
26117,2102,950,0.02736842105263158,0.13052631578947368,0.06736842105263158,0.19789473684210526,0.056842105263157895,0.010526315789473684,67.9,61.39999999999999,44.599999999999994,62.4,56.099999999999994,75
26131,2102,748,0.013368983957219251,0.15775401069518716,0.08021390374331551,0.16310160427807488,0.02406417112299465,0.0053475935828877,37.2,45.5,61.8,43.5,36.2,101
26145,2102,1180,0.013559322033898305,0.15084745762711865,0.06949152542372881,0.188135593220339,0.025423728813559324,0.003389830508474576,52.0,81.39999999999999,50.0,49.699999999999996,48.4,84
26177,2102,102,0.0392156862745098,0.13725490196078433,0.0,0.23529411764705882,0.0392156862745098,0.0,42.0,48.099999999999994,33.5,33.0,45.89999999999999,91
26211,2102,818,0.02689486552567237,0.14425427872860636,0.10513447432762836,0.15647921760391198,0.044009779951100246,0.0,62.89999999999999,70.0,50.3,63.4,54.2,76
26278,2102,472,0.01694915254237288,0.17372881355932204,0.1059322033898305,0.15254237288135594,0.046610169491525424,0.00423728813559322,56.4,56.8,53.4,61.8,53.8,55
26375,2102,766,0.013054830287206266,0.13838120104438642,0.09138381201044386,0.1906005221932115,0.04960835509138381,0.0026109660574412533,61.3,50.4,57.599999999999994,57.3,46.7,84
26398,2102,414,0.057971014492753624,0.21256038647342995,0.057971014492753624,0.1497584541062802,0.043478260869565216,0.004830917874396135,36.2,33.1,40.8,49.39999999999999,35.699999999999996,25
26400,2102,144,0.013888888888888888,0.16666666666666666,0.041666666666666664,0.1527777777777778,0.013888888888888888,0.0,59.5,54.39999999999999,37.5,56.099999999999994,55.099999999999994,19
26477,2102,1426,0.0364656381486676,0.16830294530154277,0.08695652173913043,0.18092566619915848,0.033660589060308554,0.001402524544179523,53.3,63.89999999999999,42.3,85.19999999999999,75.19999999999999,12
26487,2102,1354,0.03249630723781388,0.1536189069423929,0.0930576070901034,0.16691285081240767,0.0413589364844904,0.0,59.89999999999999,56.39999999999999,49.9,60.39999999999999,61.39999999999999,16
26549,2102,1012,0.03359683794466403,0.17193675889328064,0.06126482213438735,0.16798418972332016,0.03359683794466403,0.0,42.8,47.099999999999994,39.8,49.0,28.199999999999996,13
26563,2102,794,0.027707808564231738,0.1486146095717884,0.04785894206549118,0.20654911838790932,0.042821158690176324,0.0,49.7,60.8,34.9,40.599999999999994,27.9,69
26597,2102,648,0.033950617283950615,0.1882716049382716,0.07407407407407407,0.18518518518518517,0.040123456790123455,0.006172839506172839,50.199999999999996,42.5,50.5,53.0,45.8,87
26605,2102,66,0.0,0.18181818181818182,0.06060606060606061,0.12121212121212122,0.030303030303030304,0.0,48.699999999999996,70.8,47.099999999999994,41.599999999999994,43.2,83
26640,2102,1234,0.03241491085899514,0.16369529983792544,0.07293354943273905,0.2025931928687196,0.04213938411669368,0.0,80.1,54.599999999999994,40.199999999999996,64.2,35.3,32
26673,2102,24,0.0,0.16666666666666666,0.0,0.0,0.08333333333333333,0.0,34.199999999999996,40.9,32.9,37.0,57.5,21
26710,2102,136,0.014705882352941176,0.16176470588235295,0.04411764705882353,0.22058823529411764,0.029411764705882353,0.014705882352941176,50.99999999999999,64.39999999999999,53.3,43.8,32.8,89
26826,2102,580,0.02413793103448276,0.21724137931034482,0.11379310344827587,0.1103448275862069,0.034482758620689655,0.0034482758620689655,50.39999999999999,39.4,46.5,58.0,76.5,54
26827,2102,1128,0.02127659574468085,0.20567375886524822,0.08156028368794327,0.15780141843971632,0.03723404255319149,0.008865248226950355,65.7,42.0,71.69999999999999,48.2,40.4,82
26828,2102,848,0.02358490566037736,0.23349056603773585,0.04481132075471698,0.18867924528301888,0.018867924528301886,0.0,34.9,33.8,38.199999999999996,47.099999999999994,29.199999999999996,34
26908,2102,840,0.04285714285714286,0.1380952380952381,0.09523809523809523,0.1595238095238095,0.02857142857142857,0.0,36.5,78.6,58.199999999999996,59.099999999999994,47.699999999999996,71
26919,2102,812,0.014778325123152709,0.2019704433497537,0.046798029556650245,0.17733990147783252,0.06403940886699508,0.0,44.9,47.0,62.9,44.099999999999994,26.5,99
27030,2102,1364,0.030791788856304986,0.11290322580645161,0.093841642228739,0.18328445747800587,0.05278592375366569,0.005865102639296188,58.39999999999999,76.6,69.7,57.099999999999994,57.4,71
27133,2102,1250,0.0208,0.1904,0.0928,0.1744,0.0352,0.0016,58.49999999999999,45.5,52.099999999999994,49.3,59.199999999999996,68
27335,2102,1170,0.018803418803418803,0.20512820512820512,0.04957264957264957,0.15726495726495726,0.042735042735042736,0.0017094017094017094,50.099999999999994,41.3,45.8,63.599999999999994,35.8,64
27351,2102,1256,0.050955414012738856,0.12420382165605096,0.09713375796178345,0.1480891719745223,0.03503184713375796,0.0,48.3,68.0,47.699999999999996,79.6,54.2,20
27462,2102,1436,0.03203342618384401,0.14345403899721448,0.12256267409470752,0.1796657381615599,0.055710306406685235,0.005571030640668524,90.1,72.1,61.599999999999994,59.599999999999994,74.89999999999999,82
27497,2102,128,0.015625,0.1875,0.046875,0.140625,0.109375,0.0,49.099999999999994,72.1,48.8,47.3,58.099999999999994,25
27522,2102,1016,0.005905511811023622,0.1279527559055118,0.051181102362204724,0.16535433070866143,0.05511811023622047,0.007874015748031496,50.8,96.8,88.2,10.9,23.299999999999997,109
27968,2102,448,0.026785714285714284,0.17857142857142858,0.05357142857142857,0.17410714285714285,0.026785714285714284,0.004464285714285714,50.199999999999996,56.599999999999994,53.8,39.8,41.699999999999996,75
28075,2102,130,0.046153846153846156,0.2153846153846154,0.06153846153846154,0.15384615384615385,0.0,0.0,50.9,47.39999999999999,34.599999999999994,35.199999999999996,32.599999999999994,41
28549,2102,854,0.03278688524590164,0.16159250585480095,0.07728337236533958,0.1686182669789227,0.04215456674473068,0.00702576112412178,39.9,49.3,44.699999999999996,68.8,50.099999999999994,68
28610,2102,586,0.020477815699658702,0.08873720136518772,0.07849829351535836,0.1945392491467577,0.040955631399317405,0.006825938566552901,50.8,82.5,50.5,49.099999999999994,41.7,80
28751,2102,334,0.011976047904191617,0.15568862275449102,0.05389221556886228,0.20958083832335328,0.017964071856287425,0.005988023952095809,45.699999999999996,56.5,33.199999999999996,37.0,32.9,47
29641,2102,930,0.04516129032258064,0.24946236559139784,0.09462365591397849,0.13333333333333333,0.034408602150537634,0.004301075268817204,52.7,33.5,53.39999999999999,83.5,56.699999999999996,46
29875,2102,972,0.03497942386831276,0.1337448559670782,0.10493827160493827,0.18518518518518517,0.0411522633744856,0.00823045267489712,51.4,63.3,40.9,49.99999999999999,59.199999999999996,72
29898,2102,532,0.045112781954887216,0.19924812030075187,0.09022556390977443,0.14285714285714285,0.015037593984962405,0.007518796992481203,36.3,40.199999999999996,48.89999999999999,60.39999999999999,48.599999999999994,79
30048,2102,1016,0.03346456692913386,0.2559055118110236,0.09448818897637795,0.1279527559055118,0.031496062992125984,0.003937007874015748,42.5,31.2,48.8,84.6,69.3,62
30183,2102,484,0.03305785123966942,0.1487603305785124,0.08264462809917356,0.1446280991735537,0.045454545454545456,0.0,58.3,60.19999999999999,42.8,53.3,35.099999999999994,79
30398,2102,794,0.017632241813602016,0.22670025188916876,0.07556675062972293,0.17884130982367757,0.04534005037783375,0.005037783375314861,73.6,47.3,41.0,54.199999999999996,44.39999999999999,62
30435,2102,404,0.024752475247524754,0.15841584158415842,0.024752475247524754,0.2079207920792079,0.054455445544554455,0.0,50.99999999999999,52.3,44.099999999999994,53.9,13.499999999999998,97
30475,2102,890,0.015730337078651686,0.20449438202247192,0.0898876404494382,0.19550561797752808,0.024719101123595506,0.0,73.5,39.099999999999994,41.3,53.49999999999999,46.4,61
30499,2102,508,0.007874015748031496,0.1968503937007874,0.04330708661417323,0.1889763779527559,0.03543307086614173,0.007874015748031496,37.9,41.0,28.199999999999996,30.199999999999996,23.799999999999997,58
30515,2102,1218,0.047619047619047616,0.19704433497536947,0.07389162561576355,0.16420361247947454,0.029556650246305417,0.0016420361247947454,39.099999999999994,53.199999999999996,53.599999999999994,72.6,48.0,79
30565,2102,118,0.01694915254237288,0.2542372881355932,0.03389830508474576,0.15254237288135594,0.03389830508474576,0.0,36.3,37.5,43.599999999999994,37.2,34.3,92
30670,2102,948,0.02109704641350211,0.21308016877637131,0.08438818565400844,0.189873417721519,0.04008438818565401,0.0,60.5,34.9,40.199999999999996,48.9,40.0,77
30772,2102,1332,0.046546546546546545,0.09759759759759759,0.06906906906906907,0.16666666666666666,0.04354354354354354,0.0015015015015015015,45.3,91.1,36.8,61.8,42.39999999999999,31
30971,2102,1162,0.03098106712564544,0.18588640275387264,0.0963855421686747,0.1566265060240964,0.0378657487091222,0.0034423407917383822,61.9,46.199999999999996,44.3,56.8,45.5,91
31194,2102,786,0.020356234096692113,0.18575063613231552,0.07888040712468193,0.15776081424936386,0.035623409669211195,0.0,57.599999999999994,47.099999999999994,53.3,51.3,37.0,57
31249,2102,1044,0.013409961685823755,0.1206896551724138,0.08812260536398467,0.2049808429118774,0.03065134099616858,0.0019157088122605363,59.599999999999994,85.1,53.3,50.0,54.89999999999999,97
31306,2102,1316,0.019756838905775075,0.0911854103343465,0.11246200607902736,0.1945288753799392,0.030395136778115502,0.0,61.199999999999996,79.8,35.8,34.599999999999994,81.3,2
31314,2102,1388,0.04610951008645533,0.15561959654178675,0.07780979827089338,0.1786743515850144,0.053314121037463975,0.004322766570605188,49.4,65.19999999999999,57.3,73.8,41.5,74
31512,2102,1312,0.042682926829268296,0.21798780487804878,0.06707317073170732,0.16463414634146342,0.028963414634146343,0.010670731707317074,47.099999999999994,48.5,52.4,52.8,44.599999999999994,84
31624,2102,224,0.008928571428571428,0.17857142857142858,0.08928571428571429,0.17857142857142858,0.05357142857142857,0.0,60.099999999999994,68.5,30.6,45.4,43.099999999999994,33
31653,2102,194,0.020618556701030927,0.17525773195876287,0.061855670103092786,0.24742268041237114,0.05154639175257732,0.0,49.39999999999999,39.699999999999996,47.99999999999999,57.89999999999999,44.0,16
31782,2102,28,0.07142857142857142,0.2857142857142857,0.0,0.14285714285714285,0.0,0.0,55.0,6.899999999999999,43.8,70.6,29.099999999999998,90
31914,2102,1088,0.022058823529411766,0.18198529411764705,0.05330882352941176,0.1636029411764706,0.04779411764705882,0.001838235294117647,44.699999999999996,49.699999999999996,65.4,40.8,37.9,64
32111,2102,1160,0.04827586206896552,0.3103448275862069,0.09310344827586207,0.12586206896551724,0.03793103448275862,0.0017241379310344827,45.4,15.6,84.1,83.5,42.5,96
32183,2102,1124,0.02491103202846975,0.199288256227758,0.06761565836298933,0.16548042704626334,0.02491103202846975,0.0035587188612099642,35.5,45.89999999999999,34.5,49.0,34.699999999999996,75
32287,2102,482,0.02074688796680498,0.15352697095435686,0.03734439834024896,0.1950207468879668,0.03319502074688797,0.004149377593360996,54.599999999999994,64.8,41.3,45.89999999999999,37.599999999999994,59
32307,2102,1310,0.024427480916030534,0.20305343511450383,0.06870229007633588,0.14045801526717558,0.04732824427480916,0.004580152671755725,60.3,40.3,69.6,63.199999999999996,42.9,78
32334,2102,416,0.04807692307692308,0.11538461538461539,0.0625,0.12980769230769232,0.07211538461538461,0.0,50.099999999999994,83.6,61.699999999999996,60.4,17.2,78
32339,2102,974,0.01642710472279261,0.22381930184804927,0.039014373716632446,0.17248459958932238,0.02053388090349076,0.0,42.1,45.7,37.2,34.699999999999996,30.9,49
32364,2102,106,0.03773584905660377,0.20754716981132076,0.03773584905660377,0.09433962264150944,0.03773584905660377,0.0,43.5,58.69999999999999,27.9,40.0,33.599999999999994,23
32368,2102,320,0.00625,0.1625,0.14375,0.18125,0.05,0.0,58.099999999999994,53.9,48.599999999999994,41.699999999999996,75.5,43
32405,2102,1272,0.025157232704402517,0.12578616352201258,0.09748427672955975,0.1792452830188679,0.0330188679245283,0.007861635220125786,63.1,65.1,52.3,63.099999999999994,49.6,89
32447,2102,368,0.016304347826086956,0.23369565217391305,0.07065217391304347,0.16304347826086957,0.02717391304347826,0.005434782608695652,50.3,52.89999999999999,47.099999999999994,49.0,41.099999999999994,47
32486,2102,1264,0.011075949367088608,0.19936708860759494,0.03322784810126582,0.21360759493670886,0.03481012658227848,0.0015822784810126582,68.0,45.099999999999994,31.2,38.5,21.9,89
32580,2102,1164,0.029209621993127148,0.1013745704467354,0.07560137457044673,0.18384879725085912,0.041237113402061855,0.003436426116838488,44.3,87.19999999999999,37.5,53.7,49.599999999999994,88
32583,2102,946,0.02959830866807611,0.17547568710359407,0.06342494714587738,0.18604651162790697,0.052854122621564484,0.004228329809725159,52.0,54.89999999999999,55.3,39.9,40.8,80
32635,2102,974,0.006160164271047228,0.162217659137577,0.043121149897330596,0.1868583162217659,0.045174537987679675,0.008213552361396304,68.39999999999999,54.8,49.49999999999999,18.7,26.299999999999997,93
32834,2102,38,0.0,0.15789473684210525,0.15789473684210525,0.10526315789473684,0.0,0.0,47.199999999999996,61.699999999999996,45.89999999999999,46.1,37.099999999999994,35
32880,2102,884,0.01583710407239819,0.17647058823529413,0.07692307692307693,0.1583710407239819,0.04524886877828054,0.013574660633484163,47.0,65.3,47.0,52.699999999999996,36.3,76
32882,2102,296,0.02027027027027027,0.16216216216216217,0.08108108108108109,0.16891891891891891,0.04054054054054054,0.0,52.4,57.0,45.8,55.0,47.8,21
32890,2102,16,0.125,0.125,0.0,0.125,0.0,0.0,49.39999999999999,61.099999999999994,40.9,54.6,49.6,43
32956,2102,1126,0.010657193605683837,0.16341030195381884,0.08880994671403197,0.1669626998223801,0.04085257548845471,0.0053285968028419185,61.9,51.699999999999996,44.99999999999999,45.5,38.2,68
32970,2102,284,0.035211267605633804,0.16901408450704225,0.056338028169014086,0.14084507042253522,0.007042253521126761,0.028169014084507043,38.3,43.9,41.6,66.5,32.3,60
32971,2102,538,0.022304832713754646,0.1821561338289963,0.08921933085501858,0.15613382899628253,0.026022304832713755,0.0037174721189591076,43.7,45.3,44.699999999999996,50.9,50.599999999999994,85
33066,2102,764,0.020942408376963352,0.19895287958115182,0.049738219895287955,0.1649214659685864,0.0549738219895288,0.015706806282722512,52.0,48.8,93.6,62.4,37.6,101
33134,2102,962,0.012474012474012475,0.21621621621621623,0.07484407484407485,0.16216216216216217,0.02494802494802495,0.002079002079002079,37.8,42.3,33.4,47.39999999999999,36.199999999999996,21
33236,2102,1118,0.03935599284436494,0.23971377459749552,0.07871198568872988,0.14669051878354203,0.023255813953488372,0.012522361359570662,46.4,39.599999999999994,65.6,58.9,39.3,96
33319,2102,696,0.02586206896551724,0.13218390804597702,0.09770114942528736,0.14942528735632185,0.05459770114942529,0.0028735632183908046,71.7,79.99999999999999,50.8,54.5,52.4,83
33338,2102,150,0.013333333333333334,0.2,0.04,0.17333333333333334,0.02666666666666667,0.0,37.599999999999994,37.9,43.599999999999994,49.8,46.8,62
33349,2102,684,0.011695906432748537,0.20760233918128654,0.038011695906432746,0.20760233918128654,0.02046783625730994,0.0,36.9,33.5,25.9,22.799999999999997,18.2,62
33357,2102,1000,0.004,0.194,0.052,0.164,0.046,0.004,42.599999999999994,52.7,45.89999999999999,33.9,24.9,51
33377,2102,710,0.028169014084507043,0.18028169014084508,0.11830985915492957,0.1323943661971831,0.05070422535211268,0.0,40.199999999999996,42.0,43.199999999999996,65.8,56.4,18
33382,2102,442,0.013574660633484163,0.19909502262443438,0.06334841628959276,0.16289592760180996,0.04072398190045249,0.0,47.6,41.4,39.2,60.4,40.199999999999996,57
33421,2102,1192,0.020134228187919462,0.15268456375838926,0.05704697986577181,0.1493288590604027,0.03523489932885906,0.0016778523489932886,41.2,60.9,52.8,36.2,35.6,60
33539,2102,992,0.038306451612903226,0.1310483870967742,0.09879032258064516,0.1814516129032258,0.03024193548387097,0.004032258064516129,49.5,56.9,49.099999999999994,60.0,52.5,90
33703,2102,1224,0.0392156862745098,0.19117647058823528,0.058823529411764705,0.15196078431372548,0.0457516339869281,0.0032679738562091504,36.8,45.89999999999999,52.49999999999999,56.8,43.3,82
33722,2102,426,0.046948356807511735,0.10328638497652583,0.10328638497652583,0.19718309859154928,0.07042253521126761,0.009389671361502348,75.5,77.6,51.3,62.099999999999994,52.89999999999999,68
33738,2102,78,0.0,0.1794871794871795,0.05128205128205128,0.20512820512820512,0.02564102564102564,0.0,50.69999999999999,62.099999999999994,42.1,65.8,38.8,44
33802,2102,530,0.026415094339622643,0.22641509433962265,0.045283018867924525,0.17735849056603772,0.04905660377358491,0.0037735849056603774,71.89999999999999,39.9,46.3,49.9,36.0,75
33877,2102,594,0.03367003367003367,0.13131313131313133,0.06397306397306397,0.17845117845117844,0.04040404040404041,0.003367003367003367,62.3,84.69999999999999,33.8,45.2,42.099999999999994,28
33977,2102,1032,0.03488372093023256,0.18023255813953487,0.0872093023255814,0.14922480620155038,0.027131782945736434,0.0,33.3,52.0,33.599999999999994,38.5,41.9,6
34014,2102,590,0.013559322033898305,0.15254237288135594,0.07796610169491526,0.1694915254237288,0.030508474576271188,0.003389830508474576,45.199999999999996,68.6,43.599999999999994,42.8,37.2,78
34150,2102,1246,0.030497592295345103,0.12520064205457465,0.08828250401284109,0.17014446227929375,0.03531300160513644,0.0032102728731942215,36.099999999999994,69.89999999999999,43.89999999999999,54.3,42.199999999999996,61
34151,2102,72,0.0,0.027777777777777776,0.05555555555555555,0.08333333333333333,0.027777777777777776,0.0,40.8,45.099999999999994,33.9,39.599999999999994,40.8,35
34211,2102,1028,0.05252918287937743,0.20817120622568094,0.042801556420233464,0.13813229571984437,0.038910505836575876,0.0038910505836575876,47.3,49.199999999999996,32.3,80.39999999999999,24.599999999999998,97
34435,2102,924,0.032467532467532464,0.23376623376623376,0.08225108225108226,0.16233766233766234,0.03463203463203463,0.0021645021645021645,45.599999999999994,46.8,47.89999999999999,69.9,39.4,96
34444,2102,88,0.045454545454545456,0.36363636363636365,0.022727272727272728,0.11363636363636363,0.045454545454545456,0.0,65.5,11.299999999999999,49.9,52.7,43.5,28
34466,2102,1430,0.046153846153846156,0.193006993006993,0.14545454545454545,0.16363636363636364,0.03496503496503497,0.0013986013986013986,57.0,53.99999999999999,57.0,86.89999999999999,89.19999999999999,38
34482,2102,998,0.02004008016032064,0.1342685370741483,0.05410821643286573,0.18236472945891782,0.022044088176352707,0.0,47.3,73.0,28.5,35.599999999999994,31.599999999999998,1
34623,2102,1182,0.04568527918781726,0.24873096446700507,0.08967851099830795,0.15905245346869712,0.03722504230118443,0.0,61.9,44.5,52.3,73.7,51.3,37
34641,2102,58,0.034482758620689655,0.27586206896551724,0.034482758620689655,0.13793103448275862,0.034482758620689655,0.0,57.8,41.8,47.9,37.5,31.9,90
34682,2102,1100,0.014545454545454545,0.14727272727272728,0.07272727272727272,0.16363636363636364,0.045454545454545456,0.0018181818181818182,47.599999999999994,77.0,38.3,38.199999999999996,40.6,83
34690,2102,1144,0.03146853146853147,0.13636363636363635,0.055944055944055944,0.18006993006993008,0.050699300699300696,0.0034965034965034965,48.599999999999994,72.39999999999999,53.4,49.099999999999994,28.799999999999997,81
34708,2102,266,0.0,0.18796992481203006,0.06766917293233082,0.18796992481203006,0.07518796992481203,0.0,47.0,44.699999999999996,50.0,30.0,47.699999999999996,17
34752,2102,600,0.016666666666666666,0.18,0.07,0.18333333333333332,0.03666666666666667,0.01,42.0,52.599999999999994,47.99999999999999,45.599999999999994,37.0,78
34780,2102,1128,0.02127659574468085,0.16134751773049646,0.1276595744680851,0.19326241134751773,0.03723404255319149,0.0,55.099999999999994,54.3,32.3,58.099999999999994,63.6,6
34809,2102,286,0.027972027972027972,0.22377622377622378,0.055944055944055944,0.2517482517482518,0.027972027972027972,0.0,52.5,43.199999999999996,62.699999999999996,48.7,35.5,110
34819,2102,1120,0.02857142857142857,0.22142857142857142,0.11071428571428571,0.1392857142857143,0.0375,0.0,42.4,41.5,55.5,74.2,70.5,70
34848,2102,1378,0.03773584905660377,0.1988388969521045,0.11611030478955008,0.1320754716981132,0.0420899854862119,0.002902757619738752,47.9,57.3,49.3,91.69999999999999,71.19999999999999,10
34881,2102,1218,0.0361247947454844,0.1625615763546798,0.08374384236453201,0.14942528735632185,0.03940886699507389,0.003284072249589491,48.099999999999994,48.89999999999999,51.099999999999994,75.3,59.39999999999999,88
34928,2102,1128,0.024822695035460994,0.19858156028368795,0.07092198581560284,0.18617021276595744,0.030141843971631204,0.0,39.9,41.099999999999994,39.9,43.8,33.8,48
34982,2102,532,0.02631578947368421,0.20300751879699247,0.08646616541353383,0.14661654135338345,0.041353383458646614,0.0,39.199999999999996,47.0,49.49999999999999,47.599999999999994,47.3,94
35315,2102,984,0.028455284552845527,0.13821138211382114,0.09552845528455285,0.1991869918699187,0.0508130081300813,0.0040650406504065045,55.89999999999999,50.199999999999996,47.6,47.6,49.3,55
35543,2102,264,0.015151515151515152,0.23484848484848486,0.07575757575757576,0.15151515151515152,0.06060606060606061,0.007575757575757576,43.49999999999999,33.5,39.699999999999996,53.4,56.2,36
35578,2102,288,0.013888888888888888,0.2638888888888889,0.034722222222222224,0.1597222222222222,0.034722222222222224,0.0,35.3,46.8,29.599999999999994,21.9,23.9,21
35584,2102,396,0.015151515151515152,0.17676767676767677,0.045454545454545456,0.16161616161616163,0.025252525252525252,0.0,37.9,42.5,29.9,32.4,25.699999999999996,75
35727,2102,1354,0.023633677991137372,0.10044313146233383,0.05465288035450517,0.20827178729689808,0.047267355982274745,0.0014771048744460858,62.5,96.4,50.39999999999999,41.8,26.799999999999997,73
35822,2102,1086,0.027624309392265192,0.16574585635359115,0.08839779005524862,0.1731123388581952,0.053406998158379376,0.0055248618784530384,53.5,62.599999999999994,60.5,50.99999999999999,45.199999999999996,77
35828,2102,1134,0.014109347442680775,0.1164021164021164,0.054673721340388004,0.18165784832451498,0.037037037037037035,0.0,50.3,68.3,59.89999999999999,49.599999999999994,40.099999999999994,80
35852,2102,1004,0.017928286852589643,0.17928286852589642,0.06573705179282868,0.17131474103585656,0.029880478087649404,0.00597609561752988,49.199999999999996,50.69999999999999,59.099999999999994,38.5,37.2,78
35904,2102,940,0.023404255319148935,0.17659574468085107,0.06808510638297872,0.1574468085106383,0.03829787234042553,0.00425531914893617,48.89999999999999,55.9,50.199999999999996,50.5,53.5,54
35907,2102,684,0.023391812865497075,0.24269005847953215,0.07602339181286549,0.16666666666666666,0.02631578947368421,0.0029239766081871343,46.099999999999994,37.7,43.8,34.099999999999994,33.9,66
36207,2102,506,0.03557312252964427,0.21739130434782608,0.07114624505928854,0.16996047430830039,0.04743083003952569,0.0,46.3,37.3,37.3,66.6,42.3,5
36424,2102,194,0.020618556701030927,0.12371134020618557,0.07216494845360824,0.1958762886597938,0.030927835051546393,0.010309278350515464,44.3,68.6,62.5,34.599999999999994,56.5,77
36431,2102,402,0.01990049751243781,0.14427860696517414,0.05970149253731343,0.12935323383084577,0.03482587064676617,0.0,42.3,50.0,35.3,40.6,36.3,9
36525,2102,836,0.023923444976076555,0.1674641148325359,0.09090909090909091,0.1722488038277512,0.02631578947368421,0.0023923444976076554,46.49999999999999,61.89999999999999,37.8,50.699999999999996,42.9,67
36543,2102,1016,0.023622047244094488,0.14173228346456693,0.08070866141732283,0.1889763779527559,0.06299212598425197,0.003937007874015748,52.3,77.3,49.599999999999994,50.3,47.3,88
36566,2102,728,0.027472527472527472,0.1346153846153846,0.07692307692307693,0.19230769230769232,0.046703296703296704,0.0,38.4,53.099999999999994,49.8,49.8,50.199999999999996,72
36579,2102,740,0.024324324324324326,0.17567567567567569,0.07837837837837838,0.14864864864864866,0.03513513513513514,0.005405405405405406,49.8,48.8,59.99999999999999,43.199999999999996,49.9,88
36588,2102,1314,0.0441400304414003,0.2572298325722983,0.0776255707762557,0.1689497716894977,0.0334855403348554,0.0,70.5,27.699999999999996,37.4,85.0,40.8,36
36614,2102,944,0.014830508474576272,0.1504237288135593,0.1016949152542373,0.1906779661016949,0.0423728813559322,0.00423728813559322,81.3,64.3,34.0,41.0,46.3,57
36735,2102,398,0.005025125628140704,0.22110552763819097,0.06030150753768844,0.1457286432160804,0.04020100502512563,0.005025125628140704,36.3,36.0,45.3,47.0,36.0,94
36796,2102,848,0.02830188679245283,0.17452830188679244,0.08490566037735849,0.1721698113207547,0.049528301886792456,0.0023584905660377358,47.599999999999994,56.89999999999999,53.5,49.49999999999999,53.5,93
36797,2102,42,0.047619047619047616,0.19047619047619047,0.0,0.19047619047619047,0.0,0.0,57.599999999999994,55.9,33.3,57.5,44.9,48
36824,2102,776,0.059278350515463915,0.24484536082474226,0.10309278350515463,0.11855670103092783,0.03350515463917526,0.0,52.9,13.3,36.3,76.2,64.1,30
36879,2102,1042,0.02111324376199616,0.19001919385796545,0.05950095969289827,0.15163147792706333,0.030710172744721688,0.007677543186180422,38.0,50.0,69.7,52.0,34.0,107
36902,2102,1314,0.0319634703196347,0.1278538812785388,0.1050228310502283,0.1796042617960426,0.0426179604261796,0.0015220700152207,50.3,64.3,64.3,58.3,54.3,99
37029,2102,616,0.025974025974025976,0.11688311688311688,0.05844155844155844,0.20454545454545456,0.05519480519480519,0.003246753246753247,52.99999999999999,74.0,47.99999999999999,50.0,43.0,71
37068,2102,980,0.02040816326530612,0.17959183673469387,0.07346938775510205,0.12653061224489795,0.05918367346938776,0.0020408163265306124,46.8,43.8,68.5,48.3,40.199999999999996,79
37135,2102,1298,0.03543913713405239,0.14637904468412943,0.08628659476117104,0.1941448382126348,0.04160246533127889,0.0061633281972265025,49.0,67.0,47.99999999999999,56.3,48.3,80
37140,2102,976,0.012295081967213115,0.1680327868852459,0.06967213114754098,0.19672131147540983,0.022540983606557378,0.0,50.0,47.99999999999999,22.0,33.0,42.0,20
37147,2102,846,0.018912529550827423,0.12529550827423167,0.08983451536643026,0.1938534278959811,0.037825059101654845,0.0,47.3,60.3,47.3,54.599999999999994,57.599999999999994,74
37284,2102,94,0.02127659574468085,0.0851063829787234,0.06382978723404255,0.19148936170212766,0.02127659574468085,0.0,44.4,54.8,46.8,64.6,39.1,57
37342,2102,262,0.015267175572519083,0.22137404580152673,0.07633587786259542,0.16030534351145037,0.022900763358778626,0.0,41.3,50.6,32.599999999999994,39.599999999999994,30.6,72
37744,2102,682,0.017595307917888565,0.1935483870967742,0.04985337243401759,0.17008797653958943,0.02346041055718475,0.002932551319648094,41.699999999999996,48.699999999999996,30.4,40.4,24.4,4
37749,2102,876,0.00684931506849315,0.16210045662100456,0.0958904109589041,0.19863013698630136,0.045662100456621,0.00228310502283105,50.6,53.89999999999999,40.199999999999996,27.9,52.8,56
37811,2102,1210,0.04628099173553719,0.2743801652892562,0.0859504132231405,0.14710743801652892,0.04132231404958678,0.006611570247933884,49.9,21.299999999999997,98.89999999999999,69.19999999999999,55.099999999999994,91
38147,2102,2,0.0,1.0,0.0,0.0,0.0,0.0,14.0,30.0,19.0,11.999999999999998,43.3,13
38167,2102,1302,0.055299539170506916,0.2304147465437788,0.053763440860215055,0.15668202764976957,0.029185867895545316,0.0,50.6,32.3,45.199999999999996,67.4,44.199999999999996,62
38170,2102,1298,0.01848998459167951,0.12480739599383667,0.0724191063174114,0.1926040061633282,0.040061633281972264,0.0061633281972265025,58.89999999999999,85.19999999999999,49.49999999999999,37.9,47.199999999999996,78
38298,2102,98,0.0,0.08163265306122448,0.04081632653061224,0.22448979591836735,0.061224489795918366,0.0,44.8,79.6,49.99999999999999,36.8,44.599999999999994,85
38529,2102,486,0.0205761316872428,0.18930041152263374,0.06172839506172839,0.17695473251028807,0.024691358024691357,0.00411522633744856,36.0,47.99999999999999,28.0,39.0,36.0,34
38538,2102,796,0.03015075376884422,0.19095477386934673,0.0829145728643216,0.14321608040201006,0.032663316582914576,0.002512562814070352,48.3,66.0,44.3,63.3,49.3,12
38610,2102,1328,0.030120481927710843,0.13102409638554216,0.07981927710843373,0.18072289156626506,0.03313253012048193,0.0030120481927710845,43.699999999999996,67.39999999999999,40.4,72.19999999999999,46.099999999999994,41
38663,2102,280,0.02857142857142857,0.10714285714285714,0.12142857142857143,0.15714285714285714,0.04285714285714286,0.007142857142857143,81.5,66.5,24.4,54.9,45.8,44
38739,2102,40,0.0,0.05,0.05,0.2,0.0,0.0,45.0,63.599999999999994,57.199999999999996,39.599999999999994,33.3,90
38828,2102,520,0.011538461538461539,0.19615384615384615,0.046153846153846156,0.19230769230769232,0.03461538461538462,0.0,41.3,37.3,27.299999999999997,37.599999999999994,16.299999999999997,28
38865,2102,1420,0.061971830985915494,0.2056338028169014,0.10422535211267606,0.1591549295774648,0.030985915492957747,0.0,38.4,44.099999999999994,44.9,88.19999999999999,94.5,7
38869,2102,794,0.0327455919395466,0.23929471032745592,0.055415617128463476,0.13602015113350127,0.04030226700251889,0.007556675062972292,40.3,43.0,66.89999999999999,55.599999999999994,30.0,85
38876,2102,274,0.021897810218978103,0.19708029197080293,0.08029197080291971,0.13138686131386862,0.051094890510948905,0.0,53.2,53.89999999999999,47.199999999999996,49.199999999999996,63.099999999999994,75
38910,2102,18,0.1111111111111111,0.2222222222222222,0.0,0.2222222222222222,0.0,0.0,55.599999999999994,78.6,42.599999999999994,62.199999999999996,40.6,33
38911,2102,188,0.010638297872340425,0.14893617021276595,0.031914893617021274,0.11702127659574468,0.02127659574468085,0.0,41.6,58.89999999999999,33.3,54.8,41.9,49
38979,2102,762,0.01837270341207349,0.16010498687664043,0.12860892388451445,0.17060367454068243,0.028871391076115485,0.0026246719160104987,58.599999999999994,59.599999999999994,36.3,50.199999999999996,50.199999999999996,40
39058,2102,1408,0.028409090909090908,0.20170454545454544,0.08806818181818182,0.17329545454545456,0.036931818181818184,0.007102272727272727,64.6,50.6,50.199999999999996,63.8,53.5,88
39100,2102,946,0.02959830866807611,0.15856236786469344,0.1416490486257928,0.12684989429175475,0.040169133192389,0.0,48.5,49.49999999999999,48.699999999999996,46.599999999999994,72.89999999999999,28
39162,2102,1314,0.0045662100456621,0.1035007610350076,0.0791476407914764,0.213089802130898,0.0532724505327245,0.0,63.2,91.8,54.99999999999999,1.0,47.9,90
39192,2102,844,0.02132701421800948,0.18246445497630331,0.06635071090047394,0.12796208530805686,0.04739336492890995,0.0,44.3,47.3,59.599999999999994,39.599999999999994,38.3,86
39227,2102,128,0.0,0.1875,0.0625,0.09375,0.03125,0.0,37.4,60.2,40.5,56.0,36.8,71
39230,2102,1232,0.03409090909090909,0.14123376623376624,0.08603896103896104,0.17045454545454544,0.05032467532467533,0.00487012987012987,63.89999999999999,58.599999999999994,59.19999999999999,70.5,41.6,89
39405,2102,1106,0.0162748643761302,0.17540687160940324,0.06690777576853527,0.15370705244122965,0.05063291139240506,0.0054249547920434,63.3,50.0,47.3,45.3,31.299999999999997,72
39410,2102,76,0.02631578947368421,0.15789473684210525,0.18421052631578946,0.10526315789473684,0.05263157894736842,0.0,45.599999999999994,39.599999999999994,47.49999999999999,38.199999999999996,36.6,41
39416,2102,262,0.022900763358778626,0.183206106870229,0.10687022900763359,0.15267175572519084,0.03816793893129771,0.0,64.6,59.599999999999994,46.89999999999999,37.599999999999994,84.6,50
39587,2102,1216,0.029605263157894735,0.12664473684210525,0.06743421052631579,0.21875,0.047697368421052634,0.001644736842105263,83.6,63.89999999999999,47.9,54.49999999999999,37.9,81
39596,2102,886,0.01580135440180587,0.1399548532731377,0.04966139954853273,0.19187358916478556,0.04288939051918736,0.011286681715575621,50.3,59.3,43.599999999999994,43.599999999999994,32.3,76
39625,2102,1094,0.05850091407678245,0.3235831809872029,0.05301645338208409,0.16087751371115175,0.027422303473491772,0.0018281535648994515,47.3,11.999999999999998,32.3,98.19999999999999,36.3,16
39691,2102,1254,0.02711323763955343,0.17862838915470494,0.051036682615629984,0.21212121212121213,0.0430622009569378,0.001594896331738437,78.19999999999999,59.39999999999999,60.8,56.699999999999996,35.9,35
39772,2102,470,0.01702127659574468,0.1276595744680851,0.1148936170212766,0.20425531914893616,0.029787234042553193,0.00425531914893617,39.599999999999994,64.89999999999999,54.19999999999999,70.1,71.1,62
39776,2102,266,0.022556390977443608,0.2857142857142857,0.09774436090225563,0.10526315789473684,0.07518796992481203,0.0,37.0,40.3,37.3,31.299999999999997,38.3,8
39787,2102,534,0.011235955056179775,0.1797752808988764,0.03745318352059925,0.1760299625468165,0.0449438202247191,0.0,34.0,41.0,47.99999999999999,23.999999999999996,40.0,47
39789,2102,626,0.025559105431309903,0.16613418530351437,0.08626198083067092,0.16293929712460065,0.03514376996805112,0.0,37.4,45.8,37.099999999999994,57.99999999999999,66.0,15
39905,2102,1088,0.04595588235294118,0.16727941176470587,0.08823529411764706,0.21323529411764705,0.034926470588235295,0.0,54.1,58.8,28.4,79.6,59.199999999999996,1
39940,2102,1088,0.009191176470588236,0.11397058823529412,0.04779411764705882,0.20955882352941177,0.03676470588235294,0.001838235294117647,33.0,82.3,38.3,37.3,27.299999999999997,79
39957,2102,890,0.006741573033707865,0.17752808988764046,0.0696629213483146,0.17752808988764046,0.0651685393258427,0.006741573033707865,44.3,46.599999999999994,49.199999999999996,34.3,39.9,44
39974,2102,1414,0.04809052333804809,0.14002828854314003,0.07496463932107496,0.19094766619519093,0.033946251768033946,0.002828854314002829,50.0,72.0,45.99999999999999,69.0,38.0,77
39979,2102,1088,0.02389705882352941,0.16727941176470587,0.08088235294117647,0.14154411764705882,0.03308823529411765,0.0,43.0,63.3,42.0,54.599999999999994,38.3,14
39984,2102,780,0.017948717948717947,0.13333333333333333,0.10512820512820513,0.17692307692307693,0.046153846153846156,0.002564102564102564,53.599999999999994,66.89999999999999,66.8,40.199999999999996,61.099999999999994,55
40126,2102,156,0.01282051282051282,0.24358974358974358,0.038461538461538464,0.1282051282051282,0.02564102564102564,0.0,36.9,36.099999999999994,44.5,34.5,45.8,7
40134,2102,1336,0.0374251497005988,0.1122754491017964,0.08832335329341318,0.1661676646706587,0.04341317365269461,0.0029940119760479044,52.49999999999999,88.0,53.8,56.3,40.1,48
40138,2102,730,0.010958904109589041,0.2191780821917808,0.08493150684931507,0.12876712328767123,0.0410958904109589,0.0027397260273972603,32.699999999999996,40.1,49.9,47.9,46.599999999999994,35
40180,2102,1468,0.039509536784741145,0.2016348773841962,0.08991825613079019,0.16212534059945505,0.039509536784741145,0.005449591280653951,61.89999999999999,48.89999999999999,70.39999999999999,62.099999999999994,62.099999999999994,79
40181,2102,352,0.017045454545454544,0.22727272727272727,0.09090909090909091,0.14204545454545456,0.028409090909090908,0.0,50.699999999999996,43.699999999999996,40.4,48.4,53.099999999999994,42
40212,2102,870,0.022988505747126436,0.19310344827586207,0.07126436781609195,0.12413793103448276,0.04597701149425287,0.004597701149425287,58.3,54.3,48.599999999999994,62.599999999999994,60.9,72
40265,2102,1180,0.022033898305084745,0.17288135593220338,0.0847457627118644,0.15084745762711865,0.06610169491525424,0.005084745762711864,59.599999999999994,61.599999999999994,56.1,41.199999999999996,49.3,64
40306,2102,1008,0.027777777777777776,0.1746031746031746,0.07142857142857142,0.17261904761904762,0.03571428571428571,0.001984126984126984,47.99999999999999,50.0,37.0,50.3,36.0,48
40311,2102,484,0.02066115702479339,0.17768595041322313,0.08677685950413223,0.14049586776859505,0.02066115702479339,0.004132231404958678,35.3,40.6,65.8,46.89999999999999,52.5,73
40325,2102,1178,0.02037351443123939,0.14770797962648557,0.0831918505942275,0.21052631578947367,0.03735144312393888,0.0050933786078098476,86.4,75.8,43.099999999999994,35.4,41.8,98
40332,2102,132,0.015151515151515152,0.12121212121212122,0.15151515151515152,0.19696969696969696,0.030303030303030304,0.0,37.3,59.3,49.9,48.3,46.599999999999994,73
40389,2102,356,0.011235955056179775,0.23595505617977527,0.028089887640449437,0.20786516853932585,0.0449438202247191,0.0056179775280898875,49.1,42.699999999999996,43.8,33.4,25.4,70
40410,2102,924,0.01948051948051948,0.2012987012987013,0.045454545454545456,0.14935064935064934,0.03463203463203463,0.012987012987012988,32.699999999999996,40.4,42.5,36.099999999999994,27.099999999999998,90
40411,2102,1362,0.039647577092511016,0.19236417033773862,0.09544787077826726,0.16593245227606462,0.033773861967694566,0.0014684287812041115,52.9,47.599999999999994,72.5,77.1,51.5,76
40419,2102,992,0.03225806451612903,0.17137096774193547,0.05040322580645161,0.17540322580645162,0.016129032258064516,0.0020161290322580645,48.8,44.099999999999994,40.199999999999996,38.5,35.8,89
40442,2102,588,0.027210884353741496,0.19387755102040816,0.08503401360544217,0.19047619047619047,0.047619047619047616,0.006802721088435374,59.3,50.99999999999999,58.599999999999994,54.599999999999994,47.3,83
40465,2102,1138,0.012302284710017574,0.15114235500878734,0.07205623901581722,0.20035149384885764,0.033391915641476276,0.008787346221441126,66.8,56.099999999999994,52.9,43.8,39.8,75
40512,2102,440,0.01818181818181818,0.21363636363636362,0.05454545454545454,0.2318181818181818,0.031818181818181815,0.0,45.0,40.0,31.299999999999997,40.6,46.599999999999994,17
40646,2102,1400,0.014285714285714285,0.09857142857142857,0.13714285714285715,0.18857142857142858,0.03,0.0014285714285714286,49.9,82.19999999999999,33.599999999999994,35.6,76.39999999999999,65
40686,2102,996,0.04417670682730924,0.1646586345381526,0.05622489959839357,0.15863453815261044,0.03815261044176707,0.006024096385542169,49.49999999999999,67.89999999999999,58.8,70.9,34.599999999999994,54
40771,2102,1002,0.033932135728542916,0.12375249500998003,0.05588822355289421,0.19161676646706588,0.033932135728542916,0.001996007984031936,57.699999999999996,73.3,56.699999999999996,49.699999999999996,26.2,79
40871,2102,246,0.024390243902439025,0.25203252032520324,0.024390243902439025,0.14634146341463414,0.032520325203252036,0.0,38.5,46.5,43.8,45.8,59.89999999999999,32
40908,2102,1362,0.020558002936857563,0.15418502202643172,0.07342143906020558,0.18502202643171806,0.04405286343612335,0.004405286343612335,70.6,59.89999999999999,50.69999999999999,53.3,43.8,82
41117,2102,836,0.019138755980861243,0.20095693779904306,0.06220095693779904,0.18421052631578946,0.04066985645933014,0.0023923444976076554,59.599999999999994,50.9,51.699999999999996,45.3,29.199999999999996,87
41130,2102,274,0.021897810218978103,0.20437956204379562,0.029197080291970802,0.1386861313868613,0.051094890510948905,0.0072992700729927005,49.0,52.3,62.89999999999999,51.0,41.9,72
41225,2102,654,0.021406727828746176,0.1834862385321101,0.03669724770642202,0.1712538226299694,0.04892966360856269,0.0030581039755351682,53.099999999999994,48.0,56.8,58.9,36.9,86
41260,2102,32,0.0,0.3125,0.125,0.1875,0.0625,0.0,31.0,45.599999999999994,35.3,26.6,29.599999999999994,61
41607,2102,704,0.017045454545454544,0.16761363636363635,0.06818181818181818,0.1534090909090909,0.028409090909090908,0.0,46.8,51.2,40.3,39.699999999999996,37.099999999999994,70
41629,2102,676,0.014792899408284023,0.13609467455621302,0.05621301775147929,0.23372781065088757,0.03550295857988166,0.005917159763313609,35.6,75.7,32.9,33.7,34.0,72
42199,2102,572,0.013986013986013986,0.1958041958041958,0.0979020979020979,0.16433566433566432,0.08041958041958042,0.006993006993006993,48.89999999999999,55.199999999999996,72.1,56.5,64.8,67
42226,2102,868,0.02304147465437788,0.18663594470046083,0.05069124423963134,0.16359447004608296,0.027649769585253458,0.0,38.4,56.199999999999996,32.099999999999994,51.599999999999994,37.099999999999994,56
42267,2102,1088,0.025735294117647058,0.2261029411764706,0.06066176470588235,0.18198529411764705,0.04044117647058824,0.003676470588235294,54.599999999999994,42.3,46.599999999999994,43.599999999999994,37.599999999999994,34
42281,2102,1166,0.017152658662092625,0.1955403087478559,0.07547169811320754,0.1783876500857633,0.029159519725557463,0.008576329331046312,56.3,61.3,54.599999999999994,46.599999999999994,43.3,74
42377,2102,922,0.021691973969631236,0.19305856832971802,0.0737527114967462,0.1648590021691974,0.04772234273318872,0.0021691973969631237,41.0,47.3,35.3,50.0,41.3,83
42462,2102,168,0.0,0.17857142857142858,0.05952380952380952,0.19047619047619047,0.023809523809523808,0.0,69.89999999999999,41.6,40.9,49.49999999999999,38.9,74
42565,2102,1134,0.012345679012345678,0.15167548500881833,0.06701940035273368,0.19400352733686066,0.031746031746031744,0.001763668430335097,42.4,60.5,38.8,41.8,29.1,58
42626,2102,1410,0.03404255319148936,0.17872340425531916,0.062411347517730496,0.16879432624113475,0.032624113475177303,0.0014184397163120568,82.19999999999999,52.5,48.2,57.0,40.5,27
42688,2102,1476,0.005420054200542005,0.0975609756097561,0.05420054200542006,0.20596205962059622,0.04742547425474255,0.005420054200542005,74.8,101.1,60.099999999999994,9.4,37.5,104
42699,2102,16,0.0,0.125,0.0,0.125,0.125,0.0,41.6,47.9,31.6,48.199999999999996,46.199999999999996,67
42743,2102,358,0.01675977653631285,0.13966480446927373,0.05027932960893855,0.21787709497206703,0.0335195530726257,0.0,45.0,48.3,23.999999999999996,29.299999999999997,33.0,2
42752,2102,848,0.025943396226415096,0.19339622641509435,0.07547169811320754,0.17452830188679244,0.04009433962264151,0.0023584905660377358,56.3,48.3,47.599999999999994,49.9,45.3,82
42755,2102,1302,0.03379416282642089,0.13671274961597543,0.08755760368663594,0.14285714285714285,0.03686635944700461,0.0015360983102918587,42.3,68.2,48.199999999999996,64.1,44.199999999999996,3
42767,2102,232,0.02586206896551724,0.2672413793103448,0.07758620689655173,0.20689655172413793,0.0,0.0,35.0,37.0,27.0,47.0,43.699999999999996,19
42801,2102,24,0.08333333333333333,0.25,0.08333333333333333,0.0,0.0,0.0,49.3,57.99999999999999,52.3,49.3,51.3,61
42818,2102,288,0.006944444444444444,0.1875,0.09722222222222222,0.125,0.034722222222222224,0.013888888888888888,41.0,45.3,42.3,32.0,42.3,88
42856,2102,1154,0.01386481802426343,0.13518197573656845,0.07625649913344887,0.2027729636048527,0.04679376083188908,0.0034662045060658577,85.0,77.5,45.599999999999994,15.1,51.4,52
42876,2102,96,0.0,0.2916666666666667,0.041666666666666664,0.08333333333333333,0.041666666666666664,0.0,41.8,36.699999999999996,29.2,30.799999999999997,40.199999999999996,19
42881,2102,1074,0.01303538175046555,0.16387337057728119,0.0595903165735568,0.17318435754189945,0.0446927374301676,0.0037243947858473,39.3,43.3,40.9,39.599999999999994,36.6,36
42970,2102,990,0.03636363636363636,0.15353535353535352,0.06464646464646465,0.1414141414141414,0.06060606060606061,0.0,59.599999999999994,59.599999999999994,43.9,66.2,52.5,20
43127,2102,36,0.05555555555555555,0.3333333333333333,0.1111111111111111,0.05555555555555555,0.0,0.0,47.099999999999994,21.4,81.89999999999999,64.19999999999999,55.699999999999996,47
43217,2102,1170,0.02564102564102564,0.17094017094017094,0.10598290598290598,0.15897435897435896,0.06153846153846154,0.006837606837606838,47.5,54.9,67.89999999999999,47.699999999999996,53.8,88
43263,2102,854,0.01873536299765808,0.11007025761124122,0.06323185011709602,0.1873536299765808,0.04918032786885246,0.00234192037470726,45.0,75.1,38.4,47.39999999999999,32.699999999999996,29
43279,2102,206,0.0,0.23300970873786409,0.08737864077669903,0.1262135922330097,0.04854368932038835,0.0,38.3,39.0,37.0,31.0,45.0,76
43385,2102,1256,0.022292993630573247,0.15127388535031847,0.08439490445859872,0.18152866242038215,0.03821656050955414,0.006369426751592357,52.8,61.49999999999999,62.3,38.8,51.9,58
43502,2102,1302,0.019969278033794162,0.1152073732718894,0.06758832565284179,0.1889400921658986,0.039938556067588324,0.0030721966205837174,48.49999999999999,80.1,59.39999999999999,50.4,33.9,77
43666,2102,32,0.0,0.0625,0.0625,0.25,0.0,0.0,41.6,78.69999999999999,45.599999999999994,41.5,29.9,78
43700,2102,1042,0.0345489443378119,0.18426103646833014,0.06525911708253358,0.16698656429942418,0.030710172744721688,0.007677543186180422,42.8,50.099999999999994,40.8,62.89999999999999,43.9,97
43802,2102,922,0.026030368763557483,0.16702819956616052,0.04338394793926247,0.16702819956616052,0.05639913232104121,0.0,49.1,55.099999999999994,36.4,48.5,34.4,37
43909,2102,296,0.006756756756756757,0.12837837837837837,0.12837837837837837,0.22972972972972974,0.0472972972972973,0.0,50.099999999999994,59.39999999999999,36.099999999999994,48.599999999999994,49.8,12
44046,2102,962,0.02494802494802495,0.2203742203742204,0.08523908523908524,0.158004158004158,0.0498960498960499,0.004158004158004158,36.3,38.9,49.3,45.599999999999994,78.3,66
44129,2102,424,0.0047169811320754715,0.15566037735849056,0.0660377358490566,0.19339622641509435,0.03773584905660377,0.0047169811320754715,71.19999999999999,85.69999999999999,64.19999999999999,38.099999999999994,41.5,97
44144,2102,886,0.009029345372460496,0.18510158013544017,0.07674943566591422,0.16252821670428894,0.040632054176072234,0.0,41.099999999999994,46.3,47.699999999999996,37.3,49.3,16
44157,2102,528,0.022727272727272728,0.1893939393939394,0.10227272727272728,0.1893939393939394,0.03787878787878788,0.003787878787878788,50.2,48.7,42.3,68.8,92.89999999999999,57
44175,2102,172,0.011627906976744186,0.16279069767441862,0.10465116279069768,0.18604651162790697,0.046511627906976744,0.0,46.199999999999996,47.3,39.0,33.099999999999994,43.8,50
44273,2102,98,0.04081632653061224,0.24489795918367346,0.10204081632653061,0.16326530612244897,0.02040816326530612,0.0,28.5,37.8,33.1,77.3,55.49999999999999,63
44301,2102,412,0.03398058252427184,0.22815533980582525,0.10194174757281553,0.1796116504854369,0.038834951456310676,0.0,44.8,46.4,28.1,61.3,80.8,74
44319,2102,432,0.004629629629629629,0.16666666666666666,0.08796296296296297,0.14814814814814814,0.032407407407407406,0.004629629629629629,71.2,69.2,33.9,8.2,32.8,39
44412,2102,82,0.0,0.2682926829268293,0.04878048780487805,0.21951219512195122,0.024390243902439025,0.0,43.099999999999994,42.4,45.4,54.2,37.2,32
44414,2102,1198,0.048414023372287146,0.2337228714524207,0.11352253756260434,0.1652754590984975,0.05843071786310518,0.0,78.5,29.9,55.9,85.9,58.0,18
44459,2102,1040,0.023076923076923078,0.2076923076923077,0.07884615384615384,0.16346153846153846,0.026923076923076925,0.0038461538461538464,40.5,46.49999999999999,60.599999999999994,58.9,51.8,64
44473,2102,434,0.03225806451612903,0.16589861751152074,0.06451612903225806,0.15207373271889402,0.07373271889400922,0.0,36.2,40.8,42.599999999999994,31.799999999999997,37.4,85
44539,2102,1072,0.016791044776119403,0.1828358208955224,0.08208955223880597,0.15671641791044777,0.05037313432835821,0.0018656716417910447,48.199999999999996,40.199999999999996,44.699999999999996,57.49999999999999,46.599999999999994,69
44710,2102,508,0.015748031496062992,0.11023622047244094,0.06692913385826772,0.18503937007874016,0.015748031496062992,0.0,43.4,79.69999999999999,48.599999999999994,47.599999999999994,28.5,78
44869,2102,1362,0.016152716593245228,0.17327459618208516,0.13509544787077826,0.18649045521292218,0.02643171806167401,0.005873715124816446,47.9,46.599999999999994,46.5,53.699999999999996,78.69999999999999,74
44889,2102,828,0.024154589371980676,0.17391304347826086,0.06280193236714976,0.1497584541062802,0.036231884057971016,0.0024154589371980675,36.5,54.199999999999996,34.0,29.699999999999996,45.2,43
45058,2102,166,0.0,0.2891566265060241,0.0963855421686747,0.1566265060240964,0.024096385542168676,0.0,48.599999999999994,38.8,44.39999999999999,4.499999999999999,32.9,77
45113,2102,1378,0.023222060957910014,0.11175616835994194,0.0899854862119013,0.20319303338171263,0.059506531204644414,0.00725689404934688,94.69999999999999,79.3,82.5,49.6,36.599999999999994,71
45137,2102,56,0.03571428571428571,0.17857142857142858,0.07142857142857142,0.21428571428571427,0.07142857142857142,0.0,38.9,55.2,43.49999999999999,48.0,30.699999999999996,81
45165,2102,130,0.015384615384615385,0.13846153846153847,0.06153846153846154,0.15384615384615385,0.07692307692307693,0.0,47.39999999999999,56.89999999999999,47.8,53.99999999999999,37.4,45
45622,2102,560,0.02142857142857143,0.2571428571428571,0.09285714285714286,0.14642857142857144,0.039285714285714285,0.0035714285714285713,50.69999999999999,32.9,48.5,46.5,68.6,66
45676,2102,302,0.013245033112582781,0.2847682119205298,0.09933774834437085,0.09933774834437085,0.006622516556291391,0.0,27.599999999999998,32.599999999999994,38.8,28.199999999999996,69.8,4
45772,2102,392,0.03571428571428571,0.2193877551020408,0.08673469387755102,0.1326530612244898,0.0663265306122449,0.0,56.2,44.5,48.89999999999999,50.39999999999999,49.8,1
45901,2102,1346,0.022288261515601784,0.1575037147102526,0.1099554234769688,0.1664190193164933,0.031203566121842496,0.005943536404160475,49.8,58.8,46.8,50.199999999999996,60.89999999999999,70
45957,2102,1216,0.04111842105263158,0.15953947368421054,0.08388157894736842,0.17598684210526316,0.06578947368421052,0.001644736842105263,50.9,60.199999999999996,55.8,72.4,49.8,17
46065,2102,634,0.015772870662460567,0.17665615141955837,0.08832807570977919,0.15772870662460567,0.03470031545741325,0.0,51.4,60.49999999999999,42.599999999999994,55.4,32.3,77
46113,2102,144,0.041666666666666664,0.1527777777777778,0.125,0.08333333333333333,0.08333333333333333,0.013888888888888888,37.599999999999994,48.39999999999999,61.099999999999994,46.9,56.699999999999996,100
46121,2102,164,0.024390243902439025,0.0975609756097561,0.08536585365853659,0.21951219512195122,0.012195121951219513,0.012195121951219513,50.69999999999999,61.5,57.3,53.599999999999994,54.3,31
46430,2102,646,0.015479876160990712,0.15789473684210525,0.04953560371517028,0.17647058823529413,0.034055727554179564,0.0,41.6,52.9,38.199999999999996,32.599999999999994,49.099999999999994,3
46484,2102,178,0.07865168539325842,0.23595505617977527,0.07865168539325842,0.0898876404494382,0.02247191011235955,0.0,48.599999999999994,24.9,51.3,67.5,36.099999999999994,89
46814,2102,1294,0.02936630602782071,0.1391035548686244,0.07418856259659969,0.15301391035548687,0.04945904173106646,0.0030911901081916537,62.9,68.39999999999999,47.9,48.8,33.3,79
46853,2102,1206,0.04643449419568822,0.1857379767827529,0.15257048092868988,0.15257048092868988,0.03150912106135987,0.0,30.799999999999997,47.6,36.599999999999994,85.1,82.69999999999999,74
47001,2102,228,0.0,0.09649122807017543,0.008771929824561403,0.21052631578947367,0.05263157894736842,0.0,38.9,84.0,34.5,28.5,28.5,2
47056,2102,414,0.01932367149758454,0.18840579710144928,0.06763285024154589,0.15458937198067632,0.043478260869565216,0.0,40.099999999999994,46.099999999999994,44.099999999999994,50.599999999999994,38.0,9
47095,2102,34,0.058823529411764705,0.17647058823529413,0.0,0.11764705882352941,0.0,0.0,37.5,65.89999999999999,27.7,49.3,35.599999999999994,3
47286,2102,1202,0.026622296173044926,0.18469217970049917,0.07820299500831947,0.17637271214642264,0.04658901830282862,0.0033277870216306157,61.7,57.599999999999994,40.5,46.1,43.199999999999996,81
47372,2102,176,0.03409090909090909,0.18181818181818182,0.11363636363636363,0.14772727272727273,0.07954545454545454,0.0,53.3,62.599999999999994,56.3,59.599999999999994,50.3,26
47558,2102,1196,0.011705685618729096,0.13210702341137123,0.06856187290969899,0.17725752508361203,0.05852842809364549,0.0033444816053511705,65.7,64.7,47.39999999999999,33.699999999999996,40.599999999999994,37
47609,2102,1382,0.03473227206946455,0.18813314037626627,0.09117221418234443,0.1577424023154848,0.03762662807525326,0.001447178002894356,35.0,51.3,49.599999999999994,74.89999999999999,48.599999999999994,69
47759,2102,878,0.018223234624145785,0.18223234624145787,0.09111617312072894,0.17312072892938496,0.06378132118451026,0.0,59.0,47.0,54.0,56.3,65.0,63
47791,2102,1038,0.04816955684007707,0.27167630057803466,0.08863198458574181,0.11175337186897881,0.04238921001926782,0.0038535645472061657,44.4,22.4,82.4,67.89999999999999,64.69999999999999,78
47844,2102,838,0.00954653937947494,0.18615751789976134,0.07875894988066826,0.14558472553699284,0.06205250596658711,0.00477326968973747,62.099999999999994,53.4,86.8,27.699999999999996,86.1,80
47982,2102,92,0.043478260869565216,0.10869565217391304,0.10869565217391304,0.32608695652173914,0.043478260869565216,0.0,42.599999999999994,78.3,51.699999999999996,41.4,46.199999999999996,65
48146,2102,1190,0.021848739495798318,0.2218487394957983,0.12941176470588237,0.13445378151260504,0.02689075630252101,0.0016806722689075631,46.49999999999999,29.799999999999997,44.99999999999999,74.69999999999999,89.1,46
48170,2102,444,0.03153153153153153,0.2882882882882883,0.13513513513513514,0.1036036036036036,0.03153153153153153,0.0045045045045045045,34.599999999999994,17.5,46.599999999999994,55.99999999999999,76.69999999999999,85
48253,2102,22,0.0,0.09090909090909091,0.18181818181818182,0.09090909090909091,0.0,0.0,57.0,44.599999999999994,38.8,49.199999999999996,34.8,59
48270,2102,636,0.04716981132075472,0.22327044025157233,0.06289308176100629,0.13522012578616352,0.0440251572327044,0.0031446540880503146,61.599999999999994,38.199999999999996,53.69999999999999,79.69999999999999,49.39999999999999,51
48281,2102,1158,0.031088082901554404,0.17962003454231434,0.09844559585492228,0.17789291882556132,0.03281519861830743,0.0017271157167530224,44.3,53.3,37.0,42.3,42.0,21
48681,2102,1306,0.02450229709035222,0.16079632465543645,0.09341500765696784,0.1776416539050536,0.04134762633996937,0.0,48.3,49.599999999999994,44.599999999999994,52.199999999999996,69.5,47
48714,2102,82,0.0,0.1951219512195122,0.04878048780487805,0.07317073170731707,0.024390243902439025,0.0,49.3,91.3,52.3,42.3,41.0,25
48846,2102,276,0.0,0.18840579710144928,0.10144927536231885,0.18840579710144928,0.043478260869565216,0.0,42.3,44.3,32.0,32.3,54.599999999999994,37
48965,2102,1202,0.024958402662229616,0.18302828618968386,0.11480865224625623,0.1497504159733777,0.029950083194675542,0.0016638935108153079,41.0,47.0,55.0,60.0,93.0,54
49016,2102,48,0.041666666666666664,0.3333333333333333,0.125,0.25,0.041666666666666664,0.0,32.599999999999994,12.599999999999998,30.199999999999996,56.599999999999994,86.39999999999999,9
49060,2102,622,0.006430868167202572,0.09967845659163987,0.01929260450160772,0.18971061093247588,0.04823151125401929,0.006430868167202572,58.0,70.8,44.699999999999996,19.0,14.5,74
49397,2102,364,0.06593406593406594,0.37362637362637363,0.07142857142857142,0.14285714285714285,0.027472527472527472,0.0,49.8,11.2,40.5,100.1,53.699999999999996,75
49432,2102,738,0.051490514905149054,0.17886178861788618,0.0975609756097561,0.13550135501355012,0.07588075880758807,0.008130081300813009,45.3,47.89999999999999,72.69999999999999,74.1,46.9,52
49822,2102,292,0.0136986301369863,0.2054794520547945,0.03424657534246575,0.21232876712328766,0.0547945205479452,0.00684931506849315,44.9,32.599999999999994,50.599999999999994,43.7,37.5,57
50274,2102,1376,0.03197674418604651,0.22674418604651161,0.14098837209302326,0.15843023255813954,0.02616279069767442,0.0029069767441860465,52.699999999999996,31.0,44.699999999999996,74.1,99.7,24
50506,2102,842,0.0166270783847981,0.14489311163895488,0.0498812351543943,0.20902612826603326,0.03800475059382423,0.0,39.2,60.8,39.2,44.099999999999994,34.8,20
50569,2102,1340,0.034328358208955224,0.16865671641791044,0.08358208955223881,0.15671641791044777,0.03134328358208955,0.004477611940298508,49.8,61.5,50.8,49.3,61.5,73
50638,2102,256,0.03125,0.2109375,0.03125,0.171875,0.0390625,0.0,39.599999999999994,43.49999999999999,37.9,38.4,37.1,51
50867,2102,898,0.011135857461024499,0.2182628062360802,0.060133630289532294,0.1714922048997773,0.042316258351893093,0.0,36.099999999999994,35.5,29.799999999999997,33.8,27.799999999999997,13
53393,2102,624,0.02564102564102564,0.14102564102564102,0.07371794871794872,0.1987179487179487,0.05128205128205128,0.0,91.6,63.099999999999994,43.699999999999996,53.49999999999999,34.5,86
59790,2102,168,0.011904761904761904,0.19047619047619047,0.08333333333333333,0.16666666666666666,0.03571428571428571,0.0,47.89999999999999,49.5,50.3,48.8,71.39999999999999,30
60601,2102,672,0.03869047619047619,0.22023809523809523,0.10416666666666667,0.14583333333333334,0.03571428571428571,0.011904761904761904,46.5,34.599999999999994,63.5,69.5,61.2,40
60717,2102,1318,0.057663125948406675,0.212443095599393,0.08801213960546282,0.12291350531107739,0.04400606980273141,0.0015174506828528073,47.099999999999994,44.4,62.3,68.3,38.099999999999994,35
63350,2102,224,0.017857142857142856,0.1875,0.10714285714285714,0.11607142857142858,0.07142857142857142,0.0,45.3,37.0,51.89999999999999,47.599999999999994,46.599999999999994,82
63651,2102,1206,0.003316749585406302,0.1791044776119403,0.03482587064676617,0.1791044776119403,0.04643449419568822,0.003316749585406302,46.3,49.599999999999994,46.599999999999994,6.299999999999999,17.0,75
63791,2102,842,0.028503562945368172,0.19477434679334918,0.052256532066508314,0.1828978622327791,0.0332541567695962,0.0,39.3,50.3,41.6,44.9,46.89999999999999,17
64705,2102,824,0.0412621359223301,0.1650485436893204,0.07281553398058252,0.16747572815533981,0.02912621359223301,0.0,41.0,56.7,42.0,58.699999999999996,40.0,84
67019,2102,1122,0.0285204991087344,0.1408199643493761,0.12121212121212122,0.1711229946524064,0.0392156862745098,0.0,36.4,58.3,45.699999999999996,58.599999999999994,83.1,21
70711,2102,20,0.1,0.0,0.2,0.1,0.1,0.0,59.49999999999999,55.99999999999999,38.599999999999994,37.2,25.6,74
70721,2102,1214,0.04612850082372323,0.16639209225700163,0.08896210873146623,0.15321252059308071,0.044481054365733116,0.0032948929159802307,49.5,47.3,60.3,65.1,53.199999999999996,90
70722,2102,428,0.03271028037383177,0.21495327102803738,0.12149532710280374,0.10747663551401869,0.056074766355140186,0.0,57.199999999999996,54.4,58.2,52.5,59.099999999999994,71
70729,2102,322,0.018633540372670808,0.2670807453416149,0.062111801242236024,0.21739130434782608,0.031055900621118012,0.006211180124223602,57.3,14.799999999999999,53.5,48.8,34.5,91
70733,2102,60,0.06666666666666667,0.1,0.1,0.16666666666666666,0.03333333333333333,0.0,43.699999999999996,87.19999999999999,33.9,40.8,56.99999999999999,32
70752,2102,690,0.03768115942028986,0.2144927536231884,0.057971014492753624,0.14782608695652175,0.028985507246376812,0.002898550724637681,41.6,39.5,32.3,73.3,25.6,89
70764,2102,12,0.0,0.5,0.0,0.0,0.16666666666666666,0.0,43.5,38.7,46.099999999999994,47.8,38.199999999999996,80
70796,2102,946,0.012684989429175475,0.3107822410147992,0.042283298097251586,0.13107822410147993,0.02536997885835095,0.0,32.599999999999994,27.1,28.199999999999996,23.9,28.9,34
70820,2102,912,0.02412280701754386,0.14692982456140352,0.10964912280701754,0.16447368421052633,0.05043859649122807,0.0,58.69999999999999,65.6,49.5,51.0,78.9,14
70855,2102,1332,0.013513513513513514,0.12162162162162163,0.08408408408408409,0.21021021021021022,0.03753753753753754,0.0015015015015015015,57.39999999999999,92.19999999999999,40.7,39.4,46.4,15
70871,2102,298,0.04697986577181208,0.10738255033557047,0.10067114093959731,0.1476510067114094,0.03355704697986577,0.0,49.099999999999994,69.89999999999999,44.0,44.9,55.599999999999994,40
70906,2102,1224,0.021241830065359478,0.18790849673202614,0.07516339869281045,0.16176470588235295,0.03758169934640523,0.0,52.8,54.89999999999999,49.8,47.699999999999996,42.2,88
70964,2102,46,0.043478260869565216,0.391304347826087,0.0,0.043478260869565216,0.0,0.0,53.699999999999996,36.099999999999994,42.5,44.599999999999994,27.9,11
70966,2102,682,0.03812316715542522,0.12609970674486803,0.093841642228739,0.1466275659824047,0.04985337243401759,0.0,51.599999999999994,60.0,47.5,63.199999999999996,38.4,13
71006,2102,404,0.0049504950495049506,0.2079207920792079,0.07425742574257425,0.16336633663366337,0.09405940594059406,0.0,59.0,54.0,42.0,37.0,47.0,30
71007,2102,932,0.02575107296137339,0.1351931330472103,0.10300429184549356,0.17167381974248927,0.04935622317596566,0.0,57.8,60.49999999999999,59.5,47.199999999999996,44.3,40
71008,2102,482,0.008298755186721992,0.1991701244813278,0.04149377593360996,0.22406639004149378,0.03734439834024896,0.008298755186721992,59.3,42.599999999999994,46.099999999999994,38.0,32.9,91
71013,2102,18,0.1111111111111111,0.1111111111111111,0.1111111111111111,0.2222222222222222,0.0,0.0,40.5,42.3,38.199999999999996,37.4,32.9,73
71073,2102,1114,0.03231597845601436,0.15439856373429084,0.1059245960502693,0.16337522441651706,0.05745062836624776,0.0017953321364452424,69.19999999999999,49.6,63.49999999999999,65.19999999999999,65.2,78
71087,2102,310,0.025806451612903226,0.07096774193548387,0.07741935483870968,0.23225806451612904,0.05161290322580645,0.0,52.49999999999999,77.5,50.9,57.099999999999994,36.8,81
71094,2102,606,0.033003300330033,0.11221122112211221,0.0924092409240924,0.1782178217821782,0.0462046204620462,0.0,52.5,57.599999999999994,38.9,59.599999999999994,58.099999999999994,24
71177,2102,1228,0.029315960912052116,0.16123778501628663,0.09446254071661238,0.16775244299674266,0.03908794788273615,0.003257328990228013,61.2,56.599999999999994,55.3,55.19999999999999,49.3,48
71194,2102,1314,0.0273972602739726,0.1933028919330289,0.0943683409436834,0.1324200913242009,0.045662100456621,0.0,45.599999999999994,44.599999999999994,37.3,60.9,58.599999999999994,40
71328,2102,278,0.0,0.18705035971223022,0.07194244604316546,0.15827338129496402,0.050359712230215826,0.0,54.7,64.0,44.8,21.8,34.9,30
71390,2102,660,0.030303030303030304,0.1696969696969697,0.06666666666666667,0.20303030303030303,0.03939393939393939,0.0,58.3,68.8,35.9,56.599999999999994,49.7,50
71396,2102,158,0.02531645569620253,0.22784810126582278,0.11392405063291139,0.11392405063291139,0.0379746835443038,0.0,32.599999999999994,51.699999999999996,42.9,48.0,25.9,50
71403,2102,24,0.0,0.25,0.08333333333333333,0.16666666666666666,0.0,0.0,44.5,35.6,43.8,33.599999999999994,26.4,74
71433,2102,830,0.02650602409638554,0.20240963855421687,0.07951807228915662,0.18072289156626506,0.021686746987951807,0.0,36.6,34.8,27.2,53.99999999999999,47.099999999999994,71
71447,2102,412,0.0048543689320388345,0.22815533980582525,0.038834951456310676,0.1796116504854369,0.03398058252427184,0.0,45.5,49.89999999999999,51.099999999999994,50.0,33.3,79
71456,2102,920,0.03695652173913044,0.27608695652173915,0.07608695652173914,0.15869565217391304,0.034782608695652174,0.002173913043478261,55.599999999999994,15.799999999999999,40.099999999999994,65.19999999999999,39.599999999999994,15
71461,2102,894,0.020134228187919462,0.203579418344519,0.08501118568232663,0.15212527964205816,0.06487695749440715,0.0022371364653243847,47.699999999999996,60.099999999999994,39.7,58.099999999999994,53.699999999999996,34
71463,2102,1072,0.022388059701492536,0.18097014925373134,0.06716417910447761,0.1623134328358209,0.033582089552238806,0.0018656716417910447,43.5,35.4,45.8,42.599999999999994,33.9,80
71470,2102,258,0.031007751937984496,0.16279069767441862,0.09302325581395349,0.10077519379844961,0.031007751937984496,0.007751937984496124,65.5,39.199999999999996,62.5,55.69999999999999,38.199999999999996,85
71476,2102,66,0.06060606060606061,0.21212121212121213,0.12121212121212122,0.09090909090909091,0.030303030303030304,0.0,32.9,21.099999999999998,33.9,52.7,34.9,48
71481,2102,1502,0.06790945406125166,0.2197070572569907,0.09587217043941411,0.1677762982689747,0.045272969374167776,0.0,91.79999999999998,38.4,57.7,96.69999999999999,48.39999999999999,28
71495,2102,534,0.011235955056179775,0.17228464419475656,0.033707865168539325,0.2209737827715356,0.03745318352059925,0.011235955056179775,70.39999999999999,63.199999999999996,87.69999999999999,36.0,20.2,110
71547,2102,46,0.08695652173913043,0.17391304347826086,0.13043478260869565,0.17391304347826086,0.13043478260869565,0.0,49.0,61.099999999999994,50.3,30.4,36.2,81
71571,2102,1100,0.04181818181818182,0.13818181818181818,0.06545454545454546,0.20545454545454545,0.03272727272727273,0.005454545454545455,55.4,67.7,53.7,47.4,37.5,70
71588,2102,1202,0.019966722129783693,0.11314475873544093,0.09317803660565724,0.18635607321131448,0.03826955074875208,0.013311148086522463,45.4,66.8,44.39999999999999,33.699999999999996,50.4,69
71600,2102,156,0.01282051282051282,0.19230769230769232,0.07692307692307693,0.16666666666666666,0.0,0.0,57.0,52.99999999999999,44.0,65.0,43.0,58
71602,2102,1258,0.03815580286168521,0.18441971383147854,0.07154213036565978,0.15580286168521462,0.04292527821939587,0.001589825119236884,49.199999999999996,60.199999999999996,52.8,75.8,45.4,81
71623,2102,80,0.025,0.2,0.1,0.125,0.0,0.025,46.099999999999994,19.099999999999998,55.9,53.699999999999996,53.9,71
71629,2102,350,0.017142857142857144,0.2057142857142857,0.05142857142857143,0.15428571428571428,0.05714285714285714,0.0,34.0,36.0,33.0,39.7,34.0,52
71654,2102,1172,0.017064846416382253,0.19795221843003413,0.06143344709897611,0.19965870307167236,0.042662116040955635,0.0,51.599999999999994,48.0,51.599999999999994,44.0,34.4,75
71679,2102,208,0.04807692307692308,0.21153846153846154,0.04807692307692308,0.15384615384615385,0.019230769230769232,0.0,60.9,47.9,48.599999999999994,58.8,41.6,64
71682,2102,1114,0.02333931777378815,0.20466786355475763,0.09156193895870736,0.1651705565529623,0.026929982046678635,0.0,38.8,43.8,43.8,47.4,54.3,33
71686,2102,172,0.0,0.23255813953488372,0.046511627906976744,0.22093023255813954,0.011627906976744186,0.0,46.4,64.9,40.9,55.5,40.0,79
71759,2102,320,0.0125,0.1875,0.0375,0.2,0.05,0.0,57.4,44.99999999999999,40.0,46.699999999999996,34.599999999999994,73
71790,2102,916,0.021834061135371178,0.17685589519650655,0.08733624454148471,0.13100436681222707,0.06550218340611354,0.002183406113537118,50.099999999999994,49.0,53.49999999999999,52.4,48.3,59
71807,2102,106,0.018867924528301886,0.22641509433962265,0.09433962264150944,0.09433962264150944,0.03773584905660377,0.0,48.89999999999999,50.2,45.199999999999996,53.199999999999996,42.99999999999999,34
71831,2102,84,0.023809523809523808,0.14285714285714285,0.11904761904761904,0.16666666666666666,0.023809523809523808,0.023809523809523808,40.199999999999996,61.5,43.199999999999996,33.199999999999996,37.8,14
71843,2102,86,0.0,0.09302325581395349,0.06976744186046512,0.16279069767441862,0.06976744186046512,0.0,46.699999999999996,66.0,52.3,41.199999999999996,37.3,69
71855,2102,662,0.054380664652567974,0.08459214501510574,0.08761329305135952,0.23867069486404835,0.0634441087613293,0.0030211480362537764,70.1,86.2,52.199999999999996,58.0,56.6,51
71893,2102,1232,0.040584415584415584,0.17045454545454544,0.10551948051948051,0.16558441558441558,0.05519480519480519,0.006493506493506494,72.39999999999999,47.599999999999994,61.99999999999999,46.9,65.0,75
71917,2102,338,0.023668639053254437,0.17751479289940827,0.047337278106508875,0.11242603550295859,0.047337278106508875,0.011834319526627219,31.799999999999997,34.599999999999994,33.8,33.3,34.599999999999994,42
71969,2102,812,0.007389162561576354,0.08866995073891626,0.05172413793103448,0.21674876847290642,0.054187192118226604,0.0049261083743842365,66.2,98.39999999999999,63.9,26.099999999999994,59.7,47
71996,2102,876,0.02511415525114155,0.1598173515981735,0.0547945205479452,0.1963470319634703,0.0410958904109589,0.00228310502283105,62.699999999999996,57.199999999999996,31.4,59.3,39.099999999999994,2
71997,2102,298,0.006711409395973154,0.348993288590604,0.0738255033557047,0.1342281879194631,0.020134228187919462,0.0,49.099999999999994,33.8,50.099999999999994,32.2,40.3,50
72017,2102,124,0.03225806451612903,0.0967741935483871,0.04838709677419355,0.1774193548387097,0.04838709677419355,0.0,65.8,85.5,52.5,33.1,32.4,98
72056,2102,1292,0.034055727554179564,0.17337461300309598,0.07585139318885449,0.19195046439628483,0.043343653250773995,0.0015479876160990713,46.8,64.8,48.099999999999994,82.8,47.099999999999994,46
72068,2102,736,0.03804347826086957,0.14402173913043478,0.07065217391304347,0.19021739130434784,0.03260869565217391,0.0,58.699999999999996,72.0,50.39999999999999,48.199999999999996,43.5,63
72072,2102,136,0.058823529411764705,0.14705882352941177,0.11764705882352941,0.20588235294117646,0.014705882352941176,0.0,65.8,66.2,56.699999999999996,54.599999999999994,40.199999999999996,53
72077,2102,1072,0.029850746268656716,0.19029850746268656,0.08582089552238806,0.1791044776119403,0.04291044776119403,0.0,62.89999999999999,59.69999999999999,33.8,55.5,50.699999999999996,9
72082,2102,566,0.04240282685512368,0.14840989399293286,0.12367491166077739,0.17667844522968199,0.0353356890459364,0.007067137809187279,69.4,53.9,49.199999999999996,65.5,58.199999999999996,57
72103,2102,156,0.02564102564102564,0.15384615384615385,0.08974358974358974,0.19230769230769232,0.07692307692307693,0.01282051282051282,45.0,50.0,44.0,44.0,59.0,57
72153,2102,920,0.034782608695652174,0.16521739130434782,0.12608695652173912,0.13260869565217392,0.03260869565217391,0.002173913043478261,40.8,48.599999999999994,56.9,69.8,98.89999999999999,22
72273,2102,886,0.03160270880361174,0.16478555304740405,0.07900677200902935,0.17832957110609482,0.04288939051918736,0.002257336343115124,59.599999999999994,51.89999999999999,37.2,51.89999999999999,49.3,57
72289,2102,1008,0.03571428571428571,0.1765873015873016,0.08531746031746032,0.15873015873015872,0.023809523809523808,0.001984126984126984,56.0,56.599999999999994,27.799999999999997,65.7,48.099999999999994,3
72362,2102,74,0.02702702702702703,0.1891891891891892,0.16216216216216217,0.21621621621621623,0.0,0.0,33.599999999999994,32.5,35.9,35.8,31.9,44
72367,2102,314,0.03184713375796178,0.17197452229299362,0.050955414012738856,0.18471337579617833,0.012738853503184714,0.0,56.5,55.49999999999999,46.599999999999994,57.099999999999994,38.1,55
72377,2102,50,0.0,0.04,0.2,0.0,0.08,0.0,57.7,80.8,45.8,38.7,45.8,67
72389,2102,256,0.0234375,0.2109375,0.1484375,0.140625,0.0625,0.0,52.599999999999994,49.9,65.9,50.199999999999996,57.5,75
72394,2102,812,0.027093596059113302,0.17980295566502463,0.11083743842364532,0.18719211822660098,0.034482758620689655,0.0049261083743842365,59.2,68.6,48.0,41.5,57.19999999999999,50
72397,2102,1208,0.04470198675496689,0.11589403973509933,0.08112582781456953,0.16887417218543047,0.061258278145695365,0.0,50.2,70.9,47.099999999999994,51.8,49.8,38
72404,2102,696,0.011494252873563218,0.2614942528735632,0.10057471264367816,0.14367816091954022,0.028735632183908046,0.005747126436781609,47.6,17.2,52.3,35.9,48.199999999999996,78
72407,2102,598,0.006688963210702341,0.3210702341137124,0.05351170568561873,0.16722408026755853,0.026755852842809364,0.0,40.0,28.0,38.0,28.299999999999997,30.0,89
72409,2102,1260,0.050793650793650794,0.173015873015873,0.08412698412698413,0.1746031746031746,0.04126984126984127,0.0,58.9,66.69999999999999,57.199999999999996,84.1,65.7,38
72425,2102,1160,0.04655172413793104,0.16724137931034483,0.06551724137931035,0.16896551724137931,0.04827586206896552,0.0,63.8,49.0,49.199999999999996,78.1,32.9,30
72428,2102,1532,0.05613577023498695,0.12010443864229765,0.14360313315926893,0.18798955613577023,0.04308093994778068,0.0039164490861618795,100.6,92.1,86.6,95.5,80.6,42
72438,2102,1426,0.04207573632538569,0.09396914446002805,0.10659186535764376,0.20196353436185133,0.043478260869565216,0.001402524544179523,92.5,88.39999999999999,77.39999999999999,87.49999999999999,76.39999999999999,47
72442,2102,512,0.03125,0.12890625,0.08203125,0.171875,0.03125,0.0,65.7,57.599999999999994,40.599999999999994,57.2,44.0,41
72445,2102,68,0.029411764705882353,0.08823529411764706,0.14705882352941177,0.14705882352941177,0.058823529411764705,0.0,42.8,43.6,44.5,29.799999999999997,51.699999999999996,25
72447,2102,1378,0.033381712626995644,0.11320754716981132,0.062409288824383166,0.18577648766328012,0.06095791001451379,0.005805515239477504,72.5,82.69999999999999,52.3,65.7,37.3,82
72459,2102,560,0.04642857142857143,0.16785714285714284,0.05714285714285714,0.18214285714285713,0.014285714285714285,0.0,50.699999999999996,59.99999999999999,24.099999999999998,45.7,40.3,22
72468,2102,412,0.024271844660194174,0.22815533980582525,0.06310679611650485,0.15048543689320387,0.014563106796116505,0.0048543689320388345,52.199999999999996,40.5,49.199999999999996,45.8,41.6,77
72475,2102,1538,0.045513654096228866,0.17425227568270482,0.1222366710013004,0.16644993498049415,0.05201560468140442,0.0013003901170351106,105.6,58.599999999999994,72.8,85.5,82.19999999999999,42
72481,2102,482,0.016597510373443983,0.3153526970954357,0.04149377593360996,0.12448132780082988,0.02074688796680498,0.0,31.799999999999997,14.5,25.5,28.299999999999997,25.599999999999998,88
72485,2102,240,0.025,0.19166666666666668,0.1,0.125,0.06666666666666667,0.0,50.3,50.599999999999994,40.099999999999994,58.8,41.099999999999994,37
72513,2102,998,0.036072144288577156,0.14829659318637275,0.09218436873747494,0.16032064128256512,0.03406813627254509,0.002004008016032064,48.89999999999999,55.599999999999994,43.5,61.0,58.599999999999994,75
72515,2102,296,0.0,0.13513513513513514,0.04054054054054054,0.20270270270270271,0.05405405405405406,0.0,53.599999999999994,76.1,40.6,28.599999999999998,31.0,43
72522,2102,842,0.021377672209026127,0.1496437054631829,0.07600950118764846,0.17814726840855108,0.04275534441805225,0.007125890736342043,47.0,65.89999999999999,49.0,36.599999999999994,49.0,47
72551,2102,1044,0.028735632183908046,0.17049808429118773,0.05938697318007663,0.16475095785440613,0.0421455938697318,0.0019157088122605363,42.3,47.599999999999994,42.3,46.9,28.9,72
72586,2102,16,0.0,0.375,0.125,0.0,0.125,0.0,46.49999999999999,41.4,29.2,35.599999999999994,29.999999999999996,49
72593,2102,50,0.04,0.2,0.2,0.12,0.16,0.0,48.3,39.2,46.0,63.0,42.4,77
72614,2102,344,0.029069767441860465,0.14534883720930233,0.0755813953488372,0.1569767441860465,0.040697674418604654,0.0,48.099999999999994,69.5,57.599999999999994,86.8,37.7,47
72619,2102,658,0.00911854103343465,0.2006079027355623,0.057750759878419454,0.2188449848024316,0.02735562310030395,0.0,43.8,36.4,39.5,36.4,29.099999999999998,79
72624,2102,544,0.01838235294117647,0.27205882352941174,0.06985294117647059,0.12867647058823528,0.029411764705882353,0.003676470588235294,42.99999999999999,30.4,45.4,39.4,45.89999999999999,79
72638,2102,330,0.030303030303030304,0.10303030303030303,0.03636363636363636,0.18787878787878787,0.06666666666666667,0.01818181818181818,68.1,71.6,44.39999999999999,28.099999999999998,29.4,77
72651,2102,354,0.01694915254237288,0.192090395480226,0.0903954802259887,0.1807909604519774,0.03389830508474576,0.0,48.8,54.5,33.599999999999994,36.8,38.9,22
72667,2102,596,0.026845637583892617,0.15100671140939598,0.05704697986577181,0.2181208053691275,0.04697986577181208,0.003355704697986577,34.8,59.8,39.9,43.8,19.799999999999997,4
72690,2102,26,0.0,0.15384615384615385,0.07692307692307693,0.23076923076923078,0.0,0.0,55.9,61.099999999999994,33.9,55.19999999999999,35.699999999999996,23
72774,2102,38,0.0,0.21052631578947367,0.0,0.21052631578947367,0.05263157894736842,0.0,39.9,61.599999999999994,41.9,62.19999999999999,34.599999999999994,27
72788,2102,444,0.02702702702702703,0.09009009009009009,0.11711711711711711,0.18468468468468469,0.05855855855855856,0.0045045045045045045,44.5,78.4,48.699999999999996,55.8,62.8,26
72898,2102,64,0.0,0.34375,0.125,0.03125,0.0,0.0,48.89999999999999,46.1,51.599999999999994,35.199999999999996,41.199999999999996,59
72920,2102,706,0.0453257790368272,0.33994334277620397,0.059490084985835696,0.11614730878186968,0.042492917847025496,0.0,62.19999999999999,7.199999999999999,43.4,84.1,35.199999999999996,43
72967,2102,1350,0.045925925925925926,0.12444444444444444,0.09037037037037036,0.2,0.05037037037037037,0.0,83.1,87.8,58.8,85.5,42.9,34
72995,2102,612,0.0196078431372549,0.15359477124183007,0.058823529411764705,0.20915032679738563,0.0392156862745098,0.0032679738562091504,56.8,70.19999999999999,68.3,30.499999999999996,40.199999999999996,74
73112,2102,952,0.01680672268907563,0.23109243697478993,0.04831932773109244,0.15546218487394958,0.03361344537815126,0.004201680672268907,69.0,30.999999999999996,36.5,42.8,25.5,78
73196,2102,194,0.010309278350515464,0.17525773195876287,0.09278350515463918,0.13402061855670103,0.030927835051546393,0.020618556701030927,75.69999999999999,67.8,57.599999999999994,36.8,48.0,107
73293,2102,742,0.026954177897574125,0.18328840970350405,0.05660377358490566,0.1967654986522911,0.04043126684636118,0.005390835579514825,68.39999999999999,38.8,48.199999999999996,38.8,33.199999999999996,57
73592,2102,84,0.047619047619047616,0.047619047619047616,0.023809523809523808,0.19047619047619047,0.09523809523809523,0.0,53.0,82.6,40.8,51.699999999999996,32.5,25
73600,2102,1322,0.05143721633888049,0.09833585476550681,0.1043872919818457,0.18305597579425115,0.06354009077155824,0.0030257186081694403,78.39999999999999,81.89999999999999,55.699999999999996,86.29999999999998,62.5,40
73629,2102,368,0.021739130434782608,0.3532608695652174,0.08695652173913043,0.10869565217391304,0.021739130434782608,0.0,38.8,13.499999999999998,37.2,27.2,30.9,79
73633,2102,212,0.0,0.18867924528301888,0.03773584905660377,0.18867924528301888,0.05660377358490566,0.0,47.9,46.8,35.8,54.6,31.099999999999998,7
73640,2102,1242,0.03542673107890499,0.2028985507246377,0.10144927536231885,0.16264090177133655,0.06280193236714976,0.0,67.5,36.8,65.19999999999999,65.5,48.699999999999996,32
73655,2102,624,0.022435897435897436,0.20192307692307693,0.07692307692307693,0.15384615384615385,0.060897435897435896,0.003205128205128205,49.99999999999999,39.699999999999996,52.099999999999994,53.0,68.19999999999999,78
73667,2102,226,0.017699115044247787,0.09734513274336283,0.035398230088495575,0.21238938053097345,0.04424778761061947,0.008849557522123894,72.69999999999999,63.8,44.5,69.1,36.099999999999994,21
73680,2102,632,0.022151898734177215,0.21835443037974683,0.06962025316455696,0.17088607594936708,0.028481012658227847,0.0,42.9,38.8,38.9,39.8,33.9,41
73693,2102,494,0.05263157894736842,0.0931174089068826,0.12550607287449392,0.15789473684210525,0.048582995951417005,0.0,52.599999999999994,74.6,50.99999999999999,78.6,49.0,23
73706,2102,438,0.0,0.1735159817351598,0.0730593607305936,0.2191780821917808,0.0410958904109589,0.0136986301369863,82.6,45.8,64.3,22.799999999999997,32.599999999999994,91
73709,2102,1484,0.02830188679245283,0.11859838274932614,0.07951482479784366,0.21159029649595687,0.057951482479784364,0.005390835579514825,90.69999999999999,80.2,72.7,67.2,59.099999999999994,79
73726,2102,342,0.05263157894736842,0.21052631578947367,0.07017543859649122,0.1695906432748538,0.029239766081871343,0.005847953216374269,49.199999999999996,47.3,34.5,70.19999999999999,50.8,18
73771,2102,526,0.030418250950570342,0.16730038022813687,0.07604562737642585,0.17490494296577946,0.03802281368821293,0.0038022813688212928,49.6,49.699999999999996,34.2,46.3,50.4,26
73792,2102,1344,0.03422619047619048,0.19047619047619047,0.13095238095238096,0.1488095238095238,0.043154761904761904,0.001488095238095238,63.9,47.0,68.9,80.19999999999999,88.8,64
73866,2102,1146,0.019197207678883072,0.2530541012216405,0.07504363001745201,0.1273996509598604,0.02268760907504363,0.0034904013961605585,31.9,37.5,35.199999999999996,46.0,51.8,70
73883,2102,152,0.02631578947368421,0.2631578947368421,0.05263157894736842,0.14473684210526316,0.039473684210526314,0.0,71.4,49.0,45.89999999999999,16.599999999999998,38.4,79
73938,2102,2,0.0,0.0,0.0,0.0,0.0,0.0,43.599999999999994,46.5,43.599999999999994,55.8,32.9,79
73956,2102,548,0.029197080291970802,0.15693430656934307,0.09854014598540146,0.19343065693430658,0.04744525547445255,0.014598540145985401,77.4,64.6,47.699999999999996,40.2,64.69999999999999,82
73991,2102,12,0.0,0.3333333333333333,0.0,0.3333333333333333,0.0,0.0,70.19999999999999,56.199999999999996,52.199999999999996,48.0,47.3,46
74046,2102,1066,0.0225140712945591,0.15196998123827393,0.054409005628517824,0.2101313320825516,0.0525328330206379,0.0,57.7,74.2,59.7,61.0,28.9,41
74056,2102,1208,0.018211920529801324,0.09933774834437085,0.10927152317880795,0.1837748344370861,0.076158940397351,0.006622516556291391,65.9,90.5,84.8,57.8,64.2,73
74084,2102,910,0.03956043956043956,0.11648351648351649,0.08351648351648351,0.18461538461538463,0.04395604395604396,0.0,86.19999999999999,85.5,54.49999999999999,57.8,47.7,77
74110,2102,630,0.04126984126984127,0.12063492063492064,0.08888888888888889,0.1492063492063492,0.05714285714285714,0.0031746031746031746,50.69999999999999,70.5,71.8,59.89999999999999,62.5,76
74152,2102,26,0.0,0.15384615384615385,0.0,0.07692307692307693,0.07692307692307693,0.0,51.8,64.0,41.5,47.5,34.599999999999994,14
74185,2102,214,0.028037383177570093,0.32710280373831774,0.12149532710280374,0.12149532710280374,0.04672897196261682,0.009345794392523364,40.0,15.0,48.599999999999994,69.89999999999999,75.5,44
74200,2102,1002,0.033932135728542916,0.16966067864271456,0.08782435129740519,0.1596806387225549,0.027944111776447105,0.005988023952095809,73.8,74.5,50.0,48.699999999999996,58.4,60
74274,2102,1084,0.05719557195571956,0.1937269372693727,0.07564575645756458,0.15129151291512916,0.03505535055350553,0.0,35.5,41.4,33.5,83.69999999999999,51.1,18
74302,2102,1314,0.0182648401826484,0.1567732115677321,0.1141552511415525,0.1811263318112633,0.0350076103500761,0.0106544901065449,76.8,71.39999999999999,72.8,35.4,86.1,101
74315,2102,360,0.005555555555555556,0.18888888888888888,0.08333333333333333,0.2111111111111111,0.005555555555555556,0.0,43.4,57.49999999999999,31.9,33.4,46.199999999999996,51
74316,2102,1138,0.03163444639718805,0.1546572934973638,0.0773286467486819,0.16695957820738136,0.02460456942003515,0.0017574692442882249,58.199999999999996,73.8,44.4,57.8,37.2,57
74408,2102,230,0.0,0.16521739130434782,0.0782608695652174,0.13043478260869565,0.043478260869565216,0.0,41.699999999999996,57.8,49.099999999999994,46.5,34.3,73
74429,2102,894,0.011185682326621925,0.11409395973154363,0.08053691275167785,0.1789709172259508,0.058165548098434,0.0,40.8,77.8,51.699999999999996,38.7,49.8,48
74448,2102,666,0.024024024024024024,0.23723723723723725,0.11711711711711711,0.15615615615615616,0.024024024024024024,0.003003003003003003,39.8,36.4,31.6,42.199999999999996,83.9,8
74527,2102,494,0.020242914979757085,0.22672064777327935,0.0931174089068826,0.15384615384615385,0.04048582995951417,0.0,55.99999999999999,32.8,55.69999999999999,40.2,46.8,69
74579,2102,1406,0.012802275960170697,0.14935988620199148,0.09672830725462304,0.19630156472261737,0.03840682788051209,0.0,78.6,74.39999999999999,42.9,24.2,47.599999999999994,46
74595,2102,378,0.031746031746031744,0.15343915343915343,0.15343915343915343,0.164021164021164,0.037037037037037035,0.0,73.19999999999999,48.49999999999999,84.1,51.6,97.6,49
74663,2102,1224,0.029411764705882353,0.1715686274509804,0.07679738562091504,0.1650326797385621,0.049019607843137254,0.006535947712418301,42.1,49.599999999999994,56.8,64.2,47.39999999999999,74
74667,2102,624,0.009615384615384616,0.15064102564102563,0.07051282051282051,0.1762820512820513,0.03205128205128205,0.00641025641025641,48.599999999999994,58.099999999999994,47.89999999999999,35.5,50.199999999999996,77
74695,2102,1184,0.02533783783783784,0.16554054054054054,0.06756756756756757,0.18243243243243243,0.048986486486486486,0.0,71.1,51.599999999999994,40.099999999999994,63.8,31.6,30
75196,2102,410,0.02926829268292683,0.16097560975609757,0.01951219512195122,0.22439024390243903,0.02926829268292683,0.00975609756097561,62.599999999999994,81.8,69.5,42.4,41.599999999999994,69
75405,2102,1064,0.013157894736842105,0.12969924812030076,0.06390977443609022,0.20112781954887218,0.05639097744360902,0.0018796992481203006,72.0,70.4,64.6,35.199999999999996,33.099999999999994,72
75519,2102,768,0.033854166666666664,0.16145833333333334,0.06510416666666667,0.16666666666666666,0.044270833333333336,0.0,35.9,47.699999999999996,59.39999999999999,60.7,40.0,21
75529,2102,340,0.01764705882352941,0.18823529411764706,0.12352941176470589,0.17647058823529413,0.041176470588235294,0.0,63.0,42.599999999999994,57.099999999999994,46.3,76.6,76
75534,2102,30,0.13333333333333333,0.06666666666666667,0.0,0.3333333333333333,0.06666666666666667,0.0,53.3,73.4,56.3,38.0,43.199999999999996,76
75544,2102,1138,0.054481546572934976,0.1687170474516696,0.09490333919156414,0.14938488576449913,0.03163444639718805,0.007029876977152899,58.5,46.3,68.39999999999999,89.79999999999998,67.5,78
75563,2102,446,0.013452914798206279,0.21524663677130046,0.053811659192825115,0.19282511210762332,0.03139013452914798,0.0,31.9,25.099999999999998,31.9,32.9,29.599999999999994,77
75570,2102,74,0.02702702702702703,0.1891891891891892,0.10810810810810811,0.13513513513513514,0.08108108108108109,0.0,48.699999999999996,38.9,68.8,69.5,41.099999999999994,69
76112,2102,836,0.02631578947368421,0.08133971291866028,0.08851674641148326,0.20813397129186603,0.05263157894736842,0.004784688995215311,58.8,98.79999999999998,45.89999999999999,37.5,48.199999999999996,71
76146,2102,852,0.07276995305164319,0.29577464788732394,0.08450704225352113,0.11971830985915492,0.03286384976525822,0.0,56.599999999999994,20.4,40.8,109.1,49.0,25
76169,2102,326,0.024539877300613498,0.1901840490797546,0.09202453987730061,0.19631901840490798,0.024539877300613498,0.0,51.39999999999999,52.89999999999999,33.9,51.39999999999999,38.8,4
76775,2102,38,0.05263157894736842,0.21052631578947367,0.05263157894736842,0.05263157894736842,0.0,0.0,43.4,23.099999999999998,37.6,39.8,55.599999999999994,1
76846,2102,386,0.02072538860103627,0.14507772020725387,0.09326424870466321,0.17098445595854922,0.05181347150259067,0.010362694300518135,87.1,76.19999999999999,86.1,74.9,63.199999999999996,71
76878,2102,122,0.08196721311475409,0.18032786885245902,0.06557377049180328,0.14754098360655737,0.01639344262295082,0.0,45.199999999999996,55.8,79.1,50.9,40.199999999999996,72
76953,2102,344,0.005813953488372093,0.19186046511627908,0.14534883720930233,0.1511627906976744,0.029069767441860465,0.005813953488372093,61.3,59.699999999999996,48.099999999999994,31.2,65.9,24
77109,2102,76,0.02631578947368421,0.13157894736842105,0.10526315789473684,0.07894736842105263,0.05263157894736842,0.0,53.2,70.69999999999999,54.19999999999999,35.6,33.599999999999994,72
77115,2102,218,0.009174311926605505,0.24770642201834864,0.08256880733944955,0.1651376146788991,0.027522935779816515,0.0,33.4,33.099999999999994,31.699999999999996,39.2,34.4,1
77199,2102,180,0.0,0.18888888888888888,0.05555555555555555,0.2777777777777778,0.022222222222222223,0.0,48.599999999999994,54.49999999999999,28.0,33.3,22.599999999999998,30
77236,2102,56,0.0,0.17857142857142858,0.07142857142857142,0.2857142857142857,0.03571428571428571,0.0,47.49999999999999,49.89999999999999,51.89999999999999,37.8,33.199999999999996,87
77446,2102,370,0.043243243243243246,0.14594594594594595,0.05945945945945946,0.22162162162162163,0.02702702702702703,0.0,54.0,49.7,28.0,32.0,39.0,34
77492,2102,986,0.016227180527383367,0.14198782961460446,0.07099391480730223,0.18864097363083165,0.056795131845841784,0.004056795131845842,62.8,51.9,88.1,32.4,42.4,106
77524,2102,1116,0.014336917562724014,0.11827956989247312,0.08781362007168458,0.1917562724014337,0.06810035842293907,0.007168458781362007,79.3,70.1,91.5,48.3,59.199999999999996,102
77545,2102,42,0.0,0.0,0.14285714285714285,0.14285714285714285,0.09523809523809523,0.0,46.599999999999994,89.89999999999999,61.5,45.199999999999996,69.3,47
78273,2102,1062,0.0018832391713747645,0.1374764595103578,0.08286252354048965,0.18455743879472694,0.07156308851224105,0.003766478342749529,55.8,75.1,47.199999999999996,22.2,65.5,33
78286,2102,972,0.07818930041152264,0.2551440329218107,0.19958847736625515,0.10082304526748971,0.0205761316872428,0.00205761316872428,49.8,9.6,59.4,113.19999999999999,108.4,20
78507,2102,68,0.058823529411764705,0.17647058823529413,0.11764705882352941,0.17647058823529413,0.029411764705882353,0.0,42.9,47.8,37.9,32.599999999999994,44.199999999999996,37
78676,2102,1116,0.02867383512544803,0.18458781362007168,0.10752688172043011,0.1774193548387097,0.03942652329749104,0.007168458781362007,55.3,43.3,67.3,61.599999999999994,66.0,70
78706,2102,300,0.08,0.26,0.06,0.15333333333333332,0.04,0.006666666666666667,63.599999999999994,23.599999999999998,50.9,77.4,63.8,50
78738,2102,1416,0.025423728813559324,0.211864406779661,0.1850282485875706,0.12429378531073447,0.02824858757062147,0.007062146892655367,48.599999999999994,34.3,62.3,56.599999999999994,105.3,74
78869,2102,1366,0.02635431918008785,0.1259150805270864,0.13469985358711567,0.1595900439238653,0.0424597364568082,0.0014641288433382138,45.8,72.8,63.8,49.3,94.69999999999999,44
78890,2102,314,0.012738853503184714,0.08917197452229299,0.12738853503184713,0.16560509554140126,0.025477707006369428,0.0,63.39999999999999,59.199999999999996,42.4,30.7,52.5,24
78986,2102,10,0.0,0.0,0.0,0.2,0.0,0.0,47.8,35.1,55.099999999999994,50.5,35.4,71
79020,2102,530,0.0,0.14339622641509434,0.06792452830188679,0.15849056603773584,0.04150943396226415,0.007547169811320755,49.199999999999996,78.4,71.19999999999999,19.5,29.799999999999997,83
79068,2102,826,0.009685230024213076,0.16707021791767554,0.048426150121065374,0.17433414043583534,0.07021791767554479,0.004842615012106538,71.2,82.1,61.89999999999999,27.599999999999998,36.3,34
79070,2102,826,0.031476997578692496,0.12590799031476999,0.06537530266343826,0.17191283292978207,0.053268765133171914,0.002421307506053269,50.9,71.6,57.5,53.699999999999996,44.9,10
79125,2102,1302,0.01228878648233487,0.130568356374808,0.09216589861751152,0.18433179723502305,0.0629800307219662,0.004608294930875576,49.3,70.1,87.3,37.9,67.39999999999999,53
79556,2102,630,0.015873015873015872,0.17777777777777778,0.08253968253968254,0.1746031746031746,0.047619047619047616,0.0,49.0,64.69999999999999,65.8,39.599999999999994,36.699999999999996,85
79557,2102,1252,0.0463258785942492,0.2364217252396166,0.12300319488817892,0.13738019169329074,0.04472843450479233,0.003194888178913738,52.5,20.099999999999998,46.8,82.19999999999999,90.89999999999999,25
79559,2102,300,0.04666666666666667,0.2866666666666667,0.07333333333333333,0.12,0.08,0.0,47.3,15.3,80.3,81.1,52.8,71
79635,2102,36,0.0,0.2777777777777778,0.05555555555555555,0.3333333333333333,0.0,0.0,46.699999999999996,52.0,36.0,32.0,32.699999999999996,60
79645,2102,646,0.01238390092879257,0.17647058823529413,0.04024767801857585,0.17647058823529413,0.030959752321981424,0.0030959752321981426,63.8,62.8,52.9,19.9,30.9,72
79684,2102,1222,0.011456628477905073,0.1407528641571195,0.07692307692307693,0.15875613747954173,0.044189852700491,0.014729950900163666,64.89999999999999,69.89999999999999,74.3,35.6,45.89999999999999,103
79704,2102,934,0.021413276231263382,0.0728051391862955,0.047109207708779445,0.2334047109207709,0.06852248394004283,0.004282655246252677,74.9,103.29999999999998,96.19999999999999,24.799999999999997,36.699999999999996,82
79783,2102,480,0.016666666666666666,0.22083333333333333,0.075,0.14583333333333334,0.041666666666666664,0.0125,41.3,36.3,89.6,41.6,50.6,84
83453,2102,422,0.018957345971563982,0.26066350710900477,0.04265402843601896,0.13744075829383887,0.014218009478672985,0.004739336492890996,29.599999999999994,31.9,24.599999999999998,31.9,32.599999999999994,22
84763,2102,1260,0.05714285714285714,0.32063492063492066,0.15714285714285714,0.1111111111111111,0.022222222222222223,0.0,40.5,1.0,29.799999999999997,93.89999999999999,106.19999999999999,11
87016,2102,84,0.0,0.21428571428571427,0.0,0.11904761904761904,0.0,0.0,44.3,63.5,53.599999999999994,48.89999999999999,59.599999999999994,34
51,2103,738,0.02168021680216802,0.16802168021680217,0.05962059620596206,0.17615176151761516,0.02981029810298103,0.0,40.3,53.1,42.99999999999999,29.4,29.699999999999996,89
59,2103,1334,0.037481259370314844,0.1409295352323838,0.07946026986506746,0.20689655172413793,0.053973013493253376,0.0029985007496251873,48.89999999999999,70.8,45.89999999999999,61.099999999999994,44.9,5
81,2103,1026,0.021442495126705652,0.2124756335282651,0.07992202729044834,0.15204678362573099,0.04093567251461988,0.0,44.9,36.6,29.599999999999994,42.2,48.5,1
361,2103,582,0.024054982817869417,0.14776632302405499,0.07560137457044673,0.17525773195876287,0.054982817869415807,0.003436426116838488,44.699999999999996,49.99999999999999,42.3,47.599999999999994,46.1,22
518,2103,166,0.07228915662650602,0.1927710843373494,0.04819277108433735,0.10843373493975904,0.024096385542168676,0.024096385542168676,54.0,73.19999999999999,54.49999999999999,41.599999999999994,31.9,102
563,2103,576,0.013888888888888888,0.16319444444444445,0.0798611111111111,0.14583333333333334,0.034722222222222224,0.003472222222222222,50.39999999999999,69.89999999999999,40.5,39.599999999999994,33.5,77
721,2103,636,0.04716981132075472,0.14150943396226415,0.1069182389937107,0.16037735849056603,0.03773584905660377,0.006289308176100629,52.89999999999999,72.19999999999999,51.3,49.5,41.099999999999994,66
834,2103,1268,0.0583596214511041,0.14037854889589904,0.083596214511041,0.20504731861198738,0.04889589905362776,0.0031545741324921135,55.3,68.3,48.3,83.6,44.3,70
1078,2103,664,0.012048192771084338,0.21686746987951808,0.018072289156626505,0.20180722891566266,0.045180722891566265,0.0030120481927710845,36.5,48.3,53.9,41.5,15.1,98
1163,2103,8,0.0,0.25,0.0,0.25,0.0,0.0,40.4,60.099999999999994,45.4,39.2,29.199999999999996,70
1271,2103,110,0.01818181818181818,0.09090909090909091,0.05454545454545454,0.14545454545454545,0.05454545454545454,0.0,62.8,49.4,62.8,52.3,38.7,34
1320,2103,366,0.02185792349726776,0.17486338797814208,0.1092896174863388,0.21311475409836064,0.01639344262295082,0.00546448087431694,50.39999999999999,42.3,37.2,47.199999999999996,38.7,52
1356,2103,736,0.06793478260869565,0.12228260869565218,0.10054347826086957,0.1793478260869565,0.03804347826086957,0.0,47.099999999999994,71.8,48.8,86.3,45.2,63
1442,2103,952,0.02100840336134454,0.13025210084033614,0.09243697478991597,0.17436974789915966,0.058823529411764705,0.0,44.099999999999994,70.0,52.599999999999994,55.49999999999999,57.8,61
1486,2103,716,0.019553072625698324,0.09776536312849161,0.0670391061452514,0.19832402234636873,0.036312849162011177,0.0,50.3,78.4,46.599999999999994,42.3,29.5,77
1515,2103,1254,0.025518341307814992,0.21052631578947367,0.06539074960127592,0.18660287081339713,0.049441786283891544,0.001594896331738437,56.099999999999994,47.599999999999994,40.199999999999996,52.49999999999999,34.199999999999996,45
1690,2103,290,0.013793103448275862,0.25517241379310346,0.07586206896551724,0.16551724137931034,0.027586206896551724,0.0,57.49999999999999,27.4,44.699999999999996,43.7,55.49999999999999,78
2026,2103,12,0.0,0.0,0.0,0.16666666666666666,0.0,0.0,49.49999999999999,54.599999999999994,49.49999999999999,42.8,35.6,88
2066,2103,490,0.00816326530612245,0.10612244897959183,0.09795918367346938,0.19591836734693877,0.04081632653061224,0.0,60.4,79.0,40.0,26.799999999999997,53.8,50
2147,2103,608,0.019736842105263157,0.21052631578947367,0.039473684210526314,0.1611842105263158,0.046052631578947366,0.003289473684210526,50.39999999999999,49.8,38.599999999999994,28.799999999999997,27.2,93
2195,2103,684,0.038011695906432746,0.2309941520467836,0.038011695906432746,0.16374269005847952,0.04678362573099415,0.0029239766081871343,49.099999999999994,50.199999999999996,52.4,50.5,40.699999999999996,57
2309,2103,170,0.047058823529411764,0.16470588235294117,0.09411764705882353,0.16470588235294117,0.058823529411764705,0.0,49.6,46.599999999999994,37.3,50.099999999999994,30.099999999999998,93
19464,2103,1012,0.017786561264822136,0.16205533596837945,0.09683794466403162,0.22924901185770752,0.02766798418972332,0.0,64.5,46.5,32.0,43.199999999999996,59.4,84
19470,2103,24,0.0,0.16666666666666666,0.0,0.16666666666666666,0.16666666666666666,0.0,45.599999999999994,53.8,48.599999999999994,33.9,45.5,69
19812,2103,638,0.018808777429467086,0.21316614420062696,0.109717868338558,0.1786833855799373,0.034482758620689655,0.012539184952978056,59.699999999999996,48.599999999999994,45.3,45.89999999999999,60.2,84
19849,2103,714,0.014005602240896359,0.19607843137254902,0.07563025210084033,0.15966386554621848,0.028011204481792718,0.0056022408963585435,51.199999999999996,49.699999999999996,50.8,40.4,42.99999999999999,71
19870,2103,60,0.0,0.23333333333333334,0.03333333333333333,0.16666666666666666,0.0,0.0,50.099999999999994,56.099999999999994,38.199999999999996,53.5,43.5,59
19944,2103,32,0.0,0.0625,0.0625,0.25,0.0,0.0,41.4,78.19999999999999,39.4,50.89999999999999,39.5,18
20140,2103,14,0.0,0.42857142857142855,0.0,0.14285714285714285,0.0,0.0,48.3,27.7,42.3,25.299999999999997,31.2,81
20148,2103,736,0.016304347826086956,0.16847826086956522,0.12771739130434784,0.16847826086956522,0.035326086956521736,0.005434782608695652,49.8,50.9,54.099999999999994,48.0,41.2,84
20199,2103,304,0.03289473684210526,0.16447368421052633,0.07236842105263158,0.19736842105263158,0.02631578947368421,0.006578947368421052,74.8,51.3,60.89999999999999,45.4,43.599999999999994,70
20371,2103,1064,0.020676691729323307,0.19548872180451127,0.05639097744360902,0.14473684210526316,0.039473684210526314,0.0,40.099999999999994,51.89999999999999,34.199999999999996,48.3,40.099999999999994,16
20507,2103,1392,0.021551724137931036,0.1221264367816092,0.07183908045977011,0.1939655172413793,0.04454022988505747,0.0014367816091954023,54.19999999999999,86.6,44.9,70.69999999999999,40.9,41
20522,2103,1198,0.01669449081803005,0.1335559265442404,0.08848080133555926,0.1669449081803005,0.041736227045075125,0.00333889816360601,53.8,64.5,40.199999999999996,47.199999999999996,44.3,27
20606,2103,62,0.0,0.12903225806451613,0.0967741935483871,0.1935483870967742,0.0,0.0,46.0,62.39999999999999,48.3,47.0,37.3,83
20748,2103,972,0.03292181069958848,0.16666666666666666,0.08436213991769548,0.17901234567901234,0.03292181069958848,0.00205761316872428,43.8,50.0,48.39999999999999,56.9,49.6,97
20826,2103,124,0.0,0.22580645161290322,0.11290322580645161,0.16129032258064516,0.03225806451612903,0.03225806451612903,49.699999999999996,28.7,54.099999999999994,67.89999999999999,47.99999999999999,69
21053,2103,32,0.0,0.25,0.0,0.25,0.125,0.0,50.0,46.7,37.2,26.099999999999994,40.9,19
21166,2103,140,0.02857142857142857,0.18571428571428572,0.07142857142857142,0.24285714285714285,0.02857142857142857,0.0,47.699999999999996,52.7,29.9,34.8,40.3,6
21186,2103,1352,0.038461538461538464,0.1804733727810651,0.09023668639053255,0.1937869822485207,0.04585798816568047,0.0,53.599999999999994,53.599999999999994,48.0,76.0,51.599999999999994,30
21332,2103,944,0.04449152542372881,0.125,0.09745762711864407,0.15677966101694915,0.038135593220338986,0.00211864406779661,37.8,61.9,50.9,71.1,83.0,69
21604,2103,758,0.010554089709762533,0.17150395778364116,0.0870712401055409,0.17150395778364116,0.047493403693931395,0.002638522427440633,45.599999999999994,44.8,37.599999999999994,33.599999999999994,31.6,2
21635,2103,88,0.022727272727272728,0.29545454545454547,0.045454545454545456,0.11363636363636363,0.022727272727272728,0.0,48.8,51.2,27.9,44.0,45.9,35
21691,2103,1332,0.04804804804804805,0.21621621621621623,0.11261261261261261,0.15315315315315314,0.05555555555555555,0.003003003003003003,61.99999999999999,24.0,71.39999999999999,94.79999999999998,77.8,27
22022,2103,408,0.014705882352941176,0.16666666666666666,0.06372549019607843,0.2107843137254902,0.04411764705882353,0.0196078431372549,35.6,57.4,40.6,33.199999999999996,26.9,98
22157,2103,594,0.026936026936026935,0.1447811447811448,0.05723905723905724,0.1447811447811448,0.03367003367003367,0.003367003367003367,37.199999999999996,48.599999999999994,46.7,45.2,25.9,97
22229,2103,662,0.01812688821752266,0.23564954682779457,0.03625377643504532,0.1661631419939577,0.04833836858006042,0.0,35.8,29.599999999999998,45.3,44.099999999999994,33.6,75
22233,2103,888,0.033783783783783786,0.20495495495495494,0.06756756756756757,0.17792792792792791,0.024774774774774775,0.0,38.5,37.7,33.9,45.099999999999994,35.099999999999994,83
22312,2103,1212,0.034653465346534656,0.2854785478547855,0.11221122112211221,0.13696369636963696,0.026402640264026403,0.0033003300330033004,39.699999999999996,12.1,38.1,72.4,97.79999999999998,40
22354,2103,484,0.028925619834710745,0.19008264462809918,0.06198347107438017,0.21074380165289255,0.012396694214876033,0.0,50.69999999999999,48.4,35.9,59.89999999999999,42.8,73
22564,2103,968,0.02066115702479339,0.15082644628099173,0.11983471074380166,0.1652892561983471,0.04338842975206612,0.0,48.4,69.1,47.699999999999996,37.699999999999996,74.1,80
22860,2103,92,0.0,0.2826086956521739,0.021739130434782608,0.13043478260869565,0.043478260869565216,0.0,37.3,42.89999999999999,46.49999999999999,40.8,43.8,74
23949,2103,516,0.03875968992248062,0.1434108527131783,0.06201550387596899,0.14728682170542637,0.04263565891472868,0.0,50.099999999999994,57.89999999999999,67.3,46.8,48.5,72
23973,2103,844,0.014218009478672985,0.16587677725118483,0.04976303317535545,0.17061611374407584,0.05924170616113744,0.002369668246445498,34.0,49.3,50.3,29.599999999999994,28.299999999999997,96
24125,2103,512,0.03125,0.23828125,0.08984375,0.15625,0.06640625,0.0,57.699999999999996,13.299999999999999,49.5,60.4,47.3,75
24867,2103,1248,0.035256410256410256,0.15544871794871795,0.08653846153846154,0.16826923076923078,0.038461538461538464,0.0016025641025641025,43.699999999999996,49.0,49.5,56.199999999999996,42.99999999999999,71
25263,2103,1466,0.030013642564802184,0.15416098226466576,0.08321964529331514,0.17189631650750342,0.04911323328785812,0.002728512960436562,61.599999999999994,71.39999999999999,62.89999999999999,64.1,50.69999999999999,10
25302,2103,992,0.020161290322580645,0.10483870967741936,0.07258064516129033,0.1774193548387097,0.05241935483870968,0.006048387096774193,48.8,68.8,60.3,54.5,36.3,80
25720,2103,420,0.01904761904761905,0.1523809523809524,0.08095238095238096,0.1619047619047619,0.03333333333333333,0.0,52.8,59.2,52.8,54.2,49.49999999999999,79
26002,2103,1124,0.026690391459074734,0.17259786476868327,0.05871886120996441,0.1903914590747331,0.04092526690391459,0.005338078291814947,75.69999999999999,54.2,47.099999999999994,55.8,35.199999999999996,39
26028,2103,688,0.011627906976744186,0.1744186046511628,0.06395348837209303,0.17732558139534885,0.0377906976744186,0.0,48.199999999999996,69.8,35.5,28.0,45.9,18
26117,2103,988,0.022267206477732792,0.15182186234817813,0.10121457489878542,0.22064777327935223,0.030364372469635626,0.008097165991902834,61.89999999999999,61.699999999999996,43.599999999999994,63.39999999999999,52.8,76
26131,2103,564,0.014184397163120567,0.23049645390070922,0.05319148936170213,0.1595744680851064,0.03546099290780142,0.0035460992907801418,37.5,42.199999999999996,57.5,41.199999999999996,34.9,101
26145,2103,1378,0.02902757619738752,0.1378809869375907,0.07111756168359942,0.16981132075471697,0.040638606676342524,0.002902757619738752,47.699999999999996,78.4,48.699999999999996,47.099999999999994,48.099999999999994,83
26177,2103,436,0.03211009174311927,0.1834862385321101,0.06880733944954129,0.1651376146788991,0.022935779816513763,0.0045871559633027525,43.0,50.199999999999996,33.5,35.3,48.599999999999994,89
26211,2103,1190,0.043697478991596636,0.16302521008403362,0.08907563025210084,0.16302521008403362,0.03529411764705882,0.005042016806722689,56.599999999999994,67.0,48.599999999999994,62.39999999999999,50.599999999999994,76
26243,2103,32,0.0625,0.0625,0.0625,0.1875,0.0,0.0,43.6,45.599999999999994,36.099999999999994,43.3,30.499999999999996,30
26278,2103,32,0.0,0.125,0.125,0.125,0.0,0.0,48.699999999999996,53.8,48.699999999999996,57.8,48.8,55
26375,2103,498,0.028112449799196786,0.1686746987951807,0.0642570281124498,0.17670682730923695,0.04417670682730924,0.008032128514056224,60.3,54.5,61.3,58.599999999999994,46.7,83
26398,2103,456,0.02631578947368421,0.24561403508771928,0.09210526315789473,0.13596491228070176,0.02631578947368421,0.0043859649122807015,36.2,31.799999999999997,41.099999999999994,53.99999999999999,34.099999999999994,26
26400,2103,790,0.02531645569620253,0.18734177215189873,0.10126582278481013,0.21265822784810126,0.043037974683544304,0.0,54.8,52.3,38.2,53.0,48.699999999999996,21
26477,2103,1078,0.06679035250463822,0.17439703153988867,0.09461966604823747,0.15955473098330242,0.03896103896103896,0.0018552875695732839,50.0,66.2,42.3,82.19999999999999,75.19999999999999,11
26487,2103,392,0.02040816326530612,0.17346938775510204,0.09183673469387756,0.16326530612244897,0.030612244897959183,0.0,61.2,58.39999999999999,50.9,56.099999999999994,61.099999999999994,17
26549,2103,968,0.028925619834710745,0.1797520661157025,0.022727272727272728,0.20454545454545456,0.03305785123966942,0.0,41.8,46.099999999999994,35.9,46.7,28.199999999999996,12
26563,2103,1218,0.011494252873563218,0.1510673234811166,0.052545155993431854,0.14942528735632185,0.041050903119868636,0.0016420361247947454,49.0,60.8,34.9,39.3,27.9,69
26597,2103,684,0.023391812865497075,0.14327485380116958,0.0847953216374269,0.15789473684210525,0.043859649122807015,0.0,48.199999999999996,43.5,48.199999999999996,47.699999999999996,44.8,84
26640,2103,1216,0.03618421052631579,0.16447368421052633,0.0625,0.20394736842105263,0.04111842105263158,0.003289473684210526,75.1,54.599999999999994,40.199999999999996,55.599999999999994,34.599999999999994,33
26673,2103,648,0.0030864197530864196,0.24074074074074073,0.08641975308641975,0.1419753086419753,0.043209876543209874,0.0,34.9,40.9,31.9,35.4,49.9,21
26710,2103,410,0.02926829268292683,0.1902439024390244,0.05853658536585366,0.15121951219512195,0.05365853658536585,0.0,52.3,54.89999999999999,53.3,43.8,33.1,89
26827,2103,1108,0.016245487364620937,0.2148014440433213,0.05776173285198556,0.18772563176895307,0.030685920577617327,0.0036101083032490976,61.39999999999999,42.4,71.69999999999999,45.599999999999994,41.099999999999994,81
26828,2103,770,0.025974025974025976,0.22337662337662337,0.046753246753246755,0.13766233766233765,0.033766233766233764,0.0,34.599999999999994,34.099999999999994,38.5,45.8,29.199999999999996,32
26908,2103,538,0.03717472118959108,0.08921933085501858,0.07063197026022305,0.21561338289962825,0.048327137546468404,0.0,35.199999999999996,73.89999999999999,58.199999999999996,57.5,49.7,71
26919,2103,672,0.023809523809523808,0.19940476190476192,0.050595238095238096,0.13690476190476192,0.023809523809523808,0.011904761904761904,40.9,46.0,59.89999999999999,42.4,26.2,98
27030,2103,1410,0.018439716312056736,0.13900709219858157,0.09219858156028368,0.19432624113475178,0.0425531914893617,0.0014184397163120568,57.4,78.6,63.39999999999999,54.8,53.8,71
27335,2103,924,0.03896103896103896,0.21861471861471862,0.05844155844155844,0.14502164502164502,0.0367965367965368,0.004329004329004329,47.39999999999999,41.0,44.8,61.3,32.5,64
27351,2103,1424,0.04073033707865169,0.1404494382022472,0.10252808988764045,0.1699438202247191,0.046348314606741575,0.0014044943820224719,47.0,68.0,46.699999999999996,78.6,54.2,19
27462,2103,1036,0.025096525096525095,0.14671814671814673,0.12548262548262548,0.1776061776061776,0.06756756756756757,0.005791505791505791,87.1,72.1,61.599999999999994,56.3,74.89999999999999,80
27522,2103,1200,0.008333333333333333,0.085,0.051666666666666666,0.205,0.06333333333333334,0.008333333333333333,47.8,96.1,84.19999999999999,9.899999999999999,22.599999999999998,109
27968,2103,572,0.024475524475524476,0.17832167832167833,0.0944055944055944,0.16083916083916083,0.05244755244755245,0.006993006993006993,50.199999999999996,56.099999999999994,49.5,38.199999999999996,40.699999999999996,74
28075,2103,494,0.012145748987854251,0.23076923076923078,0.06072874493927125,0.21052631578947367,0.04048582995951417,0.004048582995951417,50.6,49.4,34.599999999999994,35.199999999999996,32.3,40
28549,2103,6,0.0,0.0,0.0,0.3333333333333333,0.0,0.0,39.9,50.3,42.3,62.599999999999994,46.4,67
28572,2103,210,0.01904761904761905,0.42857142857142855,0.17142857142857143,0.047619047619047616,0.047619047619047616,0.0,46.599999999999994,2.5,33.199999999999996,81.0,87.69999999999999,59
28610,2103,686,0.011661807580174927,0.08746355685131195,0.08163265306122448,0.19825072886297376,0.03498542274052478,0.0058309037900874635,47.199999999999996,86.69999999999999,48.5,45.199999999999996,41.099999999999994,81
28751,2103,604,0.019867549668874173,0.16887417218543047,0.06622516556291391,0.20198675496688742,0.019867549668874173,0.0,43.4,52.199999999999996,29.9,35.4,29.9,45
28787,2103,142,0.028169014084507043,0.1267605633802817,0.056338028169014086,0.19718309859154928,0.028169014084507043,0.0,51.3,77.4,41.4,29.799999999999997,32.8,77
29641,2103,850,0.03764705882352941,0.21176470588235294,0.11294117647058824,0.16705882352941176,0.05176470588235294,0.0,50.39999999999999,33.5,50.39999999999999,76.5,52.4,44
29875,2103,1014,0.023668639053254437,0.1341222879684418,0.10453648915187377,0.16962524654832348,0.029585798816568046,0.007889546351084813,49.39999999999999,62.599999999999994,39.2,45.5,53.49999999999999,72
29898,2103,634,0.031545741324921134,0.2302839116719243,0.07570977917981073,0.14195583596214512,0.028391167192429023,0.006309148264984227,35.3,39.199999999999996,51.89999999999999,52.099999999999994,48.599999999999994,78
29936,2103,310,0.01935483870967742,0.2064516129032258,0.03225806451612903,0.16129032258064516,0.03225806451612903,0.0,31.6,37.4,33.9,42.0,18.5,75
30048,2103,1394,0.040172166427546625,0.22094691535150646,0.10186513629842181,0.13916786226685796,0.03730272596843615,0.007173601147776184,42.5,38.4,47.099999999999994,86.6,65.0,62
30183,2103,498,0.024096385542168676,0.09236947791164658,0.060240963855421686,0.25301204819277107,0.060240963855421686,0.012048192771084338,50.69999999999999,59.2,44.5,53.0,33.8,78
30398,2103,1162,0.025817555938037865,0.18932874354561102,0.08777969018932874,0.2134251290877797,0.03270223752151463,0.0017211703958691911,69.5,46.599999999999994,40.3,48.0,45.099999999999994,63
30435,2103,478,0.016736401673640166,0.17154811715481172,0.03347280334728033,0.19665271966527198,0.03765690376569038,0.008368200836820083,48.0,51.3,43.099999999999994,51.599999999999994,10.5,95
30475,2103,848,0.03537735849056604,0.18160377358490565,0.054245283018867926,0.19811320754716982,0.04245283018867924,0.0047169811320754715,67.1,40.8,38.9,52.099999999999994,45.4,60
30499,2103,294,0.0,0.21768707482993196,0.047619047619047616,0.08163265306122448,0.02040816326530612,0.0,35.9,40.699999999999996,26.2,31.2,22.5,58
30515,2103,1374,0.048034934497816595,0.17903930131004367,0.056768558951965066,0.1615720524017467,0.03202328966521106,0.004366812227074236,39.099999999999994,49.9,51.599999999999994,70.0,48.0,80
30565,2103,846,0.01182033096926714,0.19621749408983452,0.05200945626477541,0.19858156028368795,0.04728132387706856,0.0,35.3,37.5,42.9,37.2,32.3,91
30670,2103,1348,0.025222551928783383,0.1913946587537092,0.10237388724035608,0.16765578635014836,0.040059347181008904,0.002967359050445104,62.5,34.9,39.2,53.599999999999994,43.4,78
30772,2103,1350,0.02962962962962963,0.0962962962962963,0.07703703703703704,0.19555555555555557,0.03259259259259259,0.002962962962962963,44.599999999999994,91.1,36.8,54.0,42.39999999999999,31
30971,2103,1308,0.024464831804281346,0.20795107033639143,0.07339449541284404,0.19877675840978593,0.0290519877675841,0.0061162079510703364,54.5,46.49999999999999,44.3,57.4,43.099999999999994,90
31194,2103,432,0.032407407407407406,0.18518518518518517,0.06944444444444445,0.16203703703703703,0.041666666666666664,0.0,55.3,45.8,51.3,50.0,35.699999999999996,56
31249,2103,1112,0.01618705035971223,0.1366906474820144,0.07733812949640288,0.17985611510791366,0.048561151079136694,0.0035971223021582736,59.599999999999994,85.1,49.0,49.699999999999996,51.3,101
31306,2103,780,0.01282051282051282,0.1,0.11794871794871795,0.19487179487179487,0.035897435897435895,0.002564102564102564,52.099999999999994,73.0,33.8,32.3,80.3,1
31314,2103,1102,0.029038112522686024,0.17422867513611615,0.05989110707803993,0.17422867513611615,0.045372050816696916,0.003629764065335753,47.39999999999999,63.199999999999996,55.0,69.2,40.8,73
31653,2103,122,0.03278688524590164,0.19672131147540983,0.04918032786885246,0.13114754098360656,0.03278688524590164,0.0,47.39999999999999,39.699999999999996,49.0,57.2,41.599999999999994,15
32078,2103,470,0.059574468085106386,0.19148936170212766,0.06808510638297872,0.16595744680851063,0.059574468085106386,0.0,45.3,40.8,48.599999999999994,48.2,46.9,38
32111,2103,1202,0.04658901830282862,0.30615640599001664,0.05823627287853577,0.1314475873544093,0.036605657237936774,0.004991680532445923,44.699999999999996,15.299999999999999,83.8,81.8,41.8,97
32183,2103,1090,0.023853211009174313,0.181651376146789,0.062385321100917435,0.1761467889908257,0.031192660550458717,0.005504587155963303,33.2,45.2,30.9,45.89999999999999,35.3,74
32307,2103,320,0.04375,0.2125,0.075,0.15625,0.04375,0.0,54.0,40.0,70.6,65.19999999999999,41.9,79
32334,2103,314,0.03184713375796178,0.12738853503184713,0.025477707006369428,0.20382165605095542,0.012738853503184714,0.006369426751592357,48.099999999999994,83.9,60.39999999999999,60.4,16.2,79
32339,2103,820,0.024390243902439025,0.18536585365853658,0.05365853658536585,0.15365853658536585,0.03902439024390244,0.0,41.4,45.7,37.5,34.4,31.9,49
32368,2103,952,0.03571428571428571,0.16806722689075632,0.13655462184873948,0.17436974789915966,0.04411764705882353,0.008403361344537815,58.099999999999994,54.9,46.599999999999994,41.699999999999996,76.19999999999999,44
32405,2103,654,0.04892966360856269,0.1437308868501529,0.08256880733944955,0.1926605504587156,0.05198776758409786,0.009174311926605505,61.39999999999999,65.4,49.6,66.39999999999999,51.599999999999994,89
32486,2103,1148,0.013937282229965157,0.21254355400696864,0.033101045296167246,0.20034843205574912,0.03832752613240418,0.0017421602787456446,70.3,46.8,33.5,38.199999999999996,22.599999999999998,87
32553,2103,984,0.028455284552845527,0.20121951219512196,0.04878048780487805,0.16463414634146342,0.03861788617886179,0.0020325203252032522,50.0,38.6,45.099999999999994,51.3,58.3,49
32580,2103,1124,0.03914590747330961,0.0800711743772242,0.09252669039145907,0.17259786476868327,0.051601423487544484,0.005338078291814947,47.99999999999999,87.8,37.5,55.699999999999996,48.3,88
32583,2103,746,0.0160857908847185,0.16890080428954424,0.058981233243967826,0.18230563002680966,0.03485254691689008,0.002680965147453083,47.699999999999996,56.9,55.3,38.6,41.8,79
32666,2103,470,0.03404255319148936,0.225531914893617,0.07659574468085106,0.19148936170212766,0.05106382978723404,0.00425531914893617,63.8,21.2,39.9,77.4,41.099999999999994,46
32834,2103,160,0.0125,0.225,0.0375,0.1375,0.05,0.0125,45.199999999999996,49.199999999999996,41.5,43.699999999999996,37.8,34
32880,2103,856,0.030373831775700934,0.13551401869158877,0.06775700934579439,0.17990654205607476,0.056074766355140186,0.002336448598130841,45.3,63.9,44.3,52.3,35.599999999999994,76
32956,2103,754,0.026525198938992044,0.16445623342175067,0.07161803713527852,0.13793103448275862,0.050397877984084884,0.010610079575596816,58.9,46.9,40.9,43.8,38.2,66
33066,2103,944,0.036016949152542374,0.18008474576271186,0.09110169491525423,0.18220338983050846,0.04449152542372881,0.01059322033898305,49.599999999999994,48.8,94.29999999999998,64.1,38.6,101
33209,2103,132,0.030303030303030304,0.13636363636363635,0.07575757575757576,0.12121212121212122,0.015151515151515152,0.0,54.8,54.0,71.6,28.299999999999997,46.0,96
33236,2103,504,0.01984126984126984,0.18253968253968253,0.0873015873015873,0.18253968253968253,0.04365079365079365,0.011904761904761904,46.4,40.599999999999994,68.9,55.599999999999994,37.7,96
33319,2103,70,0.02857142857142857,0.14285714285714285,0.11428571428571428,0.14285714285714285,0.02857142857142857,0.0,72.69999999999999,77.89999999999999,47.099999999999994,55.8,49.99999999999999,74
33349,2103,754,0.005305039787798408,0.22015915119363394,0.04509283819628647,0.16180371352785147,0.01856763925729443,0.0,35.6,32.5,21.9,20.5,15.2,59
33377,2103,990,0.048484848484848485,0.1595959595959596,0.06666666666666667,0.17373737373737375,0.03838383838383838,0.0,39.5,44.39999999999999,43.199999999999996,64.8,53.4,18
33382,2103,408,0.0196078431372549,0.1715686274509804,0.06862745098039216,0.20098039215686275,0.0392156862745098,0.004901960784313725,47.3,42.39999999999999,38.5,59.39999999999999,40.199999999999996,58
33421,2103,1204,0.019933554817275746,0.17109634551495018,0.0681063122923588,0.1760797342192691,0.03322259136212625,0.0033222591362126247,44.199999999999996,53.3,50.8,36.2,34.599999999999994,60
33539,2103,876,0.0319634703196347,0.1689497716894977,0.0958904109589041,0.18493150684931506,0.0319634703196347,0.0045662100456621,46.1,54.099999999999994,49.099999999999994,52.8,50.8,89
33650,2103,704,0.03125,0.23579545454545456,0.07386363636363637,0.17329545454545456,0.05113636363636364,0.002840909090909091,40.099999999999994,48.3,39.099999999999994,51.599999999999994,47.0,11
33703,2103,804,0.03731343283582089,0.19651741293532338,0.06965174129353234,0.14925373134328357,0.05223880597014925,0.009950248756218905,36.5,42.7,49.5,56.8,42.4,83
33722,2103,816,0.031862745098039214,0.11029411764705882,0.10049019607843138,0.19607843137254902,0.051470588235294115,0.0,74.5,76.3,50.0,56.199999999999996,50.599999999999994,69
33738,2103,6,0.0,0.3333333333333333,0.0,0.0,0.3333333333333333,0.0,50.69999999999999,60.8,42.1,62.5,37.8,44
33802,2103,772,0.015544041450777202,0.23316062176165803,0.08808290155440414,0.15544041450777202,0.04404145077720207,0.0025906735751295338,65.6,39.599999999999994,46.3,57.9,35.3,76
33877,2103,734,0.01634877384196185,0.10626702997275204,0.0653950953678474,0.2016348773841962,0.051771117166212535,0.0,65.0,83.6,30.2,41.099999999999994,41.099999999999994,26
33880,2103,164,0.036585365853658534,0.17073170731707318,0.06097560975609756,0.10975609756097561,0.036585365853658534,0.0,37.8,58.9,43.7,46.3,31.9,42
33977,2103,352,0.028409090909090908,0.125,0.0625,0.17045454545454544,0.017045454545454544,0.0,32.599999999999994,52.0,33.599999999999994,36.2,46.89999999999999,7
34000,2103,1230,0.016260162601626018,0.15772357723577235,0.061788617886178863,0.17398373983739837,0.032520325203252036,0.0032520325203252032,41.0,48.7,41.3,30.699999999999996,33.2,28
34014,2103,164,0.024390243902439025,0.15853658536585366,0.036585365853658534,0.15853658536585366,0.06097560975609756,0.024390243902439025,42.9,69.6,43.9,42.8,34.9,72
34150,2103,1340,0.028358208955223882,0.14029850746268657,0.07611940298507462,0.17313432835820897,0.049253731343283584,0.005970149253731343,36.099999999999994,68.5,41.199999999999996,56.0,42.9,60
34211,2103,994,0.03420523138832998,0.1891348088531187,0.04426559356136821,0.18108651911468812,0.030181086519114688,0.002012072434607646,44.3,49.199999999999996,32.3,76.1,24.599999999999998,97
34435,2103,360,0.05,0.2111111111111111,0.10555555555555556,0.23333333333333334,0.03333333333333333,0.005555555555555556,46.599999999999994,46.199999999999996,49.199999999999996,67.69999999999999,37.1,96
34444,2103,146,0.0136986301369863,0.3972602739726027,0.0684931506849315,0.1506849315068493,0.0,0.0,60.199999999999996,10.6,45.199999999999996,50.39999999999999,42.2,28
34466,2103,978,0.049079754601226995,0.15132924335378323,0.15132924335378323,0.1574642126789366,0.04703476482617587,0.006134969325153374,53.699999999999996,53.0,57.3,80.6,89.5,37
34482,2103,420,0.014285714285714285,0.14285714285714285,0.04285714285714286,0.20476190476190476,0.01904761904761905,0.009523809523809525,47.99999999999999,71.6,28.2,34.599999999999994,32.3,1
34623,2103,1316,0.04711246200607903,0.19148936170212766,0.07142857142857142,0.18541033434650456,0.0425531914893617,0.004559270516717325,56.599999999999994,46.199999999999996,51.3,64.5,51.3,37
34682,2103,1206,0.03150912106135987,0.11442786069651742,0.0779436152570481,0.16583747927031509,0.03482587064676617,0.001658374792703151,45.89999999999999,75.0,37.3,36.9,40.6,81
34690,2103,1040,0.032692307692307694,0.12115384615384615,0.06153846153846154,0.18076923076923077,0.028846153846153848,0.0,46.199999999999996,75.39999999999999,53.0,50.099999999999994,27.799999999999997,80
34708,2103,286,0.006993006993006993,0.2097902097902098,0.04195804195804196,0.15384615384615385,0.027972027972027972,0.0,45.99999999999999,45.0,48.699999999999996,30.0,48.699999999999996,18
34780,2103,634,0.01892744479495268,0.1167192429022082,0.11041009463722397,0.23659305993690852,0.050473186119873815,0.0,53.4,55.7,33.3,56.699999999999996,60.49999999999999,7
34819,2103,1076,0.040892193308550186,0.23605947955390336,0.08364312267657993,0.13940520446096655,0.03903345724907063,0.0018587360594795538,40.099999999999994,40.2,54.49999999999999,61.599999999999994,61.89999999999999,68
34848,2103,1214,0.04612850082372323,0.14497528830313014,0.12520593080724876,0.14991762767710048,0.04118616144975288,0.0,46.9,57.3,48.599999999999994,89.39999999999999,71.19999999999999,9
34881,2103,1344,0.03720238095238095,0.22916666666666666,0.07589285714285714,0.16815476190476192,0.023809523809523808,0.001488095238095238,47.099999999999994,44.599999999999994,48.099999999999994,75.3,60.4,88
34928,2103,1170,0.03076923076923077,0.18461538461538463,0.046153846153846156,0.20854700854700856,0.042735042735042736,0.003418803418803419,38.2,38.0,39.9,41.4,33.5,46
34982,2103,1250,0.024,0.1952,0.0704,0.1856,0.04,0.0064,39.199999999999996,45.0,46.5,49.599999999999994,46.3,95
35172,2103,1186,0.016863406408094434,0.2175379426644182,0.08263069139966273,0.14839797639123103,0.03204047217537943,0.006745362563237774,49.099999999999994,53.199999999999996,43.199999999999996,41.4,45.3,61
35315,2103,1124,0.019572953736654804,0.15658362989323843,0.10854092526690391,0.18683274021352314,0.046263345195729534,0.0035587188612099642,55.89999999999999,48.5,47.6,47.6,47.3,49
35578,2103,256,0.0,0.25,0.0546875,0.1953125,0.03125,0.0,34.3,46.8,27.599999999999998,21.9,22.9,20
35584,2103,636,0.02830188679245283,0.22641509433962265,0.040880503144654086,0.15723270440251572,0.012578616352201259,0.0,42.3,43.49999999999999,28.9,33.0,28.7,74
35727,2103,1018,0.029469548133595286,0.09233791748526522,0.05697445972495088,0.17092337917485265,0.047151277013752456,0.0,59.8,92.69999999999999,50.39999999999999,39.1,25.099999999999998,74
35822,2103,932,0.023605150214592276,0.13304721030042918,0.06866952789699571,0.21244635193133046,0.06223175965665236,0.002145922746781116,52.5,62.599999999999994,59.49999999999999,50.0,43.9,77
35828,2103,792,0.007575757575757576,0.15404040404040403,0.08080808080808081,0.1590909090909091,0.025252525252525252,0.0,48.3,68.0,57.89999999999999,48.3,40.099999999999994,82
35852,2103,872,0.020642201834862386,0.19954128440366972,0.06422018348623854,0.14678899082568808,0.052752293577981654,0.0022935779816513763,46.199999999999996,50.69999999999999,55.8,37.2,33.9,77
35904,2103,1204,0.036544850498338874,0.1511627906976744,0.10299003322259136,0.15780730897009967,0.03322259136212625,0.0016611295681063123,45.599999999999994,50.6,48.199999999999996,50.199999999999996,49.199999999999996,52
35907,2103,1074,0.00558659217877095,0.24767225325884543,0.048417132216014895,0.20670391061452514,0.0335195530726257,0.0,46.099999999999994,38.7,42.8,34.099999999999994,33.9,66
36207,2103,424,0.014150943396226415,0.22641509433962265,0.04245283018867924,0.18867924528301888,0.04245283018867924,0.0,45.3,37.3,37.0,58.599999999999994,40.3,4
36431,2103,314,0.012738853503184714,0.22929936305732485,0.06369426751592357,0.17197452229299362,0.05732484076433121,0.0,38.0,48.3,33.0,37.3,34.3,7
36525,2103,362,0.022099447513812154,0.143646408839779,0.03867403314917127,0.18232044198895028,0.03314917127071823,0.011049723756906077,46.49999999999999,59.599999999999994,37.5,47.99999999999999,42.9,67
36539,2103,8,0.0,0.0,0.0,0.5,0.0,0.0,54.1,41.099999999999994,32.4,62.9,54.199999999999996,73
36543,2103,704,0.022727272727272728,0.13352272727272727,0.05397727272727273,0.1534090909090909,0.036931818181818184,0.005681818181818182,50.99999999999999,77.3,47.3,49.3,47.99999999999999,86
36579,2103,762,0.013123359580052493,0.1732283464566929,0.09448818897637795,0.1889763779527559,0.03937007874015748,0.007874015748031496,48.8,47.8,60.699999999999996,43.199999999999996,49.9,89
36588,2103,756,0.07407407407407407,0.2804232804232804,0.10052910052910052,0.1402116402116402,0.03439153439153439,0.0,67.5,29.4,38.4,80.3,40.8,37
36614,2103,844,0.018957345971563982,0.14691943127962084,0.08056872037914692,0.21800947867298578,0.02843601895734597,0.0,78.3,58.3,35.0,39.3,43.3,58
36796,2103,1218,0.0180623973727422,0.17569786535303777,0.0755336617405583,0.17733990147783252,0.052545155993431854,0.0049261083743842365,46.599999999999994,56.89999999999999,50.5,50.5,49.199999999999996,92
36879,2103,484,0.02066115702479339,0.17768595041322313,0.05371900826446281,0.19008264462809918,0.0371900826446281,0.012396694214876033,36.699999999999996,52.0,66.7,49.7,33.0,106
36902,2103,1400,0.022857142857142857,0.1442857142857143,0.08285714285714285,0.16857142857142857,0.054285714285714284,0.008571428571428572,48.3,62.3,58.3,48.3,51.3,101
36995,2103,70,0.02857142857142857,0.08571428571428572,0.08571428571428572,0.34285714285714286,0.08571428571428572,0.0,31.0,39.599999999999994,31.6,33.599999999999994,41.9,54
37029,2103,358,0.00558659217877095,0.1452513966480447,0.07262569832402235,0.1787709497206704,0.05027932960893855,0.0,47.99999999999999,73.0,47.0,49.0,43.0,71
37032,2103,2,0.0,0.0,0.0,0.0,0.0,0.0,30.0,22.0,19.299999999999997,5.3,21.0,6
37068,2103,678,0.02654867256637168,0.17404129793510326,0.07079646017699115,0.16224188790560473,0.05309734513274336,0.008849557522123894,44.099999999999994,47.099999999999994,72.2,51.3,42.9,80
37135,2103,1146,0.04363001745200698,0.13089005235602094,0.1012216404886562,0.17975567190226877,0.0506108202443281,0.0034904013961605585,47.99999999999999,67.0,47.99999999999999,56.3,48.3,79
37140,2103,544,0.007352941176470588,0.1875,0.08455882352941177,0.21323529411764705,0.022058823529411766,0.0,49.0,50.3,20.0,32.0,39.3,20
37147,2103,1304,0.018404907975460124,0.14570552147239263,0.09355828220858896,0.18098159509202455,0.04141104294478527,0.003067484662576687,45.0,61.3,47.3,48.599999999999994,52.599999999999994,74
37284,2103,72,0.1388888888888889,0.1111111111111111,0.08333333333333333,0.19444444444444445,0.05555555555555555,0.0,44.4,54.8,44.8,60.89999999999999,38.099999999999994,54
37342,2103,832,0.021634615384615384,0.15625,0.052884615384615384,0.1971153846153846,0.021634615384615384,0.002403846153846154,39.3,51.599999999999994,32.3,39.599999999999994,30.6,73
37749,2103,2,0.0,0.0,0.0,0.0,0.0,0.0,50.9,49.9,39.199999999999996,27.599999999999998,51.8,57
37811,2103,1174,0.030664395229982964,0.28449744463373083,0.0817717206132879,0.11584327086882454,0.04599659284497445,0.005110732538330494,47.9,19.599999999999998,101.29999999999998,66.89999999999999,51.099999999999994,90
38167,2103,1298,0.026194144838212634,0.23112480739599384,0.061633281972265024,0.13559322033898305,0.04314329738058552,0.0015408320493066256,48.89999999999999,33.3,48.199999999999996,60.099999999999994,44.199999999999996,60
38170,2103,722,0.008310249307479225,0.09418282548476455,0.07756232686980609,0.22714681440443213,0.0664819944598338,0.0,58.89999999999999,82.19999999999999,49.49999999999999,36.9,48.199999999999996,75
38298,2103,250,0.008,0.104,0.08,0.168,0.024,0.0,42.8,76.6,47.0,36.8,40.199999999999996,86
38538,2103,786,0.035623409669211195,0.13486005089058525,0.089058524173028,0.18575063613231552,0.04071246819338423,0.0,47.3,66.0,43.3,58.3,54.3,14
38542,2103,200,0.02,0.19,0.09,0.17,0.03,0.0,45.3,55.3,34.0,52.9,42.3,28
38610,2103,1370,0.0364963503649635,0.1635036496350365,0.08321167883211679,0.17518248175182483,0.033576642335766425,0.00291970802919708,42.4,62.39999999999999,37.699999999999996,68.5,44.099999999999994,43
38865,2103,938,0.03624733475479744,0.19616204690831557,0.12153518123667377,0.1791044776119403,0.03411513859275053,0.0,36.699999999999996,44.099999999999994,44.199999999999996,86.5,93.19999999999999,1
38869,2103,222,0.02702702702702703,0.22522522522522523,0.05405405405405406,0.16216216216216217,0.04504504504504504,0.009009009009009009,39.0,42.0,63.89999999999999,55.599999999999994,30.299999999999997,82
38876,2103,1096,0.016423357664233577,0.19160583941605838,0.09124087591240876,0.18248175182481752,0.040145985401459854,0.0018248175182481751,51.2,51.89999999999999,44.199999999999996,49.199999999999996,62.099999999999994,75
38910,2103,38,0.0,0.10526315789473684,0.05263157894736842,0.10526315789473684,0.0,0.0,52.599999999999994,77.6,41.6,59.19999999999999,40.6,34
38979,2103,638,0.03134796238244514,0.16300940438871472,0.05329153605015674,0.2225705329153605,0.034482758620689655,0.0,53.599999999999994,58.89999999999999,34.599999999999994,50.199999999999996,51.5,36
39024,2103,354,0.022598870056497175,0.1694915254237288,0.03954802259887006,0.14689265536723164,0.03954802259887006,0.005649717514124294,42.3,49.599999999999994,42.599999999999994,44.9,35.3,70
39058,2103,996,0.03815261044176707,0.15461847389558234,0.08032128514056225,0.21485943775100402,0.04819277108433735,0.006024096385542169,75.9,50.9,49.199999999999996,62.8,55.5,86
39100,2103,1056,0.013257575757575758,0.1893939393939394,0.07575757575757576,0.16856060606060605,0.03598484848484849,0.0,44.49999999999999,47.5,47.699999999999996,48.3,69.9,27
39162,2103,806,0.0024813895781637717,0.11662531017369727,0.09925558312655088,0.1935483870967742,0.02977667493796526,0.004962779156327543,60.2,89.8,52.99999999999999,1.0,46.9,90
39227,2103,84,0.023809523809523808,0.2619047619047619,0.047619047619047616,0.19047619047619047,0.023809523809523808,0.0,36.699999999999996,55.5,39.5,52.99999999999999,36.099999999999994,73
39230,2103,1432,0.03910614525139665,0.1829608938547486,0.05865921787709497,0.17318435754189945,0.04888268156424581,0.004189944134078212,60.599999999999994,58.599999999999994,61.2,70.5,38.9,90
39547,2103,910,0.008791208791208791,0.10329670329670329,0.0967032967032967,0.22857142857142856,0.02197802197802198,0.004395604395604396,66.1,86.1,34.7,20.4,60.2,60
39587,2103,1232,0.030844155844155844,0.16233766233766234,0.07954545454545454,0.18831168831168832,0.040584415584415584,0.006493506493506494,78.6,62.9,47.9,50.199999999999996,37.599999999999994,81
39596,2103,1094,0.02010968921389397,0.170018281535649,0.05850091407678245,0.20658135283363802,0.02010968921389397,0.0,48.3,55.3,43.599999999999994,41.6,32.3,77
39625,2103,806,0.04218362282878412,0.31017369727047145,0.052109181141439205,0.1488833746898263,0.02729528535980149,0.0,46.3,11.999999999999998,32.3,88.5,36.0,18
39691,2103,1130,0.023008849557522124,0.16460176991150444,0.07610619469026549,0.1929203539823009,0.04070796460176991,0.007079646017699115,77.2,64.1,58.099999999999994,57.699999999999996,34.9,36
39772,2103,674,0.04154302670623145,0.14540059347181009,0.08605341246290801,0.16913946587537093,0.03857566765578635,0.0,38.3,63.89999999999999,52.199999999999996,61.8,67.8,61
39776,2103,134,0.014925373134328358,0.208955223880597,0.07462686567164178,0.13432835820895522,0.04477611940298507,0.0,37.0,39.3,37.3,30.0,38.3,6
39787,2103,242,0.008264462809917356,0.2231404958677686,0.049586776859504134,0.10743801652892562,0.05785123966942149,0.0,33.0,38.0,47.99999999999999,23.299999999999997,39.0,46
39789,2103,876,0.0319634703196347,0.1598173515981735,0.0958904109589041,0.15296803652968036,0.03881278538812785,0.00228310502283105,35.7,45.099999999999994,36.099999999999994,57.0,66.0,16
39905,2103,1320,0.05,0.15454545454545454,0.10151515151515152,0.19393939393939394,0.04393939393939394,0.0015151515151515152,49.4,62.8,29.4,77.6,64.19999999999999,2
39940,2103,960,0.0125,0.14375,0.06666666666666667,0.18125,0.03125,0.0020833333333333333,32.0,83.3,36.3,35.3,26.6,80
39957,2103,512,0.01171875,0.20703125,0.078125,0.18359375,0.0546875,0.00390625,43.599999999999994,46.599999999999994,45.89999999999999,33.3,38.9,44
39974,2103,1404,0.04415954415954416,0.14387464387464388,0.06695156695156695,0.18233618233618235,0.0584045584045584,0.002849002849002849,49.0,73.0,45.0,62.99999999999999,37.0,74
39979,2103,424,0.0330188679245283,0.15566037735849056,0.07547169811320754,0.14622641509433962,0.02358490566037736,0.0,43.0,58.3,40.3,54.599999999999994,38.3,13
39984,2103,168,0.047619047619047616,0.16666666666666666,0.07142857142857142,0.11904761904761904,0.023809523809523808,0.011904761904761904,53.599999999999994,58.599999999999994,60.8,40.199999999999996,62.099999999999994,49
40120,2103,798,0.022556390977443608,0.15538847117794485,0.07518796992481203,0.16040100250626566,0.042606516290726815,0.0,43.0,63.3,32.0,27.299999999999997,36.0,13
40126,2103,4,0.5,0.0,0.0,0.0,0.0,0.0,38.199999999999996,33.5,43.5,34.8,43.5,8
40134,2103,1316,0.0425531914893617,0.10486322188449848,0.06990881458966565,0.2006079027355623,0.057750759878419454,0.004559270516717325,51.5,84.19999999999999,49.5,52.8,40.1,48
40180,2103,1462,0.038303693570451436,0.19015047879616964,0.11491108071135431,0.16963064295485636,0.04103967168262654,0.004103967168262654,57.9,48.89999999999999,70.39999999999999,56.099999999999994,67.4,74
40212,2103,264,0.03787878787878788,0.11363636363636363,0.045454545454545456,0.19696969696969696,0.06818181818181818,0.0,54.3,54.3,49.599999999999994,58.599999999999994,57.599999999999994,70
40306,2103,564,0.02127659574468085,0.20567375886524822,0.05319148936170213,0.13829787234042554,0.06028368794326241,0.0,47.99999999999999,49.0,37.0,47.3,35.0,48
40325,2103,1158,0.02072538860103627,0.13644214162348878,0.08808290155440414,0.20898100172711573,0.05008635578583765,0.0034542314335060447,78.39999999999999,76.8,43.099999999999994,35.4,40.8,96
40389,2103,1118,0.016100178890876567,0.19141323792486584,0.0626118067978533,0.19856887298747763,0.04114490161001789,0.0035778175313059034,48.099999999999994,43.4,43.8,31.699999999999996,24.4,66
40410,2103,214,0.04672897196261682,0.14953271028037382,0.04672897196261682,0.2523364485981308,0.009345794392523364,0.0,30.7,38.4,42.5,35.4,26.099999999999998,90
40411,2103,1204,0.044850498338870434,0.19933554817275748,0.08637873754152824,0.1478405315614618,0.03322259136212625,0.0016611295681063123,48.89999999999999,46.599999999999994,67.5,73.8,49.49999999999999,74
40419,2103,440,0.01818181818181818,0.2409090909090909,0.05454545454545454,0.17272727272727273,0.01818181818181818,0.013636363636363636,46.8,43.8,39.5,37.8,36.8,87
40442,2103,1212,0.04455445544554455,0.17986798679867988,0.07920792079207921,0.22442244224422442,0.033003300330033,0.0016501650165016502,56.3,49.3,57.599999999999994,54.599999999999994,47.3,81
40465,2103,1118,0.016100178890876567,0.15384615384615385,0.08586762075134168,0.19499105545617174,0.04114490161001789,0.012522361359570662,63.8,56.099999999999994,49.199999999999996,41.8,39.8,70
40512,2103,982,0.016293279022403257,0.2158859470468432,0.06720977596741344,0.164969450101833,0.04276985743380855,0.0,45.0,40.0,29.299999999999997,40.3,46.599999999999994,15
40646,2103,838,0.00477326968973747,0.10501193317422435,0.09307875894988067,0.20047732696897375,0.03341288782816229,0.0,47.9,81.2,34.3,35.6,71.39999999999999,63
40686,2103,470,0.02553191489361702,0.19148936170212766,0.05106382978723404,0.1276595744680851,0.0425531914893617,0.00425531914893617,48.199999999999996,64.6,60.5,68.9,33.599999999999994,54
40771,2103,962,0.016632016632016633,0.10810810810810811,0.06652806652806653,0.17255717255717257,0.062370062370062374,0.004158004158004158,56.0,70.8,56.0,49.0,26.2,79
40908,2103,1072,0.03171641791044776,0.19962686567164178,0.07649253731343283,0.15858208955223882,0.03731343283582089,0.007462686567164179,67.3,62.5,49.4,51.0,42.8,85
41117,2103,84,0.047619047619047616,0.2619047619047619,0.047619047619047616,0.14285714285714285,0.0,0.0,58.199999999999996,50.49999999999999,49.99999999999999,46.99999999999999,28.499999999999996,87
41130,2103,792,0.030303030303030304,0.16666666666666666,0.06313131313131314,0.17929292929292928,0.030303030303030304,0.007575757575757576,47.99999999999999,54.99999999999999,62.89999999999999,48.9,39.9,73
41607,2103,624,0.038461538461538464,0.21474358974358973,0.07692307692307693,0.14743589743589744,0.028846153846153848,0.009615384615384616,43.5,52.0,40.3,39.4,38.5,70
41629,2103,398,0.03015075376884422,0.17587939698492464,0.07537688442211055,0.1708542713567839,0.035175879396984924,0.005025125628140704,35.6,75.4,33.199999999999996,34.0,33.4,73
42181,2103,694,0.037463976945244955,0.1440922190201729,0.06340057636887608,0.1873198847262248,0.03170028818443804,0.002881844380403458,52.3,66.3,34.3,42.3,31.0,72
42199,2103,334,0.011976047904191617,0.16167664670658682,0.07784431137724551,0.18562874251497005,0.029940119760479042,0.0,46.89999999999999,55.9,71.1,56.8,59.8,68
42226,2103,872,0.02981651376146789,0.1926605504587156,0.06192660550458716,0.1834862385321101,0.027522935779816515,0.0045871559633027525,39.4,55.5,33.099999999999994,49.9,37.8,57
42267,2103,800,0.0125,0.22,0.08,0.1625,0.0175,0.01,45.599999999999994,42.3,46.599999999999994,39.599999999999994,36.3,33
42281,2103,734,0.0326975476839237,0.14168937329700274,0.07084468664850137,0.20435967302452315,0.04087193460490463,0.0,54.3,61.3,56.599999999999994,47.3,45.599999999999994,74
42291,2103,486,0.024691358024691357,0.09053497942386832,0.102880658436214,0.1934156378600823,0.0411522633744856,0.00411522633744856,43.0,97.6,39.3,60.9,55.9,49
42377,2103,1042,0.026871401151631478,0.1765834932821497,0.053742802303262956,0.19769673704414586,0.04030710172744722,0.0019193857965451055,39.0,46.3,35.0,47.0,43.3,81
42565,2103,1284,0.020249221183800622,0.1557632398753894,0.048286604361370715,0.19626168224299065,0.045171339563862926,0.0,40.4,58.5,38.099999999999994,41.8,27.099999999999998,59
42607,2103,466,0.008583690987124463,0.26609442060085836,0.02575107296137339,0.15450643776824036,0.04721030042918455,0.004291845493562232,34.7,34.7,43.8,19.1,34.4,93
42626,2103,578,0.03460207612456748,0.1695501730103806,0.058823529411764705,0.2491349480968858,0.05536332179930796,0.0,78.2,52.5,46.199999999999996,54.3,38.8,26
42688,2103,1394,0.005738880918220947,0.06599713055954089,0.06456241032998565,0.22812051649928264,0.05595408895265423,0.00430416068866571,70.1,99.49999999999999,53.4,10.399999999999999,37.8,104
42743,2103,170,0.0,0.15294117647058825,0.03529411764705882,0.25882352941176473,0.08235294117647059,0.011764705882352941,44.0,50.0,23.999999999999996,30.0,31.299999999999997,3
42752,2103,1084,0.016605166051660517,0.2029520295202952,0.06457564575645756,0.12730627306273062,0.03874538745387454,0.0018450184501845018,51.3,46.3,47.599999999999994,49.599999999999994,45.3,81
42767,2103,282,0.0070921985815602835,0.2553191489361702,0.05673758865248227,0.19148936170212766,0.0070921985815602835,0.0,34.0,37.0,27.0,45.0,44.699999999999996,21
42856,2103,924,0.010822510822510822,0.09956709956709957,0.10606060606060606,0.20995670995670995,0.05627705627705628,0.006493506493506494,86.0,72.5,46.3,15.1,52.099999999999994,51
42970,2103,916,0.039301310043668124,0.17467248908296942,0.0851528384279476,0.17903930131004367,0.017467248908296942,0.002183406113537118,60.599999999999994,56.89999999999999,43.9,65.19999999999999,52.5,19
43024,2103,986,0.034482758620689655,0.22515212981744423,0.11156186612576065,0.1460446247464503,0.032454361054766734,0.0,35.7,37.0,36.0,58.699999999999996,57.69999999999999,25
43217,2103,1076,0.024163568773234202,0.19144981412639406,0.06691449814126393,0.1895910780669145,0.048327137546468404,0.0,46.49999999999999,50.89999999999999,63.199999999999996,47.699999999999996,49.39999999999999,88
43263,2103,902,0.022172949002217297,0.11086474501108648,0.06208425720620843,0.21507760532150777,0.037694013303769404,0.0,45.0,75.1,38.4,47.39999999999999,32.699999999999996,28
43385,2103,1302,0.015360983102918587,0.16129032258064516,0.10906298003072197,0.17357910906298002,0.05069124423963134,0.0030721966205837174,48.8,53.8,58.3,36.4,51.9,55
43502,2103,732,0.03278688524590164,0.07650273224043716,0.040983606557377046,0.20218579234972678,0.03551912568306011,0.0,46.8,78.69999999999999,56.0,49.0,31.299999999999997,78
43700,2103,994,0.03420523138832998,0.1448692152917505,0.08853118712273642,0.1851106639839034,0.04024144869215292,0.004024144869215292,41.5,47.8,40.5,56.0,43.9,97
43802,2103,970,0.020618556701030927,0.16907216494845362,0.07216494845360824,0.22474226804123712,0.032989690721649485,0.002061855670103093,48.8,53.099999999999994,35.7,46.49999999999999,34.4,37
43909,2103,464,0.04310344827586207,0.14224137931034483,0.07327586206896551,0.1939655172413793,0.03879310344827586,0.0,50.099999999999994,56.9,33.8,44.5,47.8,11
44046,2103,1252,0.019169329073482427,0.21405750798722045,0.1134185303514377,0.13738019169329074,0.022364217252396165,0.001597444089456869,34.3,38.9,47.3,41.3,69.3,69
44129,2103,62,0.0,0.1935483870967742,0.06451612903225806,0.0967741935483871,0.06451612903225806,0.0,71.19999999999999,82.69999999999999,63.5,37.4,41.5,96
44157,2103,396,0.04040404040404041,0.12626262626262627,0.1414141414141414,0.1919191919191919,0.045454545454545456,0.005050505050505051,48.49999999999999,49.0,42.3,68.1,92.29999999999998,55
44176,2103,226,0.05309734513274336,0.1592920353982301,0.061946902654867256,0.168141592920354,0.017699115044247787,0.008849557522123894,63.099999999999994,57.699999999999996,40.5,52.599999999999994,41.8,14
44249,2103,592,0.06756756756756757,0.32432432432432434,0.11486486486486487,0.11486486486486487,0.02702702702702703,0.0033783783783783786,65.89999999999999,4.499999999999999,75.3,88.1,47.89999999999999,75
44301,2103,2,0.0,0.0,0.0,1.0,0.0,0.0,41.8,43.4,27.4,56.0,80.8,71
44412,2103,294,0.034013605442176874,0.19727891156462585,0.05442176870748299,0.17687074829931973,0.04081632653061224,0.0,41.099999999999994,41.099999999999994,42.1,50.89999999999999,35.199999999999996,33
44414,2103,1326,0.05580693815987934,0.23378582202111614,0.09653092006033183,0.17043740573152338,0.04675716440422323,0.0,72.39999999999999,29.9,55.9,84.89999999999999,55.9,15
44459,2103,700,0.02,0.20285714285714285,0.09714285714285714,0.1657142857142857,0.03428571428571429,0.002857142857142857,37.099999999999994,46.49999999999999,60.599999999999994,63.599999999999994,50.8,62
44473,2103,272,0.007352941176470588,0.15441176470588236,0.07352941176470588,0.19117647058823528,0.07352941176470588,0.007352941176470588,34.9,40.8,41.599999999999994,31.5,36.4,83
44512,2103,418,0.0,0.14832535885167464,0.0430622009569378,0.18660287081339713,0.03349282296650718,0.004784688995215311,63.5,71.8,49.199999999999996,1.0,21.599999999999998,69
44539,2103,1200,0.03666666666666667,0.24166666666666667,0.05333333333333334,0.17,0.04,0.006666666666666667,48.199999999999996,40.199999999999996,44.699999999999996,55.5,42.599999999999994,68
44858,2103,1236,0.009708737864077669,0.17637540453074432,0.07119741100323625,0.20064724919093851,0.05501618122977346,0.0016181229773462784,61.99999999999999,60.599999999999994,62.4,36.0,44.9,39
44869,2103,556,0.017985611510791366,0.2158273381294964,0.09712230215827339,0.20503597122302158,0.02877697841726619,0.0035971223021582736,45.89999999999999,43.599999999999994,46.5,57.0,81.0,70
44889,2103,252,0.007936507936507936,0.21428571428571427,0.07936507936507936,0.15873015873015872,0.015873015873015872,0.0,36.5,51.199999999999996,33.0,28.7,46.199999999999996,43
45113,2103,1330,0.022556390977443608,0.14285714285714285,0.07067669172932331,0.20300751879699247,0.07368421052631578,0.0030075187969924814,94.69999999999999,74.6,83.8,50.599999999999994,35.599999999999994,68
45622,2103,968,0.022727272727272728,0.24586776859504134,0.10950413223140495,0.15495867768595042,0.0371900826446281,0.002066115702479339,49.7,31.9,48.5,42.9,68.6,63
45772,2103,284,0.014084507042253521,0.20422535211267606,0.056338028169014086,0.18309859154929578,0.02112676056338028,0.0,51.2,44.5,47.9,47.39999999999999,49.8,1
45908,2103,850,0.02588235294117647,0.20470588235294118,0.07529411764705882,0.15764705882352942,0.042352941176470586,0.007058823529411765,42.9,39.3,60.099999999999994,52.89999999999999,53.4,71
45957,2103,998,0.04809619238476954,0.17635270541082165,0.06412825651302605,0.15030060120240482,0.050100200400801605,0.0,50.9,56.89999999999999,49.49999999999999,69.4,49.8,17
46065,2103,90,0.0,0.044444444444444446,0.044444444444444446,0.13333333333333333,0.08888888888888889,0.0,49.699999999999996,60.8,43.599999999999994,53.0,32.3,76
46113,2103,436,0.027522935779816515,0.17889908256880735,0.0871559633027523,0.14220183486238533,0.05504587155963303,0.009174311926605505,36.6,47.39999999999999,57.8,45.9,53.099999999999994,102
46121,2103,236,0.01694915254237288,0.11864406779661017,0.15254237288135594,0.211864406779661,0.025423728813559324,0.0,47.699999999999996,61.5,52.0,50.0,48.699999999999996,30
46223,2103,10,0.0,0.2,0.2,0.2,0.0,0.0,31.299999999999997,39.199999999999996,26.099999999999994,79.19999999999999,66.3,54
46484,2103,348,0.034482758620689655,0.23563218390804597,0.05172413793103448,0.14367816091954022,0.05172413793103448,0.005747126436781609,49.3,24.9,49.99999999999999,61.39999999999999,35.1,88
46814,2103,946,0.023255813953488372,0.14799154334038056,0.0613107822410148,0.21141649048625794,0.042283298097251586,0.004228329809725159,61.89999999999999,62.4,45.89999999999999,47.8,32.3,80
46941,2103,6,0.0,0.3333333333333333,0.0,0.3333333333333333,0.0,0.0,3.5999999999999996,1.5999999999999999,10.6,1.0,1.0,12
47056,2103,360,0.011111111111111112,0.18333333333333332,0.07222222222222222,0.16666666666666666,0.027777777777777776,0.0,39.099999999999994,45.099999999999994,43.8,49.3,37.0,10
47095,2103,48,0.0,0.3333333333333333,0.0,0.16666666666666666,0.0,0.0,37.5,62.89999999999999,27.7,48.599999999999994,39.699999999999996,5
47273,2103,364,0.027472527472527472,0.1978021978021978,0.07142857142857142,0.17032967032967034,0.04395604395604396,0.005494505494505495,45.0,43.0,49.599999999999994,45.3,32.0,35
47286,2103,1014,0.01972386587771203,0.16173570019723865,0.06903353057199212,0.16962524654832348,0.05128205128205128,0.007889546351084813,56.0,56.599999999999994,38.8,46.1,41.199999999999996,81
47609,2103,628,0.028662420382165606,0.18471337579617833,0.0732484076433121,0.1751592356687898,0.03821656050955414,0.0031847133757961785,34.0,51.3,50.6,71.89999999999999,47.3,67
47759,2103,600,0.056666666666666664,0.18666666666666668,0.12666666666666668,0.15,0.03666666666666667,0.0,55.0,45.99999999999999,54.0,51.3,64.0,62
47819,2103,418,0.028708133971291867,0.23444976076555024,0.08133971291866028,0.18660287081339713,0.019138755980861243,0.0,46.3,44.0,47.0,62.3,39.3,38
47844,2103,110,0.0,0.18181818181818182,0.07272727272727272,0.09090909090909091,0.09090909090909091,0.0,62.099999999999994,49.4,86.8,27.4,86.1,77
47960,2103,412,0.05339805825242718,0.18446601941747573,0.0825242718446602,0.1553398058252427,0.05825242718446602,0.0048543689320388345,47.99999999999999,45.0,43.3,55.599999999999994,49.0,30
48253,2103,28,0.0,0.0,0.07142857142857142,0.21428571428571427,0.0,0.0,49.7,68.69999999999999,42.8,44.9,33.8,60
48270,2103,334,0.03592814371257485,0.19161676646706588,0.05389221556886228,0.16766467065868262,0.04790419161676647,0.0,58.3,38.199999999999996,53.69999999999999,73.1,48.099999999999994,51
48281,2103,1234,0.02106969205834684,0.1912479740680713,0.07941653160453808,0.18152350081037277,0.03241491085899514,0.0,43.3,53.3,35.0,40.3,40.3,19
48681,2103,1086,0.016574585635359115,0.16758747697974216,0.11049723756906077,0.1694290976058932,0.040515653775322284,0.0,48.3,45.599999999999994,43.599999999999994,49.199999999999996,72.8,49
48846,2103,318,0.018867924528301886,0.1761006289308176,0.07547169811320754,0.16352201257861634,0.031446540880503145,0.0,41.3,43.3,32.0,33.3,50.6,36
48965,2103,870,0.020689655172413793,0.1425287356321839,0.12643678160919541,0.1632183908045977,0.022988505747126436,0.0,40.0,45.0,49.0,57.0,95.99999999999999,53
49009,2103,392,0.030612244897959183,0.20408163265306123,0.11734693877551021,0.12244897959183673,0.04591836734693878,0.0,35.8,29.2,38.0,43.8,65.3,19
49060,2103,144,0.013888888888888888,0.125,0.027777777777777776,0.2222222222222222,0.041666666666666664,0.0,52.599999999999994,69.8,42.99999999999999,15.6,13.8,75
49397,2103,1076,0.05947955390334572,0.32342007434944237,0.07063197026022305,0.11338289962825279,0.02973977695167286,0.0018587360594795538,50.099999999999994,12.2,39.5,99.1,52.4,75
49432,2103,1042,0.05182341650671785,0.15547024952015356,0.09213051823416507,0.18426103646833014,0.04798464491362764,0.003838771593090211,44.99999999999999,47.89999999999999,66.3,65.3,46.199999999999996,51
50274,2103,722,0.0332409972299169,0.2299168975069252,0.13019390581717452,0.15789473684210525,0.0443213296398892,0.0,49.7,31.0,44.699999999999996,71.1,99.7,24
50488,2103,26,0.07692307692307693,0.23076923076923078,0.15384615384615385,0.07692307692307693,0.0,0.0,60.69999999999999,43.3,33.599999999999994,57.099999999999994,43.0,37
50569,2103,796,0.017587939698492462,0.1457286432160804,0.0728643216080402,0.22613065326633167,0.04773869346733668,0.007537688442211055,49.8,61.8,50.8,50.3,61.5,74
50867,2103,702,0.019943019943019943,0.23646723646723647,0.05413105413105413,0.17663817663817663,0.045584045584045586,0.0,36.099999999999994,35.5,29.799999999999997,32.5,25.099999999999998,13
53393,2103,1240,0.03387096774193549,0.11612903225806452,0.05806451612903226,0.23387096774193547,0.041935483870967745,0.004838709677419355,90.89999999999999,65.1,42.3,53.49999999999999,33.2,85
56161,2103,60,0.06666666666666667,0.13333333333333333,0.1,0.26666666666666666,0.03333333333333333,0.0,62.5,75.5,48.89999999999999,57.4,52.5,18
57207,2103,494,0.03643724696356275,0.15789473684210525,0.12550607287449392,0.145748987854251,0.04048582995951417,0.008097165991902834,48.099999999999994,61.599999999999994,63.199999999999996,55.19999999999999,64.39999999999999,57
58970,2103,714,0.011204481792717087,0.19887955182072828,0.09803921568627451,0.20448179271708683,0.05042016806722689,0.0056022408963585435,74.3,39.3,34.0,30.299999999999997,44.9,73
59790,2103,96,0.020833333333333332,0.20833333333333334,0.08333333333333333,0.16666666666666666,0.020833333333333332,0.0,46.49999999999999,50.199999999999996,48.599999999999994,46.699999999999996,76.1,30
60601,2103,544,0.03676470588235294,0.2536764705882353,0.1213235294117647,0.1323529411764706,0.05514705882352941,0.0,45.199999999999996,33.599999999999994,63.5,65.19999999999999,67.8,38
60717,2103,880,0.038636363636363635,0.21363636363636362,0.07045454545454545,0.17272727272727273,0.03409090909090909,0.004545454545454545,45.39999999999999,42.099999999999994,60.3,68.3,40.5,34
62384,2103,234,0.0,0.13675213675213677,0.05128205128205128,0.19658119658119658,0.05128205128205128,0.0,47.3,69.89999999999999,45.3,27.299999999999997,49.599999999999994,89
63791,2103,820,0.01951219512195122,0.1902439024390244,0.08292682926829269,0.15609756097560976,0.026829268292682926,0.0,37.0,48.3,40.6,43.599999999999994,45.89999999999999,17
64705,2103,454,0.01762114537444934,0.19823788546255505,0.07488986784140969,0.1894273127753304,0.03524229074889868,0.0,39.0,50.0,42.0,55.699999999999996,39.0,85
67019,2103,1160,0.034482758620689655,0.14655172413793102,0.09482758620689655,0.1793103448275862,0.05,0.0017241379310344827,36.4,55.599999999999994,44.0,58.599999999999994,74.69999999999999,21
70721,2103,872,0.020642201834862386,0.2018348623853211,0.08256880733944955,0.15825688073394495,0.03669724770642202,0.0022935779816513763,48.8,48.3,54.6,61.99999999999999,48.49999999999999,89
70722,2103,64,0.09375,0.0625,0.0625,0.21875,0.0,0.0,52.199999999999996,54.4,54.89999999999999,52.5,50.8,72
70729,2103,420,0.03333333333333333,0.3,0.05714285714285714,0.15714285714285714,0.01904761904761905,0.009523809523809525,54.3,12.1,48.8,48.099999999999994,34.5,91
70744,2103,628,0.01592356687898089,0.27070063694267515,0.0732484076433121,0.16560509554140126,0.025477707006369428,0.0,38.3,35.6,44.599999999999994,54.89999999999999,47.99999999999999,6
70752,2103,788,0.04314720812182741,0.20812182741116753,0.030456852791878174,0.20304568527918782,0.027918781725888325,0.005076142131979695,38.599999999999994,42.5,32.599999999999994,71.6,24.599999999999998,92
70764,2103,46,0.0,0.4782608695652174,0.0,0.13043478260869565,0.0,0.0,41.5,38.4,44.099999999999994,45.2,35.6,78
70792,2103,84,0.047619047619047616,0.14285714285714285,0.09523809523809523,0.14285714285714285,0.07142857142857142,0.0,61.8,58.89999999999999,74.4,57.9,45.099999999999994,50
70796,2103,1048,0.0057251908396946565,0.2633587786259542,0.04389312977099236,0.17938931297709923,0.026717557251908396,0.0,31.9,27.1,28.199999999999996,23.2,28.9,34
70820,2103,212,0.02830188679245283,0.2169811320754717,0.1320754716981132,0.24528301886792453,0.02830188679245283,0.0,58.39999999999999,59.599999999999994,51.8,51.099999999999994,75.89999999999999,15
70855,2103,1234,0.017828200972447326,0.09238249594813615,0.06158833063209076,0.20907617504051865,0.04538087520259319,0.0,53.4,95.19999999999999,39.0,40.4,44.4,16
70906,2103,1212,0.024752475247524754,0.15346534653465346,0.08415841584158416,0.20627062706270627,0.037953795379537955,0.00825082508250825,52.8,56.89999999999999,49.8,47.39999999999999,40.199999999999996,89
70922,2103,864,0.046296296296296294,0.14814814814814814,0.05787037037037037,0.18981481481481483,0.037037037037037035,0.0023148148148148147,58.49999999999999,53.4,46.0,62.099999999999994,36.5,14
70960,2103,1150,0.022608695652173914,0.1582608695652174,0.12347826086956522,0.17391304347826086,0.034782608695652174,0.0,48.3,51.3,41.199999999999996,54.9,58.099999999999994,20
70964,2103,130,0.0,0.2153846153846154,0.06153846153846154,0.15384615384615385,0.03076923076923077,0.0,52.4,34.8,42.5,43.6,27.2,12
70966,2103,330,0.024242424242424242,0.12727272727272726,0.07878787878787878,0.16363636363636364,0.03636363636363636,0.0,47.199999999999996,59.599999999999994,44.099999999999994,59.699999999999996,35.699999999999996,14
71006,2103,512,0.01953125,0.1875,0.08203125,0.14453125,0.0546875,0.00390625,61.0,52.99999999999999,40.0,36.0,49.0,28
71008,2103,1018,0.015717092337917484,0.1944990176817289,0.06286836935166994,0.17485265225933203,0.03929273084479371,0.0019646365422396855,57.3,42.599999999999994,42.8,39.0,32.9,92
71073,2103,1334,0.038980509745127435,0.1424287856071964,0.10944527736131934,0.18290854572713644,0.041979010494752625,0.0014992503748125937,64.5,51.3,61.49999999999999,57.4,57.8,77
71087,2103,450,0.04888888888888889,0.1111111111111111,0.07111111111111111,0.20444444444444446,0.04888888888888889,0.0044444444444444444,50.5,72.6,60.5,64.69999999999999,34.199999999999996,80
71089,2103,488,0.03278688524590164,0.1680327868852459,0.06147540983606557,0.20081967213114754,0.05327868852459016,0.0,49.3,73.1,33.9,40.5,27.7,39
71177,2103,1130,0.019469026548672566,0.15752212389380532,0.07079646017699115,0.20707964601769913,0.049557522123893805,0.0035398230088495575,58.199999999999996,57.599999999999994,51.3,49.599999999999994,48.599999999999994,52
71194,2103,1210,0.023140495867768594,0.18512396694214875,0.07272727272727272,0.15702479338842976,0.04462809917355372,0.003305785123966942,48.599999999999994,45.599999999999994,43.0,53.89999999999999,55.599999999999994,43
71328,2103,676,0.011834319526627219,0.14201183431952663,0.05029585798816568,0.23076923076923078,0.047337278106508875,0.0,75.6,75.6,44.8,23.799999999999997,34.599999999999994,31
71390,2103,448,0.04017857142857143,0.11607142857142858,0.0625,0.19196428571428573,0.03125,0.008928571428571428,55.0,66.5,33.9,53.0,47.699999999999996,51
71447,2103,1198,0.0333889816360601,0.21535893155258765,0.05509181969949917,0.16193656093489148,0.05008347245409015,0.005008347245409015,46.5,48.89999999999999,56.099999999999994,53.3,31.6,80
71456,2103,320,0.00625,0.2875,0.09375,0.14375,0.01875,0.0,54.599999999999994,15.5,39.8,70.19999999999999,38.0,16
71461,2103,174,0.011494252873563218,0.2988505747126437,0.04597701149425287,0.21839080459770116,0.034482758620689655,0.0,46.699999999999996,56.8,38.699999999999996,59.099999999999994,53.699999999999996,35
71463,2103,968,0.024793388429752067,0.24380165289256198,0.0371900826446281,0.16322314049586778,0.03925619834710744,0.010330578512396695,46.8,40.599999999999994,44.8,43.6,34.9,79
71476,2103,430,0.018604651162790697,0.2558139534883721,0.05116279069767442,0.19534883720930232,0.027906976744186046,0.0,33.9,22.799999999999997,34.9,52.7,34.9,48
71481,2103,1408,0.05965909090909091,0.22585227272727273,0.09232954545454546,0.15625,0.05397727272727273,0.0,89.8,37.1,53.699999999999996,97.4,46.4,29
71495,2103,1380,0.017391304347826087,0.17391304347826086,0.03768115942028986,0.19130434782608696,0.05652173913043478,0.007246376811594203,70.39999999999999,61.2,86.39999999999999,36.3,20.2,111
71547,2103,482,0.03319502074688797,0.16182572614107885,0.07468879668049792,0.2033195020746888,0.03734439834024896,0.0,49.0,64.69999999999999,51.599999999999994,62.5,36.2,82
71571,2103,1272,0.0330188679245283,0.1320754716981132,0.08176100628930817,0.16823899371069181,0.04559748427672956,0.0,54.0,65.6,53.0,47.699999999999996,34.8,70
71578,2103,72,0.0,0.1388888888888889,0.2222222222222222,0.16666666666666666,0.0,0.0,42.3,53.49999999999999,48.49999999999999,37.7,32.1,73
71588,2103,1110,0.014414414414414415,0.17117117117117117,0.07927927927927927,0.1783783783783784,0.032432432432432434,0.005405405405405406,42.99999999999999,65.4,43.699999999999996,33.0,48.0,71
71600,2103,650,0.04,0.19076923076923077,0.06461538461538462,0.1753846153846154,0.04,0.0,50.99999999999999,54.0,45.0,62.0,42.0,56
71602,2103,1334,0.035982008995502246,0.16941529235382308,0.08995502248875563,0.19790104947526238,0.03298350824587706,0.008995502248875561,49.199999999999996,61.2,55.8,75.8,45.4,80
71624,2103,26,0.0,0.46153846153846156,0.0,0.0,0.0,0.0,7.3999999999999995,10.799999999999999,1.0,1.0,1.0,7
71629,2103,162,0.012345679012345678,0.24691358024691357,0.037037037037037035,0.18518518518518517,0.012345679012345678,0.012345679012345678,33.699999999999996,35.0,33.0,40.7,34.0,52
71654,2103,1016,0.02952755905511811,0.24803149606299213,0.03937007874015748,0.16929133858267717,0.04133858267716536,0.001968503937007874,50.3,43.4,49.599999999999994,42.4,33.4,75
71682,2103,1190,0.021848739495798318,0.1949579831932773,0.10420168067226891,0.20504201680672268,0.03697478991596639,0.0016806722689075631,38.8,43.8,43.8,47.4,52.3,34
71686,2103,380,0.005263157894736842,0.1631578947368421,0.1,0.14736842105263157,0.04736842105263158,0.005263157894736842,47.7,61.7,42.199999999999996,50.0,39.699999999999996,78
71753,2103,598,0.020066889632107024,0.23076923076923078,0.033444816053511704,0.14715719063545152,0.06020066889632107,0.0,48.699999999999996,34.7,45.699999999999996,29.7,31.699999999999996,59
71774,2103,8,0.0,0.25,0.25,0.25,0.0,0.0,47.699999999999996,44.39999999999999,37.5,44.699999999999996,36.5,75
71790,2103,160,0.0375,0.2125,0.1,0.1875,0.05,0.0,48.099999999999994,49.3,49.8,50.3,47.89999999999999,61
71803,2103,72,0.0,0.1111111111111111,0.0,0.3055555555555556,0.0,0.0,47.199999999999996,63.2,33.3,10.6,10.6,59
71820,2103,204,0.049019607843137254,0.1568627450980392,0.0784313725490196,0.17647058823529413,0.0392156862745098,0.0,52.39999999999999,51.199999999999996,47.3,48.49999999999999,31.599999999999998,70
71855,2103,1374,0.03202328966521106,0.10480349344978165,0.08733624454148471,0.2183406113537118,0.04512372634643377,0.004366812227074236,72.8,89.1,51.49999999999999,63.0,58.199999999999996,50
71869,2103,168,0.011904761904761904,0.2261904761904762,0.10714285714285714,0.10714285714285714,0.023809523809523808,0.0,51.3,48.3,32.2,45.0,56.5,16
71891,2103,958,0.016701461377870562,0.1544885177453027,0.08559498956158663,0.19206680584551147,0.06471816283924843,0.0020876826722338203,64.1,66.1,48.8,48.199999999999996,50.199999999999996,28
71893,2103,994,0.04426559356136821,0.158953722334004,0.11468812877263582,0.20925553319919518,0.052313883299798795,0.012072434607645875,71.69999999999999,46.199999999999996,64.0,47.599999999999994,65.0,78
71900,2103,22,0.0,0.2727272727272727,0.0,0.18181818181818182,0.0,0.0,63.49999999999999,46.699999999999996,44.8,45.3,39.699999999999996,78
71917,2103,72,0.0,0.2777777777777778,0.08333333333333333,0.05555555555555555,0.027777777777777776,0.0,31.5,34.599999999999994,33.8,31.299999999999997,34.9,45
71932,2103,172,0.011627906976744186,0.20930232558139536,0.06976744186046512,0.1744186046511628,0.046511627906976744,0.011627906976744186,44.599999999999994,46.49999999999999,45.3,44.8,40.9,66
71946,2103,144,0.041666666666666664,0.2222222222222222,0.08333333333333333,0.125,0.041666666666666664,0.013888888888888888,58.9,45.0,48.3,40.8,49.599999999999994,87
71956,2103,256,0.0234375,0.21875,0.09375,0.1328125,0.0078125,0.0,50.0,46.8,34.9,42.8,26.4,42
71960,2103,896,0.022321428571428572,0.16071428571428573,0.10267857142857142,0.18526785714285715,0.04241071428571429,0.0,59.8,69.8,55.5,57.19999999999999,43.9,49
71968,2103,262,0.03816793893129771,0.16793893129770993,0.10687022900763359,0.22900763358778625,0.030534351145038167,0.0,50.199999999999996,52.3,33.599999999999994,55.199999999999996,48.5,18
71969,2103,680,0.01764705882352941,0.08529411764705883,0.08235294117647059,0.16470588235294117,0.061764705882352944,0.0029411764705882353,52.3,95.0,61.599999999999994,26.099999999999994,56.39999999999999,49
71970,2103,1088,0.02389705882352941,0.1636029411764706,0.06433823529411764,0.17463235294117646,0.04779411764705882,0.0,51.8,59.89999999999999,44.199999999999996,49.7,48.89999999999999,23
71996,2103,794,0.04785894206549118,0.1561712846347607,0.06297229219143577,0.15869017632241814,0.022670025188916875,0.007556675062972292,61.3,64.4,31.4,58.9,37.4,3
71997,2103,462,0.030303030303030304,0.2510822510822511,0.06060606060606061,0.17316017316017315,0.06060606060606061,0.004329004329004329,48.8,34.5,50.099999999999994,39.4,40.3,51
72017,2103,150,0.04,0.13333333333333333,0.013333333333333334,0.18666666666666668,0.08,0.013333333333333334,63.099999999999994,82.5,51.5,32.8,34.1,97
72054,2103,36,0.0,0.3333333333333333,0.05555555555555555,0.0,0.05555555555555555,0.0,1.9,11.2,11.6,2.8,8.6,30
72056,2103,982,0.04684317718940937,0.164969450101833,0.0814663951120163,0.15478615071283094,0.04276985743380855,0.006109979633401222,43.8,63.5,46.8,76.1,45.099999999999994,44
72068,2103,478,0.02510460251046025,0.1297071129707113,0.0502092050209205,0.19246861924686193,0.058577405857740586,0.0041841004184100415,53.39999999999999,65.4,46.099999999999994,45.9,40.199999999999996,63
72072,2103,620,0.041935483870967745,0.14838709677419354,0.07419354838709677,0.17419354838709677,0.03870967741935484,0.0,63.8,67.5,54.0,51.8,38.8,55
72073,2103,1224,0.03104575163398693,0.1781045751633987,0.09477124183006536,0.16013071895424835,0.04084967320261438,0.0,46.0,48.599999999999994,49.89999999999999,49.599999999999994,48.3,46
72077,2103,1026,0.037037037037037035,0.18128654970760233,0.06627680311890838,0.17543859649122806,0.03313840155945419,0.001949317738791423,64.2,57.599999999999994,33.8,48.8,49.39999999999999,9
72082,2103,1182,0.050761421319796954,0.1658206429780034,0.11844331641285956,0.15397631133671744,0.030456852791878174,0.011844331641285956,70.39999999999999,54.599999999999994,54.19999999999999,91.1,55.9,61
72095,2103,1272,0.036163522012578615,0.16037735849056603,0.08333333333333333,0.19025157232704404,0.050314465408805034,0.0015723270440251573,53.099999999999994,57.8,45.699999999999996,60.49999999999999,49.8,24
72103,2103,130,0.0,0.18461538461538463,0.015384615384615385,0.15384615384615385,0.03076923076923077,0.015384615384615385,45.0,52.0,43.0,43.0,52.0,61
72153,2103,810,0.044444444444444446,0.16296296296296298,0.12345679012345678,0.18518518518518517,0.04197530864197531,0.0,39.1,47.6,56.9,67.1,98.89999999999999,22
72273,2103,1024,0.021484375,0.16015625,0.064453125,0.19921875,0.03125,0.0,55.3,53.9,37.2,50.599999999999994,45.0,57
72289,2103,18,0.0,0.3333333333333333,0.0,0.1111111111111111,0.0,0.0,54.0,58.599999999999994,27.799999999999997,61.99999999999999,47.099999999999994,2
72362,2103,198,0.010101010101010102,0.2222222222222222,0.0707070707070707,0.18181818181818182,0.0,0.0,34.9,32.5,33.9,38.7,34.599999999999994,46
72377,2103,444,0.013513513513513514,0.08108108108108109,0.08108108108108109,0.19369369369369369,0.036036036036036036,0.009009009009009009,62.0,78.5,47.099999999999994,40.0,45.8,67
72389,2103,1140,0.02982456140350877,0.18421052631578946,0.08596491228070176,0.16842105263157894,0.02982456140350877,0.0035087719298245615,48.599999999999994,50.9,60.9,52.9,52.199999999999996,75
72397,2103,1098,0.04553734061930783,0.11475409836065574,0.09289617486338798,0.1930783242258652,0.04918032786885246,0.0036429872495446266,47.5,66.8,47.099999999999994,50.4,48.099999999999994,38
72404,2103,750,0.024,0.24,0.07466666666666667,0.14133333333333334,0.04,0.0,49.599999999999994,14.2,49.3,48.49999999999999,50.2,80
72407,2103,268,0.007462686567164179,0.2462686567164179,0.03731343283582089,0.14925373134328357,0.029850746268656716,0.007462686567164179,38.3,28.299999999999997,37.0,28.299999999999997,30.0,92
72409,2103,890,0.0696629213483146,0.11685393258426967,0.10561797752808989,0.18651685393258427,0.0449438202247191,0.0022471910112359553,58.9,72.1,57.199999999999996,79.3,61.6,38
72425,2103,1136,0.035211267605633804,0.2007042253521127,0.07570422535211267,0.18309859154929578,0.04929577464788732,0.0,67.1,49.0,48.5,75.8,32.9,32
72428,2103,900,0.06444444444444444,0.08,0.12666666666666668,0.22,0.06,0.0022222222222222222,95.8,93.8,83.3,96.5,74.0,36
72438,2103,422,0.05687203791469194,0.09004739336492891,0.15165876777251186,0.2037914691943128,0.05687203791469194,0.004739336492890996,84.1,87.4,73.7,83.39999999999999,72.69999999999999,46
72442,2103,882,0.02947845804988662,0.1473922902494331,0.08843537414965986,0.20408163265306123,0.04308390022675737,0.0045351473922902496,60.3,58.9,41.3,57.2,44.0,41
72447,2103,396,0.020202020202020204,0.08080808080808081,0.10606060606060606,0.21717171717171718,0.045454545454545456,0.010101010101010102,67.19999999999999,85.1,57.599999999999994,71.3,36.0,85
72459,2103,432,0.023148148148148147,0.1574074074074074,0.10185185185185185,0.21296296296296297,0.046296296296296294,0.0,48.4,61.4,23.1,45.199999999999996,37.5,23
72475,2103,1378,0.036284470246734396,0.14949201741654572,0.12917271407837447,0.18142235123367198,0.05079825834542816,0.002902757619738752,103.6,61.89999999999999,68.8,85.5,79.89999999999999,42
72481,2103,402,0.01990049751243781,0.24378109452736318,0.05472636815920398,0.1890547263681592,0.009950248756218905,0.004975124378109453,30.5,15.2,24.799999999999997,28.299999999999997,26.299999999999997,88
72485,2103,132,0.015151515151515152,0.10606060606060606,0.09090909090909091,0.21212121212121213,0.07575757575757576,0.0,46.3,54.2,38.5,61.099999999999994,37.8,37
72513,2103,1182,0.01353637901861252,0.1319796954314721,0.1218274111675127,0.155668358714044,0.05583756345177665,0.008460236886632826,50.599999999999994,49.199999999999996,46.199999999999996,57.3,59.6,76
72515,2103,1202,0.008319467554076539,0.10815307820299501,0.05823627287853577,0.20133111480865223,0.051580698835274545,0.0,55.9,76.39999999999999,39.599999999999994,29.599999999999994,34.3,40
72522,2103,1156,0.012110726643598616,0.14359861591695502,0.07958477508650519,0.17128027681660898,0.06055363321799308,0.0017301038062283738,46.7,66.9,47.3,34.9,48.3,48
72551,2103,582,0.01718213058419244,0.15807560137457044,0.061855670103092786,0.1718213058419244,0.041237113402061855,0.006872852233676976,41.599999999999994,46.9,42.3,46.9,28.9,69
72593,2103,754,0.04774535809018567,0.23607427055702918,0.08222811671087533,0.15649867374005305,0.058355437665782495,0.007957559681697613,46.599999999999994,37.9,45.0,62.099999999999994,42.4,74
72598,2103,6,0.0,0.3333333333333333,0.0,0.6666666666666666,0.0,0.0,50.6,38.8,34.599999999999994,44.5,28.5,79
72614,2103,1222,0.0425531914893617,0.14893617021276595,0.054009819967266774,0.16202945990180032,0.04746317512274959,0.0016366612111292963,45.4,68.8,55.89999999999999,83.0,38.4,50
72619,2103,638,0.02821316614420063,0.27586206896551724,0.050156739811912224,0.15047021943573669,0.034482758620689655,0.0,41.5,38.3,38.5,38.0,28.1,79
72638,2103,14,0.0,0.0,0.0,0.2857142857142857,0.0,0.0,72.8,74.89999999999999,46.1,28.099999999999998,30.699999999999996,77
72651,2103,356,0.028089887640449437,0.15730337078651685,0.028089887640449437,0.20224719101123595,0.028089887640449437,0.0,42.5,58.8,33.599999999999994,38.1,39.199999999999996,24
72655,2103,286,0.02097902097902098,0.23776223776223776,0.09090909090909091,0.13986013986013987,0.04195804195804196,0.0,63.99999999999999,42.3,48.199999999999996,47.2,46.3,48
72667,2103,812,0.034482758620689655,0.12561576354679804,0.03694581280788178,0.1896551724137931,0.027093596059113302,0.0,33.8,60.099999999999994,38.9,49.6,17.799999999999997,3
72690,2103,186,0.021505376344086023,0.13978494623655913,0.03225806451612903,0.22580645161290322,0.043010752688172046,0.0,55.9,61.099999999999994,33.9,55.49999999999999,36.699999999999996,22
72774,2103,450,0.04888888888888889,0.1688888888888889,0.08,0.17333333333333334,0.022222222222222223,0.0,39.9,53.699999999999996,40.9,57.89999999999999,35.6,29
72788,2103,392,0.05102040816326531,0.10714285714285714,0.11734693877551021,0.1683673469387755,0.04081632653061224,0.0,42.5,78.8,47.7,56.199999999999996,61.8,25
72859,2103,118,0.0,0.423728813559322,0.01694915254237288,0.11864406779661017,0.06779661016949153,0.0,28.199999999999996,22.4,27.5,27.1,20.9,29
72890,2103,688,0.0377906976744186,0.11337209302325581,0.10755813953488372,0.2005813953488372,0.055232558139534885,0.0,67.2,74.3,45.4,54.5,61.199999999999996,45
72920,2103,924,0.045454545454545456,0.35064935064935066,0.07142857142857142,0.12987012987012986,0.025974025974025976,0.0,65.8,7.199999999999999,43.4,86.1,35.199999999999996,36
72967,2103,1294,0.06027820710973725,0.12364760432766615,0.08500772797527048,0.160741885625966,0.0571870170015456,0.0015455950540958269,83.1,84.5,58.8,84.2,45.199999999999996,35
72995,2103,1378,0.015965166908563134,0.10449927431059507,0.07547169811320754,0.18577648766328012,0.05224963715529753,0.0043541364296081275,59.099999999999994,74.5,72.3,32.5,43.8,75
72996,2103,34,0.0,0.23529411764705882,0.0,0.17647058823529413,0.0,0.0,7.3999999999999995,9.5,7.3999999999999995,1.0,1.0,13
73038,2103,46,0.0,0.17391304347826086,0.043478260869565216,0.08695652173913043,0.08695652173913043,0.0,52.099999999999994,47.199999999999996,39.8,59.099999999999994,37.5,79
73112,2103,148,0.0,0.20270270270270271,0.04054054054054054,0.1891891891891892,0.04054054054054054,0.0,66.3,33.3,37.5,43.8,22.499999999999996,78
73115,2103,94,0.0,0.1702127659574468,0.0851063829787234,0.10638297872340426,0.0425531914893617,0.0,42.599999999999994,45.8,38.9,55.099999999999994,49.49999999999999,20
73151,2103,250,0.032,0.2,0.016,0.192,0.032,0.0,50.199999999999996,52.4,50.199999999999996,38.8,40.9,61
73196,2103,1020,0.013725490196078431,0.14705882352941177,0.09019607843137255,0.20392156862745098,0.0392156862745098,0.00392156862745098,79.4,82.1,68.89999999999999,44.4,53.0,107
73210,2103,98,0.0,0.16326530612244897,0.08163265306122448,0.14285714285714285,0.0,0.0,37.9,46.099999999999994,48.199999999999996,56.699999999999996,28.599999999999998,70
73233,2103,208,0.009615384615384616,0.11538461538461539,0.1346153846153846,0.16346153846153846,0.0673076923076923,0.009615384615384616,53.8,76.69999999999999,63.599999999999994,14.899999999999999,37.0,76
73239,2103,310,0.03225806451612903,0.14838709677419354,0.05161290322580645,0.18064516129032257,0.07096774193548387,0.0,46.199999999999996,45.8,63.2,33.599999999999994,37.599999999999994,56
73253,2103,738,0.02981029810298103,0.15447154471544716,0.0948509485094851,0.1842818428184282,0.04607046070460705,0.0,49.599999999999994,53.099999999999994,45.89999999999999,50.099999999999994,49.8,33
73278,2103,444,0.06306306306306306,0.2882882882882883,0.05405405405405406,0.12612612612612611,0.018018018018018018,0.0045045045045045045,49.7,16.099999999999998,52.7,84.39999999999999,35.5,9
73293,2103,1048,0.04007633587786259,0.21564885496183206,0.030534351145038167,0.19274809160305342,0.04770992366412214,0.007633587786259542,71.69999999999999,42.1,48.89999999999999,49.0,32.2,55
73301,2103,430,0.06046511627906977,0.29767441860465116,0.046511627906976744,0.14883720930232558,0.04186046511627907,0.0,40.8,17.799999999999997,32.9,72.89999999999999,33.9,7
73583,2103,644,0.012422360248447204,0.21428571428571427,0.10869565217391304,0.2080745341614907,0.018633540372670808,0.003105590062111801,90.5,35.6,63.5,55.39999999999999,50.199999999999996,77
73592,2103,72,0.027777777777777776,0.05555555555555555,0.1111111111111111,0.2777777777777778,0.05555555555555555,0.0,55.3,87.89999999999999,41.5,51.699999999999996,32.5,24
73600,2103,1190,0.06050420168067227,0.11428571428571428,0.13949579831932774,0.1865546218487395,0.05714285714285714,0.0033613445378151263,81.69999999999999,80.8,64.8,89.19999999999999,60.8,39
73629,2103,1098,0.009107468123861567,0.30965391621129323,0.04735883424408015,0.14571948998178508,0.030965391621129327,0.0036429872495446266,38.8,14.8,37.5,26.2,28.199999999999996,80
73633,2103,1056,0.032196969696969696,0.19128787878787878,0.06818181818181818,0.20075757575757575,0.03977272727272727,0.003787878787878788,45.89999999999999,47.8,36.099999999999994,52.199999999999996,32.099999999999994,8
73640,2103,1312,0.03201219512195122,0.23780487804878048,0.051829268292682924,0.16463414634146342,0.04878048780487805,0.001524390243902439,66.19999999999999,34.6,57.3,69.8,43.8,31
73646,2103,1250,0.0272,0.1872,0.088,0.1712,0.0592,0.0032,67.7,48.3,55.8,62.89999999999999,43.4,69
73655,2103,1114,0.01615798922800718,0.21005385996409337,0.11131059245960502,0.15080789946140036,0.05206463195691203,0.00718132854578097,47.99999999999999,41.4,48.099999999999994,48.9,62.5,79
73667,2103,942,0.03184713375796178,0.1740976645435244,0.07006369426751592,0.16985138004246284,0.044585987261146494,0.0,68.1,61.7,40.9,70.89999999999999,34.2,19
73673,2103,186,0.010752688172043012,0.15053763440860216,0.06451612903225806,0.23655913978494625,0.021505376344086023,0.03225806451612903,60.39999999999999,54.599999999999994,50.8,48.89999999999999,46.0,72
73680,2103,582,0.020618556701030927,0.23711340206185566,0.05154639175257732,0.12714776632302405,0.027491408934707903,0.0,42.9,37.8,36.6,37.5,31.9,43
73689,2103,712,0.042134831460674156,0.18258426966292135,0.08146067415730338,0.15168539325842698,0.047752808988764044,0.0028089887640449437,50.599999999999994,58.8,46.0,62.39999999999999,43.699999999999996,38
73693,2103,1270,0.04409448818897638,0.14960629921259844,0.08503937007874016,0.16850393700787403,0.048818897637795275,0.0,58.199999999999996,72.0,50.3,81.0,47.699999999999996,23
73706,2103,778,0.010282776349614395,0.1928020565552699,0.04113110539845758,0.19023136246786632,0.038560411311053984,0.007712082262210797,80.3,43.5,60.0,21.8,30.6,91
73709,2103,1192,0.025167785234899327,0.13590604026845637,0.09563758389261745,0.19463087248322147,0.0587248322147651,0.0,90.69999999999999,81.6,67.4,63.7,51.5,76
73726,2103,240,0.03333333333333333,0.175,0.09166666666666666,0.15833333333333333,0.041666666666666664,0.0,49.199999999999996,49.0,34.2,74.89999999999999,53.39999999999999,18
73771,2103,220,0.01818181818181818,0.20909090909090908,0.08181818181818182,0.16363636363636364,0.05454545454545454,0.0,47.89999999999999,49.0,34.2,44.9,48.0,27
73792,2103,1330,0.04360902255639098,0.2,0.13383458646616542,0.13383458646616542,0.03007518796992481,0.0030075187969924814,63.9,47.0,61.599999999999994,80.19999999999999,88.8,63
73866,2103,666,0.009009009009009009,0.23423423423423423,0.08708708708708708,0.17717717717717718,0.02702702702702703,0.0,29.199999999999996,38.8,35.5,43.699999999999996,47.49999999999999,70
73883,2103,668,0.017964071856287425,0.20359281437125748,0.0658682634730539,0.20359281437125748,0.05688622754491018,0.0,64.0,52.4,43.199999999999996,15.6,37.7,80
73930,2103,40,0.0,0.05,0.2,0.15,0.05,0.0,65.6,76.6,87.1,32.8,46.8,81
73956,2103,838,0.031026252983293555,0.14081145584725538,0.10023866348448687,0.2052505966587112,0.031026252983293555,0.00954653937947494,70.8,70.3,47.699999999999996,40.5,62.39999999999999,81
73988,2103,114,0.0,0.22807017543859648,0.03508771929824561,0.15789473684210525,0.03508771929824561,0.0,46.199999999999996,43.199999999999996,36.6,28.9,32.2,50
73991,2103,356,0.033707865168539325,0.1348314606741573,0.07303370786516854,0.20224719101123595,0.07865168539325842,0.0,66.5,64.6,50.2,47.3,48.3,45
74046,2103,972,0.053497942386831275,0.16872427983539096,0.051440329218107,0.18106995884773663,0.04526748971193416,0.006172839506172839,57.4,78.8,57.4,75.5,34.599999999999994,42
74054,2103,318,0.012578616352201259,0.16352201257861634,0.06289308176100629,0.1761006289308176,0.018867924528301886,0.0,48.5,74.3,35.8,32.7,30.699999999999996,49
74056,2103,542,0.025830258302583026,0.0996309963099631,0.0996309963099631,0.19557195571955718,0.04428044280442804,0.0,56.599999999999994,89.5,84.8,73.89999999999999,60.9,72
74064,2103,24,0.0,0.16666666666666666,0.0,0.3333333333333333,0.0,0.0,33.099999999999994,29.599999999999998,29.5,24.599999999999998,28.2,76
74084,2103,1374,0.040756914119359534,0.12809315866084425,0.09024745269286755,0.2081513828238719,0.046579330422125184,0.005822416302765648,86.19999999999999,86.5,50.5,57.8,47.4,76
74110,2103,450,0.04,0.14666666666666667,0.12,0.1688888888888889,0.057777777777777775,0.0044444444444444444,51.699999999999996,70.5,69.8,56.599999999999994,63.5,76
74185,2103,876,0.0365296803652968,0.3150684931506849,0.1050228310502283,0.1187214611872146,0.03424657534246575,0.00228310502283105,41.0,13.299999999999999,52.3,71.9,74.19999999999999,44
74200,2103,1046,0.02676864244741874,0.13957934990439771,0.07265774378585087,0.17590822179732313,0.0497131931166348,0.0076481835564053535,69.5,74.19999999999999,50.3,46.099999999999994,54.5,60
74232,2103,14,0.0,0.14285714285714285,0.0,0.2857142857142857,0.0,0.0,48.099999999999994,74.5,34.9,37.7,44.5,2
74274,2103,802,0.0399002493765586,0.22942643391521197,0.10972568578553615,0.13216957605985039,0.022443890274314215,0.0024937655860349127,33.8,42.39999999999999,32.5,82.69999999999999,47.39999999999999,17
74277,2103,608,0.0,0.1611842105263158,0.08223684210526316,0.15789473684210525,0.04276315789473684,0.0,57.89999999999999,55.49999999999999,73.39999999999999,37.9,38.199999999999996,84
74302,2103,890,0.024719101123595506,0.13707865168539327,0.11910112359550562,0.18876404494382024,0.060674157303370786,0.008988764044943821,81.1,73.7,74.8,39.599999999999994,88.39999999999999,97
74349,2103,384,0.010416666666666666,0.16666666666666666,0.08333333333333333,0.15625,0.026041666666666668,0.0,49.4,43.6,28.199999999999996,17.5,33.5,7
74429,2103,1218,0.0180623973727422,0.11658456486042693,0.0755336617405583,0.18555008210180624,0.03776683087027915,0.003284072249589491,39.5,82.1,51.699999999999996,38.7,53.39999999999999,49
74448,2103,1066,0.02626641651031895,0.21388367729831145,0.08442776735459662,0.1801125703564728,0.0375234521575985,0.0,37.5,36.699999999999996,31.9,40.9,85.19999999999999,10
74455,2103,22,0.0,0.36363636363636365,0.0,0.0,0.0,0.0,7.8,1.0,1.0,1.0,4.499999999999999,14
74527,2103,1228,0.016286644951140065,0.26384364820846906,0.07654723127035831,0.13680781758957655,0.05537459283387622,0.0,45.4,35.699999999999996,60.99999999999999,55.0,40.8,71
74529,2103,166,0.0,0.18072289156626506,0.024096385542168676,0.1686746987951807,0.08433734939759036,0.0,64.1,55.69999999999999,50.199999999999996,20.1,18.9,79
74553,2103,626,0.019169329073482427,0.15654952076677317,0.07667731629392971,0.14057507987220447,0.04153354632587859,0.006389776357827476,37.5,58.5,37.599999999999994,50.599999999999994,32.599999999999994,82
74579,2103,886,0.006772009029345372,0.14221218961625282,0.07900677200902935,0.17381489841986456,0.040632054176072234,0.004514672686230248,79.89999999999999,75.4,42.9,23.9,47.599999999999994,47
74595,2103,1320,0.025757575757575757,0.14696969696969697,0.1318181818181818,0.15757575757575756,0.05303030303030303,0.0015151515151515152,73.8,54.3,88.1,55.0,94.29999999999998,52
74663,2103,1070,0.03177570093457944,0.17383177570093458,0.07850467289719626,0.16635514018691588,0.03925233644859813,0.0,41.4,50.599999999999994,57.8,64.2,49.7,74
74667,2103,940,0.01702127659574468,0.14468085106382977,0.07446808510638298,0.18085106382978725,0.05531914893617021,0.006382978723404255,48.599999999999994,59.8,47.89999999999999,33.8,52.599999999999994,76
74695,2103,1030,0.04660194174757282,0.19223300970873786,0.04854368932038835,0.14951456310679612,0.03300970873786408,0.0,67.8,56.199999999999996,39.099999999999994,77.6,33.9,30
74784,2103,14,0.0,0.42857142857142855,0.0,0.2857142857142857,0.14285714285714285,0.0,29.799999999999997,40.3,49.599999999999994,49.199999999999996,34.2,52
74811,2103,156,0.038461538461538464,0.10256410256410256,0.0641025641025641,0.2564102564102564,0.038461538461538464,0.0,44.8,91.5,50.69999999999999,56.599999999999994,42.8,38
74817,2103,4,0.0,0.0,0.0,0.5,0.0,0.0,43.099999999999994,35.4,30.6,46.5,27.1,27
74865,2103,54,0.0,0.14814814814814814,0.037037037037037035,0.1111111111111111,0.037037037037037035,0.0,65.8,50.199999999999996,39.699999999999996,60.7,41.3,55
74959,2103,16,0.0,0.375,0.0,0.0,0.0,0.0,32.599999999999994,33.5,35.6,36.8,33.599999999999994,31
74966,2103,86,0.0,0.13953488372093023,0.046511627906976744,0.2558139534883721,0.06976744186046512,0.0,64.8,66.2,43.099999999999994,55.199999999999996,49.9,49
74991,2103,300,0.04666666666666667,0.16666666666666666,0.12,0.19333333333333333,0.03333333333333333,0.0,46.5,46.9,40.5,43.8,50.099999999999994,24
75063,2103,266,0.022556390977443608,0.16541353383458646,0.14285714285714285,0.15037593984962405,0.045112781954887216,0.0,56.39999999999999,67.7,74.0,53.099999999999994,47.5,34
75196,2103,1100,0.03090909090909091,0.11454545454545455,0.07272727272727272,0.18181818181818182,0.04363636363636364,0.0,62.599999999999994,90.5,70.5,48.0,41.599999999999994,71
75204,2103,844,0.0071090047393364926,0.26066350710900477,0.06872037914691943,0.1966824644549763,0.02843601895734597,0.002369668246445498,62.8,33.4,50.3,36.5,44.699999999999996,46
75211,2103,6,0.0,0.3333333333333333,0.0,0.0,0.0,0.0,48.5,37.8,41.9,39.5,38.9,18
75214,2103,630,0.015873015873015872,0.2126984126984127,0.13968253968253969,0.19047619047619047,0.04126984126984127,0.0031746031746031746,103.3,41.9,53.3,22.599999999999998,77.19999999999999,87
75405,2103,1028,0.02529182879377432,0.1517509727626459,0.07198443579766536,0.20233463035019456,0.038910505836575876,0.0,74.69999999999999,60.199999999999996,64.6,67.0,40.9,72
75518,2103,486,0.012345679012345678,0.17695473251028807,0.03292181069958848,0.205761316872428,0.04526748971193416,0.00411522633744856,62.3,67.2,59.4,51.8,35.9,70
75519,2103,440,0.04090909090909091,0.12272727272727273,0.06363636363636363,0.17272727272727273,0.06363636363636363,0.0,35.9,46.0,54.99999999999999,54.89999999999999,38.3,19
75529,2103,396,0.025252525252525252,0.16666666666666666,0.11616161616161616,0.18686868686868688,0.05555555555555555,0.0,65.3,43.9,66.39999999999999,54.89999999999999,76.6,78
75544,2103,910,0.054945054945054944,0.18021978021978022,0.12307692307692308,0.16703296703296702,0.05934065934065934,0.008791208791208791,59.2,49.3,65.1,82.69999999999999,80.1,79
75557,2103,1012,0.005928853754940711,0.1541501976284585,0.06324110671936758,0.21936758893280633,0.045454545454545456,0.001976284584980237,75.3,60.4,43.599999999999994,39.3,41.4,74
75570,2103,672,0.041666666666666664,0.22916666666666666,0.0625,0.14285714285714285,0.041666666666666664,0.0,50.39999999999999,37.9,67.5,67.5,41.099999999999994,68
75832,2103,1284,0.06074766355140187,0.2585669781931464,0.08411214953271028,0.14797507788161993,0.028037383177570093,0.0,60.199999999999996,32.1,44.5,87.0,54.89999999999999,75
75852,2103,252,0.023809523809523808,0.2698412698412698,0.07142857142857142,0.14285714285714285,0.047619047619047616,0.0,58.0,46.4,82.8,45.4,58.0,83
75967,2103,890,0.017977528089887642,0.18651685393258427,0.058426966292134834,0.18202247191011237,0.04943820224719101,0.0,48.39999999999999,38.0,27.9,34.8,32.9,23
76101,2103,34,0.058823529411764705,0.4117647058823529,0.0,0.17647058823529413,0.0,0.0,50.99999999999999,44.099999999999994,23.2,28.1,49.7,41
76112,2103,1048,0.019083969465648856,0.10305343511450382,0.06870229007633588,0.21755725190839695,0.04198473282442748,0.0,54.8,94.69999999999999,42.9,36.2,47.199999999999996,71
76146,2103,1304,0.06441717791411043,0.28680981595092025,0.12116564417177914,0.11349693251533742,0.0352760736196319,0.0,55.599999999999994,19.099999999999998,40.8,116.4,49.0,26
76169,2103,296,0.013513513513513514,0.20270270270270271,0.05405405405405406,0.20945945945945946,0.0472972972972973,0.0,51.39999999999999,50.599999999999994,33.9,60.599999999999994,39.099999999999994,5
76225,2103,124,0.04838709677419355,0.20967741935483872,0.04838709677419355,0.1935483870967742,0.03225806451612903,0.0,51.4,40.0,39.5,35.9,33.8,48
76775,2103,166,0.024096385542168676,0.2289156626506024,0.12048192771084337,0.12048192771084337,0.0,0.0,45.099999999999994,22.099999999999998,43.099999999999994,53.49999999999999,51.8,1
76846,2103,1174,0.028960817717206135,0.10732538330494037,0.11073253833049404,0.20954003407155025,0.059625212947189095,0.0017035775127768314,87.1,77.89999999999999,86.1,74.9,63.199999999999996,67
76878,2103,2,0.0,0.0,0.0,1.0,0.0,0.0,45.199999999999996,54.5,74.1,51.2,38.9,72
76920,2103,10,0.0,0.2,0.0,0.6,0.0,0.0,33.0,41.6,33.3,44.599999999999994,46.699999999999996,20
76953,2103,706,0.0084985835694051,0.11614730878186968,0.11614730878186968,0.17563739376770537,0.039660056657223795,0.0,63.599999999999994,96.19999999999999,48.8,33.5,74.2,24
77064,2103,418,0.028708133971291867,0.18181818181818182,0.07655502392344497,0.20095693779904306,0.028708133971291867,0.004784688995215311,50.6,39.9,55.599999999999994,51.2,45.599999999999994,72
77109,2103,156,0.0,0.14102564102564102,0.038461538461538464,0.28205128205128205,0.07692307692307693,0.0,49.9,65.39999999999999,50.9,34.599999999999994,32.599999999999994,73
77199,2103,132,0.015151515151515152,0.22727272727272727,0.015151515151515152,0.18181818181818182,0.030303030303030304,0.0,48.599999999999994,55.8,28.299999999999997,34.3,18.6,32
77229,2103,44,0.0,0.09090909090909091,0.0,0.18181818181818182,0.18181818181818182,0.0,60.0,47.699999999999996,48.699999999999996,52.39999999999999,36.699999999999996,39
77317,2103,14,0.0,0.14285714285714285,0.0,0.2857142857142857,0.0,0.0,53.89999999999999,48.89999999999999,36.0,19.299999999999997,39.599999999999994,67
77354,2103,750,0.029333333333333333,0.17066666666666666,0.10133333333333333,0.18666666666666668,0.056,0.0026666666666666666,57.9,65.1,59.599999999999994,64.5,84.5,28
77368,2103,1442,0.03467406380027739,0.13869625520110956,0.07489597780859916,0.217753120665742,0.047156726768377254,0.0027739251040221915,66.0,65.39999999999999,51.4,76.8,55.699999999999996,55
77437,2103,452,0.017699115044247787,0.2610619469026549,0.035398230088495575,0.18141592920353983,0.04424778761061947,0.0,62.599999999999994,31.0,30.299999999999997,18.3,17.299999999999997,81
77446,2103,790,0.02531645569620253,0.1468354430379747,0.09620253164556962,0.20506329113924052,0.04556962025316456,0.002531645569620253,48.699999999999996,59.7,28.0,31.0,37.0,36
77492,2103,1198,0.018363939899833055,0.15358931552587646,0.08180300500834725,0.1652754590984975,0.07679465776293823,0.00333889816360601,59.8,53.599999999999994,88.8,33.099999999999994,41.099999999999994,108
77520,2103,206,0.0,0.20388349514563106,0.04854368932038835,0.1941747572815534,0.02912621359223301,0.0,39.9,61.8,27.199999999999996,16.9,35.1,45
77524,2103,1256,0.022292993630573247,0.13853503184713375,0.09554140127388536,0.20382165605095542,0.07802547770700637,0.009554140127388535,79.3,68.1,90.49999999999999,49.0,49.49999999999999,102
77539,2103,1096,0.020072992700729927,0.17518248175182483,0.08029197080291971,0.19160583941605838,0.04562043795620438,0.0018248175182481751,39.599999999999994,46.599999999999994,57.599999999999994,37.599999999999994,75.3,54
77545,2103,1424,0.019662921348314606,0.11235955056179775,0.09831460674157304,0.1853932584269663,0.054775280898876406,0.0014044943820224719,49.599999999999994,85.6,52.199999999999996,46.199999999999996,60.69999999999999,47
78035,2103,820,0.01707317073170732,0.14878048780487804,0.0951219512195122,0.16585365853658537,0.041463414634146344,0.004878048780487805,62.9,69.1,66.89999999999999,49.199999999999996,40.3,76
78286,2103,1472,0.07472826086956522,0.2798913043478261,0.21739130434782608,0.10054347826086957,0.03260869565217391,0.001358695652173913,49.49999999999999,8.899999999999999,59.4,111.89999999999998,108.4,19
78507,2103,836,0.01674641148325359,0.19617224880382775,0.10526315789473684,0.18660287081339713,0.03110047846889952,0.004784688995215311,55.9,66.39999999999999,45.199999999999996,32.3,46.199999999999996,39
78512,2103,1308,0.009174311926605505,0.15902140672782875,0.0779816513761468,0.1651376146788991,0.06422018348623854,0.0030581039755351682,71.89999999999999,70.1,72.19999999999999,36.3,54.599999999999994,52
78541,2103,334,0.011976047904191617,0.2215568862275449,0.1317365269461078,0.1437125748502994,0.03592814371257485,0.011976047904191617,48.3,39.9,60.599999999999994,34.3,82.6,43
78675,2103,342,0.023391812865497075,0.2222222222222222,0.07017543859649122,0.2046783625730994,0.04678362573099415,0.005847953216374269,51.4,46.8,53.4,49.8,36.699999999999996,61
78676,2103,1268,0.03470031545741325,0.17665615141955837,0.08675078864353312,0.18454258675078863,0.03943217665615142,0.00473186119873817,55.3,44.3,66.3,62.3,59.0,70
78681,2103,136,0.04411764705882353,0.14705882352941177,0.07352941176470588,0.16176470588235295,0.029411764705882353,0.0,36.3,36.3,43.9,43.199999999999996,34.3,13
78690,2103,808,0.027227722772277228,0.13861386138613863,0.08415841584158416,0.2103960396039604,0.04207920792079208,0.0024752475247524753,45.3,62.5,62.3,47.599999999999994,49.199999999999996,79
78706,2103,1218,0.054187192118226604,0.270935960591133,0.0722495894909688,0.14614121510673234,0.04597701149425287,0.003284072249589491,62.9,22.599999999999998,50.6,84.7,59.8,49
78707,2103,300,0.006666666666666667,0.13333333333333333,0.08,0.23333333333333334,0.05333333333333334,0.0,48.599999999999994,55.69999999999999,58.89999999999999,31.6,34.9,81
78716,2103,156,0.02564102564102564,0.15384615384615385,0.11538461538461539,0.21794871794871795,0.08974358974358974,0.0,73.3,79.6,82.3,64.19999999999999,48.3,62
78717,2103,1358,0.029455081001472753,0.20029455081001474,0.07658321060382917,0.14727540500736377,0.048600883652430045,0.0014727540500736377,58.89999999999999,49.9,74.19999999999999,55.5,41.3,64
78733,2103,962,0.029106029106029108,0.2515592515592516,0.08523908523908524,0.19126819126819128,0.0395010395010395,0.004158004158004158,53.699999999999996,36.4,47.699999999999996,53.099999999999994,49.4,17
78738,2103,1368,0.03654970760233918,0.24707602339181287,0.12573099415204678,0.15204678362573099,0.03654970760233918,0.005847953216374269,49.3,35.3,62.3,52.3,104.3,74
78742,2103,654,0.024464831804281346,0.1559633027522936,0.08868501529051988,0.20795107033639143,0.045871559633027525,0.0030581039755351682,57.8,81.1,39.8,48.599999999999994,45.199999999999996,40
78849,2103,76,0.0,0.3157894736842105,0.0,0.13157894736842105,0.05263157894736842,0.0,34.0,35.3,31.0,31.299999999999997,26.0,36
78869,2103,1428,0.0196078431372549,0.12464985994397759,0.12044817927170869,0.13585434173669467,0.05742296918767507,0.0,45.8,67.1,88.19999999999999,48.3,92.0,45
78871,2103,992,0.05040322580645161,0.1975806451612903,0.10483870967741936,0.11290322580645161,0.06048387096774194,0.0020161290322580645,50.5,45.3,57.9,79.89999999999999,72.3,28
78890,2103,612,0.013071895424836602,0.19934640522875818,0.08169934640522876,0.1895424836601307,0.029411764705882353,0.0,63.39999999999999,57.5,40.4,29.4,50.8,25
78946,2103,388,0.015463917525773196,0.1958762886597938,0.05670103092783505,0.18041237113402062,0.030927835051546393,0.0,44.199999999999996,67.3,60.199999999999996,59.599999999999994,43.9,70
78966,2103,866,0.016166281755196306,0.13856812933025403,0.05542725173210162,0.20092378752886836,0.04157043879907621,0.0023094688221709007,41.6,70.39999999999999,43.599999999999994,45.199999999999996,28.299999999999997,41
78969,2103,218,0.009174311926605505,0.13761467889908258,0.08256880733944955,0.13761467889908258,0.03669724770642202,0.009174311926605505,61.49999999999999,65.6,77.8,48.5,55.199999999999996,64
79020,2103,120,0.0,0.11666666666666667,0.016666666666666666,0.21666666666666667,0.06666666666666667,0.0,48.2,75.39999999999999,64.5,17.799999999999997,28.8,84
79034,2103,180,0.022222222222222223,0.16666666666666666,0.044444444444444446,0.23333333333333334,0.044444444444444446,0.0,68.1,66.8,64.8,33.9,38.1,61
79068,2103,1154,0.005199306759098787,0.11438474870017332,0.07625649913344887,0.21663778162911612,0.045060658578856154,0.0,73.2,82.1,61.89999999999999,27.299999999999997,34.3,36
79070,2103,1176,0.017006802721088437,0.14625850340136054,0.07653061224489796,0.20918367346938777,0.04931972789115646,0.0017006802721088435,48.89999999999999,66.3,55.8,50.39999999999999,42.9,11
79125,2103,1398,0.024320457796852647,0.14163090128755365,0.10300429184549356,0.16452074391988555,0.03719599427753934,0.001430615164520744,47.3,74.1,85.3,48.89999999999999,71.4,53
79556,2103,770,0.01818181818181818,0.14805194805194805,0.08051948051948052,0.18961038961038962,0.04415584415584416,0.005194805194805195,48.0,67.0,60.8,38.3,36.0,84
79557,2103,774,0.04392764857881137,0.2713178294573643,0.11369509043927649,0.13695090439276486,0.03617571059431524,0.0,50.5,19.1,43.8,77.9,90.89999999999999,26
79559,2103,824,0.04611650485436893,0.2815533980582524,0.08737864077669903,0.0970873786407767,0.038834951456310676,0.0,48.3,15.6,81.3,83.39999999999999,48.5,72
79566,2103,164,0.0,0.2073170731707317,0.08536585365853659,0.15853658536585366,0.036585365853658534,0.0,76.6,48.89999999999999,55.3,32.3,37.599999999999994,80
79608,2103,294,0.013605442176870748,0.1360544217687075,0.05442176870748299,0.17006802721088435,0.08163265306122448,0.0,45.199999999999996,68.6,48.599999999999994,29.2,30.2,66
79635,2103,4,0.0,0.0,0.0,0.5,0.0,0.0,44.699999999999996,53.3,36.0,33.0,32.0,60
79645,2103,546,0.014652014652014652,0.14652014652014653,0.05860805860805861,0.16483516483516483,0.05860805860805861,0.0,61.8,62.099999999999994,50.6,17.599999999999998,29.9,71
79684,2103,754,0.005305039787798408,0.16445623342175067,0.07957559681697612,0.15649867374005305,0.042440318302387266,0.007957559681697613,60.9,77.19999999999999,74.6,36.3,46.89999999999999,104
79690,2103,640,0.0375,0.178125,0.05,0.165625,0.03125,0.0,50.9,55.5,49.9,53.5,44.5,41
79704,2103,596,0.006711409395973154,0.08389261744966443,0.087248322147651,0.18456375838926176,0.087248322147651,0.0,71.89999999999999,103.29999999999998,86.5,24.799999999999997,38.4,82
79740,2103,164,0.024390243902439025,0.14634146341463414,0.10975609756097561,0.15853658536585366,0.036585365853658534,0.0,52.699999999999996,47.8,80.1,47.8,48.699999999999996,60
79783,2103,1152,0.012152777777777778,0.2326388888888889,0.10069444444444445,0.1527777777777778,0.034722222222222224,0.001736111111111111,40.3,37.599999999999994,86.3,41.3,50.3,83
79785,2103,940,0.023404255319148935,0.16170212765957448,0.07446808510638298,0.2404255319148936,0.0425531914893617,0.0,67.3,48.5,33.3,23.599999999999998,50.6,3
79789,2103,552,0.028985507246376812,0.11956521739130435,0.07608695652173914,0.15942028985507245,0.08333333333333333,0.0,50.3,71.8,49.9,53.89999999999999,51.89999999999999,42
80804,2103,376,0.026595744680851064,0.17553191489361702,0.05319148936170213,0.18085106382978725,0.05851063829787234,0.010638297872340425,75.6,67.3,84.3,50.0,33.0,73
81334,2103,124,0.0,0.27419354838709675,0.14516129032258066,0.11290322580645161,0.016129032258064516,0.0,48.599999999999994,40.9,47.599999999999994,37.599999999999994,56.3,65
81447,2103,28,0.0,0.14285714285714285,0.07142857142857142,0.14285714285714285,0.07142857142857142,0.0,36.0,45.3,47.3,40.6,42.3,14
82790,2103,122,0.03278688524590164,0.21311475409836064,0.01639344262295082,0.08196721311475409,0.03278688524590164,0.0,64.0,73.19999999999999,72.19999999999999,27.799999999999997,20.9,76
82809,2103,596,0.026845637583892617,0.174496644295302,0.06711409395973154,0.20134228187919462,0.030201342281879196,0.0,33.3,66.5,41.3,76.1,42.2,39
82876,2103,378,0.021164021164021163,0.164021164021164,0.09523809523809523,0.13756613756613756,0.042328042328042326,0.0,43.3,49.9,44.599999999999994,49.49999999999999,59.599999999999994,22
83453,2103,154,0.012987012987012988,0.24675324675324675,0.03896103896103896,0.16883116883116883,0.0,0.0,30.299999999999997,32.9,22.599999999999998,30.9,33.599999999999994,23
83565,2103,818,0.029339853300733496,0.2567237163814181,0.13691931540342298,0.12469437652811736,0.04156479217603912,0.0024449877750611247,51.0,20.599999999999998,52.199999999999996,60.699999999999996,87.3,85
83580,2103,196,0.01020408163265306,0.23469387755102042,0.11224489795918367,0.16326530612244897,0.030612244897959183,0.0,49.4,51.39999999999999,64.0,60.3,43.8,68
84763,2103,1300,0.06153846153846154,0.3292307692307692,0.16615384615384615,0.11384615384615385,0.023076923076923078,0.0,41.199999999999996,1.0,31.099999999999998,85.5,101.3,10
87017,2103,196,0.0,0.20408163265306123,0.08163265306122448,0.1836734693877551,0.02040816326530612,0.0,45.0,49.0,49.0,45.0,57.69999999999999,44
