player_id,season_year,side,bf,hr_vs,bb_vs,k_vs,h_nothr_vs,Control_side,pBABIP_side,HRA_side,Stuff_side,stamina
84,2101,R,446,0.02242152466367713,0.08071748878923767,0.2040358744394619,0.1726457399103139,56,77,78,66,48
699,2101,R,276,0.036231884057971016,0.06521739130434782,0.3115942028985507,0.20652173913043478,47,61,38,116,25
743,2101,R,122,0.03278688524590164,0.13114754098360656,0.2786885245901639,0.1885245901639344,49,57,36,104,10
1205,2101,R,46,0.06521739130434782,0.08695652173913043,0.15217391304347827,0.1956521739130435,51,58,55,66,61
1258,2101,R,388,0.041237113402061855,0.0979381443298969,0.211340206185567,0.17010309278350516,55,70,79,88,83
1472,2101,R,302,0.029801324503311258,0.059602649006622516,0.16225165562913907,0.2913907284768212,65,60,66,47,61
1528,2101,R,136,0.058823529411764705,0.08823529411764706,0.14705882352941177,0.21323529411764705,31,54,32,46,74
1681,2101,R,96,0.041666666666666664,0.11458333333333333,0.125,0.2708333333333333,40,31,58,42,57
2113,2101,R,137,0.014598540145985401,0.029197080291970802,0.31386861313868614,0.18248175182481752,84,57,69,90,13
19365,2101,R,288,0.03819444444444445,0.08680555555555555,0.2013888888888889,0.19444444444444445,47,55,42,52,71
19581,2101,R,183,0.0273224043715847,0.06557377049180328,0.20218579234972678,0.1912568306010929,43,58,50,60,62
20076,2101,R,224,0.05357142857142857,0.125,0.20089285714285715,0.16964285714285715,33,50,46,91,16
20312,2101,R,132,0.06060606060606061,0.09848484848484848,0.08333333333333333,0.21212121212121213,43,54,32,40,41
20383,2101,R,103,0.04854368932038835,0.0970873786407767,0.22330097087378642,0.1941747572815534,42,52,34,53,92
21174,2101,R,117,0.042735042735042736,0.06837606837606838,0.1282051282051282,0.2222222222222222,64,45,54,42,82
21656,2101,R,42,0.0,0.07142857142857142,0.16666666666666666,0.2619047619047619,35,56,53,55,68
23003,2101,R,52,0.019230769230769232,0.09615384615384616,0.15384615384615385,0.17307692307692307,36,55,50,94,8
23608,2101,R,371,0.04851752021563342,0.03773584905660377,0.16711590296495957,0.19137466307277629,99,58,80,42,48
23652,2101,R,62,0.03225806451612903,0.14516129032258066,0.20967741935483872,0.08064516129032258,49,51,46,42,62
24110,2101,R,274,0.0364963503649635,0.06569343065693431,0.19343065693430658,0.2116788321167883,51,59,47,84,55
24224,2101,R,418,0.01674641148325359,0.0861244019138756,0.14832535885167464,0.22248803827751196,43,55,101,37,61
24273,2101,R,452,0.028761061946902654,0.07300884955752213,0.19690265486725664,0.20575221238938052,54,56,58,43,93
24360,2101,R,305,0.006557377049180328,0.06557377049180328,0.17704918032786884,0.1901639344262295,53,49,77,53,32
24506,2101,R,162,0.024691358024691357,0.06172839506172839,0.17901234567901234,0.16049382716049382,47,62,61,52,56
25018,2101,R,127,0.015748031496062992,0.08661417322834646,0.13385826771653545,0.16535433070866143,53,56,89,37,14
25591,2101,R,170,0.023529411764705882,0.06470588235294118,0.2411764705882353,0.1588235294117647,58,59,74,88,58
25656,2101,R,51,0.0196078431372549,0.058823529411764705,0.13725490196078433,0.3333333333333333,62,53,48,35,54
25768,2101,R,176,0.022727272727272728,0.11363636363636363,0.10795454545454546,0.22727272727272727,42,51,78,39,31
25924,2101,R,149,0.013422818791946308,0.12751677852348994,0.18791946308724833,0.22818791946308725,38,38,52,53,41
25927,2101,R,412,0.021844660194174758,0.06067961165048544,0.14320388349514562,0.24757281553398058,80,51,56,53,56
26076,2101,R,196,0.05612244897959184,0.061224489795918366,0.1989795918367347,0.20918367346938777,59,54,47,46,22
26168,2101,R,60,0.03333333333333333,0.06666666666666667,0.16666666666666666,0.15,54,51,56,40,62
26197,2101,R,167,0.023952095808383235,0.0718562874251497,0.20359281437125748,0.23952095808383234,49,59,56,71,21
26249,2101,R,92,0.03260869565217391,0.08695652173913043,0.14130434782608695,0.21739130434782608,48,58,55,47,63
26267,2101,R,244,0.02459016393442623,0.0778688524590164,0.18442622950819673,0.21311475409836064,42,54,64,101,14
26594,2101,R,187,0.0374331550802139,0.12299465240641712,0.15508021390374332,0.1711229946524064,39,50,37,67,46
26693,2101,R,267,0.03745318352059925,0.08239700374531835,0.10486891385767791,0.21722846441947566,60,38,53,47,40
26779,2101,R,266,0.045112781954887216,0.10150375939849623,0.16917293233082706,0.22932330827067668,55,35,56,60,55
26811,2101,R,174,0.017241379310344827,0.040229885057471264,0.16091954022988506,0.25862068965517243,59,57,94,72,27
27337,2101,R,188,0.0425531914893617,0.09574468085106383,0.17553191489361702,0.20212765957446807,34,53,59,65,55
27363,2101,R,135,0.022222222222222223,0.05185185185185185,0.2074074074074074,0.17777777777777778,48,49,59,78,15
27642,2101,R,216,0.032407407407407406,0.05092592592592592,0.1388888888888889,0.24074074074074073,63,47,50,66,50
27930,2101,R,145,0.06896551724137931,0.08275862068965517,0.19310344827586207,0.1724137931034483,31,43,44,70,10
28596,2101,R,228,0.039473684210526314,0.08771929824561403,0.18421052631578946,0.2324561403508772,68,67,67,79,56
28985,2101,R,152,0.019736842105263157,0.05921052631578947,0.2565789473684211,0.18421052631578946,51,59,88,98,81
29480,2101,R,145,0.0,0.07586206896551724,0.14482758620689656,0.22758620689655173,55,66,60,70,7
29533,2101,R,383,0.015665796344647518,0.04177545691906005,0.1566579634464752,0.19321148825065274,58,58,65,43,58
29618,2101,R,488,0.020491803278688523,0.07581967213114754,0.15368852459016394,0.24795081967213115,82,53,77,43,66
29829,2101,R,330,0.02727272727272727,0.051515151515151514,0.19696969696969696,0.20606060606060606,40,54,47,59,63
29840,2101,R,444,0.04279279279279279,0.10135135135135136,0.12387387387387387,0.25900900900900903,44,48,44,49,69
29894,2101,R,376,0.05851063829787234,0.125,0.1276595744680851,0.21010638297872342,41,49,42,41,66
29980,2101,R,422,0.026066350710900472,0.04265402843601896,0.1943127962085308,0.23696682464454977,60,45,63,48,61
30142,2101,R,227,0.039647577092511016,0.06607929515418502,0.20704845814977973,0.2026431718061674,68,45,47,83,4
30148,2101,R,187,0.0374331550802139,0.06417112299465241,0.20320855614973263,0.22459893048128343,55,53,50,67,56
30286,2101,R,393,0.030534351145038167,0.0916030534351145,0.17048346055979643,0.22137404580152673,43,43,55,62,38
30590,2101,R,293,0.020477815699658702,0.05802047781569966,0.19112627986348124,0.16382252559726962,47,61,72,77,63
30631,2101,R,361,0.036011080332409975,0.08587257617728532,0.13850415512465375,0.2409972299168975,62,50,48,56,30
30676,2101,R,616,0.03571428571428571,0.06655844155844155,0.16883116883116883,0.2288961038961039,77,63,55,79,64
30747,2101,R,186,0.026881720430107527,0.043010752688172046,0.16666666666666666,0.24731182795698925,58,51,47,60,29
30820,2101,R,107,0.018691588785046728,0.06542056074766354,0.16822429906542055,0.19626168224299065,64,48,61,80,11
30907,2101,R,86,0.03488372093023256,0.05813953488372093,0.26744186046511625,0.19767441860465115,51,61,52,106,11
31165,2101,R,197,0.03553299492385787,0.116751269035533,0.2233502538071066,0.19289340101522842,43,46,48,101,7
31321,2101,R,137,0.0364963503649635,0.043795620437956206,0.30656934306569344,0.17518248175182483,58,57,81,114,12
31326,2101,R,418,0.01674641148325359,0.07416267942583732,0.19617224880382775,0.215311004784689,52,54,84,55,30
31580,2101,R,439,0.04555808656036447,0.07289293849658314,0.21867881548974943,0.19817767653758542,51,61,35,67,54
31723,2101,R,362,0.027624309392265192,0.04696132596685083,0.19613259668508287,0.1850828729281768,66,55,57,62,80
31754,2101,R,444,0.04504504504504504,0.04054054054054054,0.17567567567567569,0.22522522522522523,59,64,46,72,84
31764,2101,R,320,0.03125,0.053125,0.203125,0.209375,59,55,55,58,43
31809,2101,R,116,0.017241379310344827,0.07758620689655173,0.21551724137931033,0.1810344827586207,55,62,47,106,12
31904,2101,R,623,0.04333868378812199,0.0593900481540931,0.16853932584269662,0.21669341894060995,79,50,37,54,61
31963,2101,R,351,0.017094017094017096,0.037037037037037035,0.19658119658119658,0.18518518518518517,70,59,85,63,54
31968,2101,R,276,0.03260869565217391,0.03985507246376811,0.11594202898550725,0.21014492753623187,80,46,70,33,35
32145,2101,R,421,0.019002375296912115,0.09263657957244656,0.18052256532066507,0.21377672209026127,41,52,68,53,61
32341,2101,R,321,0.037383177570093455,0.102803738317757,0.16199376947040497,0.17445482866043613,45,63,54,46,57
32470,2101,R,45,0.06666666666666667,0.06666666666666667,0.13333333333333333,0.24444444444444444,45,50,51,49,60
32485,2101,R,211,0.009478672985781991,0.05687203791469194,0.20853080568720378,0.26066350710900477,60,51,55,27,62
32500,2101,R,369,0.02710027100271003,0.0948509485094851,0.1897018970189702,0.1978319783197832,53,59,48,63,70
32511,2101,R,529,0.02835538752362949,0.052930056710775046,0.23062381852551986,0.1947069943289225,67,59,64,66,62
32548,2101,R,129,0.023255813953488372,0.10852713178294573,0.18604651162790697,0.21705426356589147,49,41,50,68,6
32821,2101,R,297,0.02356902356902357,0.1111111111111111,0.19865319865319866,0.1750841750841751,56,53,50,65,42
32909,2101,R,39,0.05128205128205128,0.23076923076923078,0.07692307692307693,0.15384615384615385,34,54,62,54,55
32954,2101,R,194,0.010309278350515464,0.08762886597938144,0.14948453608247422,0.22164948453608246,52,54,61,73,14
33013,2101,R,438,0.0319634703196347,0.10730593607305935,0.3242009132420091,0.1780821917808219,25,71,62,114,93
33185,2101,R,110,0.03636363636363636,0.05454545454545454,0.2,0.19090909090909092,70,53,49,58,12
33256,2101,R,381,0.028871391076115485,0.10761154855643044,0.14698162729658792,0.2020997375328084,53,33,56,45,60
33350,2101,R,216,0.027777777777777776,0.07407407407407407,0.23148148148148148,0.24537037037037038,55,49,50,47,49
33360,2101,R,251,0.05179282868525897,0.05976095617529881,0.1952191235059761,0.21115537848605578,55,51,48,36,59
33417,2101,R,283,0.03180212014134275,0.09187279151943463,0.1872791519434629,0.20141342756183744,49,55,45,60,56
33431,2101,R,421,0.040380047505938245,0.06175771971496437,0.23515439429928742,0.20665083135391923,62,55,49,57,80
33571,2101,R,217,0.02304147465437788,0.07373271889400922,0.1889400921658986,0.17050691244239632,79,57,60,55,82
33785,2101,R,130,0.03076923076923077,0.07692307692307693,0.3,0.18461538461538463,58,56,70,113,15
33816,2101,R,355,0.03380281690140845,0.08732394366197183,0.15774647887323945,0.2140845070422535,48,53,61,71,59
33831,2101,R,208,0.019230769230769232,0.08173076923076923,0.1778846153846154,0.21634615384615385,52,43,47,74,31
33845,2101,R,165,0.024242424242424242,0.07878787878787878,0.17575757575757575,0.21212121212121213,53,52,49,64,55
33944,2101,R,64,0.0,0.0625,0.21875,0.1875,37,57,54,74,18
33980,2101,R,133,0.015037593984962405,0.09022556390977443,0.19548872180451127,0.21804511278195488,50,56,68,64,12
34003,2101,R,121,0.03305785123966942,0.049586776859504134,0.19008264462809918,0.2396694214876033,38,45,58,85,11
34252,2101,R,448,0.03571428571428571,0.04017857142857143,0.265625,0.20089285714285715,54,67,50,90,62
34372,2101,R,121,0.024793388429752067,0.05785123966942149,0.1322314049586777,0.2396694214876033,57,52,55,57,1
34448,2101,R,473,0.035940803382663845,0.080338266384778,0.14587737843551796,0.226215644820296,61,50,63,31,80
34522,2101,R,418,0.023923444976076555,0.045454545454545456,0.20813397129186603,0.18660287081339713,54,48,63,54,42
34588,2101,R,261,0.05747126436781609,0.06130268199233716,0.19157088122605365,0.21839080459770116,50,62,30,58,39
34726,2101,R,677,0.03840472673559823,0.0620384047267356,0.16100443131462333,0.21861152141802068,48,57,56,52,61
35016,2101,R,153,0.013071895424836602,0.1111111111111111,0.17647058823529413,0.20261437908496732,37,56,63,56,57
35103,2101,R,82,0.024390243902439025,0.036585365853658534,0.17073170731707318,0.23170731707317074,63,57,32,66,2
35188,2101,R,163,0.024539877300613498,0.10429447852760736,0.22085889570552147,0.1656441717791411,38,51,61,71,30
35269,2101,R,171,0.03508771929824561,0.05263157894736842,0.19298245614035087,0.1871345029239766,56,44,45,74,55
35385,2101,R,224,0.026785714285714284,0.05803571428571429,0.25,0.19642857142857142,43,54,73,49,57
35531,2101,R,126,0.05555555555555555,0.06349206349206349,0.2698412698412698,0.19047619047619047,58,58,28,82,13
35552,2101,R,129,0.007751937984496124,0.07751937984496124,0.2713178294573643,0.24031007751937986,49,68,56,102,17
35653,2101,R,116,0.02586206896551724,0.02586206896551724,0.19827586206896552,0.1896551724137931,86,66,59,40,40
35845,2101,R,109,0.06422018348623854,0.08256880733944955,0.1926605504587156,0.2018348623853211,32,67,39,94,10
35910,2101,R,347,0.0345821325648415,0.06340057636887608,0.21902017291066284,0.207492795389049,44,56,53,78,63
35922,2101,R,272,0.014705882352941176,0.0661764705882353,0.16544117647058823,0.17647058823529413,55,50,58,66,55
36426,2101,R,495,0.020202020202020204,0.07272727272727272,0.17575757575757575,0.2202020202020202,53,62,85,57,63
36523,2101,R,186,0.03225806451612903,0.07526881720430108,0.1881720430107527,0.20430107526881722,51,64,80,61,36
36544,2101,R,161,0.018633540372670808,0.09316770186335403,0.2484472049689441,0.18012422360248448,54,41,49,71,11
36554,2101,R,109,0.027522935779816515,0.07339449541284404,0.1834862385321101,0.29357798165137616,44,52,44,67,72
36558,2101,R,174,0.017241379310344827,0.05747126436781609,0.15517241379310345,0.22988505747126436,47,43,55,49,48
36610,2101,R,200,0.035,0.085,0.235,0.21,42,48,68,61,20
36697,2101,R,387,0.028423772609819122,0.06201550387596899,0.17829457364341086,0.24031007751937986,47,58,65,56,56
36727,2101,R,209,0.05263157894736842,0.07177033492822966,0.1674641148325359,0.215311004784689,49,53,66,50,31
36728,2101,R,155,0.025806451612903226,0.1032258064516129,0.2129032258064516,0.1870967741935484,56,55,53,74,52
36749,2101,R,400,0.04,0.0425,0.22,0.2275,79,67,52,88,63
36751,2101,R,394,0.04314720812182741,0.08121827411167512,0.2131979695431472,0.17766497461928935,64,51,48,84,38
36846,2101,R,677,0.03249630723781388,0.04874446085672083,0.18168389955686853,0.22156573116691286,84,75,75,68,31
36870,2101,R,138,0.021739130434782608,0.028985507246376812,0.2608695652173913,0.18115942028985507,60,60,34,84,30
36878,2101,R,153,0.0392156862745098,0.1111111111111111,0.1503267973856209,0.1895424836601307,35,36,55,72,21
36943,2101,R,158,0.006329113924050633,0.13924050632911392,0.25316455696202533,0.17088607594936708,36,58,51,103,14
37007,2101,R,359,0.033426183844011144,0.052924791086350974,0.21448467966573817,0.20891364902506965,76,65,62,60,40
37032,2101,R,173,0.03468208092485549,0.06358381502890173,0.2138728323699422,0.21965317919075145,43,55,47,64,9
37078,2101,R,221,0.03619909502262444,0.10407239819004525,0.27149321266968324,0.19909502262443438,57,62,50,59,28
37080,2101,R,495,0.04040404040404041,0.06666666666666667,0.15757575757575756,0.20606060606060606,48,58,76,37,57
37193,2101,R,319,0.0219435736677116,0.07210031347962383,0.1724137931034483,0.20689655172413793,45,52,60,73,33
37282,2101,R,364,0.016483516483516484,0.07142857142857142,0.14285714285714285,0.23351648351648352,72,69,62,50,43
37349,2101,R,124,0.016129032258064516,0.12096774193548387,0.18548387096774194,0.20161290322580644,46,56,60,89,30
37472,2101,R,98,0.01020408163265306,0.04081632653061224,0.1836734693877551,0.25510204081632654,78,55,44,51,60
37609,2101,R,516,0.011627906976744186,0.06395348837209303,0.26744186046511625,0.2248062015503876,71,85,97,91,77
37620,2101,R,430,0.020930232558139535,0.05116279069767442,0.1813953488372093,0.1930232558139535,82,76,91,60,61
37728,2101,R,473,0.02536997885835095,0.07188160676532769,0.18181818181818182,0.20718816067653276,47,64,56,46,71
37785,2101,R,240,0.025,0.0625,0.20833333333333334,0.2375,56,45,72,48,22
37853,2101,R,187,0.016042780748663103,0.0427807486631016,0.13368983957219252,0.17647058823529413,51,48,66,36,25
37967,2101,R,420,0.03571428571428571,0.08095238095238096,0.1619047619047619,0.19047619047619047,75,59,64,35,63
38104,2101,R,247,0.048582995951417005,0.08906882591093117,0.145748987854251,0.21052631578947367,49,46,61,44,75
38147,2101,R,167,0.03592814371257485,0.07784431137724551,0.20359281437125748,0.20359281437125748,48,47,53,74,20
38161,2101,R,370,0.04054054054054054,0.07297297297297298,0.14324324324324325,0.22162162162162163,54,51,74,35,39
38269,2101,R,413,0.01694915254237288,0.07990314769975787,0.18159806295399517,0.23002421307506055,52,54,77,46,61
38335,2101,R,188,0.02127659574468085,0.11702127659574468,0.1702127659574468,0.23404255319148937,37,59,42,47,21
38342,2101,R,250,0.056,0.056,0.248,0.156,75,52,44,103,24
38348,2101,R,90,0.022222222222222223,0.1111111111111111,0.2,0.24444444444444444,32,54,63,81,12
38359,2101,R,141,0.0,0.02127659574468085,0.1702127659574468,0.28368794326241137,50,57,62,53,8
38363,2101,R,321,0.03115264797507788,0.0529595015576324,0.17757009345794392,0.2523364485981308,69,43,38,48,56
38377,2101,R,197,0.01015228426395939,0.08629441624365482,0.19289340101522842,0.20304568527918782,71,87,96,79,13
38483,2101,R,411,0.0340632603406326,0.0705596107055961,0.14841849148418493,0.21654501216545013,60,55,69,44,56
38512,2101,R,164,0.018292682926829267,0.06707317073170732,0.2621951219512195,0.2073170731707317,68,61,76,78,55
38611,2101,R,156,0.02564102564102564,0.0641025641025641,0.24358974358974358,0.1858974358974359,54,51,41,96,21
38640,2101,R,480,0.0375,0.08958333333333333,0.09791666666666667,0.23333333333333334,46,56,47,69,6
38674,2101,R,342,0.06140350877192982,0.029239766081871343,0.11403508771929824,0.21052631578947367,74,36,45,37,61
38795,2101,R,184,0.03804347826086957,0.09782608695652174,0.19021739130434784,0.22826086956521738,51,58,62,69,77
38807,2101,R,79,0.05063291139240506,0.05063291139240506,0.189873417721519,0.1518987341772152,57,50,66,43,60
38836,2101,R,366,0.02185792349726776,0.09016393442622951,0.19398907103825136,0.21311475409836064,50,62,62,61,18
38846,2101,R,149,0.0,0.11409395973154363,0.1476510067114094,0.26174496644295303,58,65,45,59,23
38852,2101,R,626,0.04472843450479233,0.06070287539936102,0.16293929712460065,0.20607028753993611,69,57,63,50,55
38866,2101,R,202,0.01485148514851485,0.08415841584158416,0.16336633663366337,0.23267326732673269,55,36,65,64,36
38898,2101,R,431,0.02320185614849188,0.06960556844547564,0.21345707656612528,0.18793503480278423,47,65,73,77,58
38901,2101,R,247,0.044534412955465584,0.06072874493927125,0.21862348178137653,0.1862348178137652,48,61,41,78,50
38934,2101,R,402,0.0472636815920398,0.06467661691542288,0.1517412935323383,0.19900497512437812,48,48,41,37,54
38955,2101,R,218,0.01834862385321101,0.04128440366972477,0.18807339449541285,0.2018348623853211,52,61,73,79,56
38979,2101,R,58,0.0,0.05172413793103448,0.2413793103448276,0.2413793103448276,46,45,53,50,59
38987,2101,R,404,0.01485148514851485,0.08168316831683169,0.1905940594059406,0.2301980198019802,43,45,63,56,54
38988,2101,R,441,0.027210884353741496,0.061224489795918366,0.19047619047619047,0.19047619047619047,55,56,67,72,65
39003,2101,R,259,0.02702702702702703,0.09266409266409266,0.1891891891891892,0.2277992277992278,56,47,52,83,30
39019,2101,R,144,0.027777777777777776,0.0625,0.1736111111111111,0.22916666666666666,33,52,69,52,8
39199,2101,R,219,0.0228310502283105,0.0776255707762557,0.1963470319634703,0.2100456621004566,49,57,72,60,38
39238,2101,R,366,0.03278688524590164,0.05191256830601093,0.21584699453551912,0.20491803278688525,54,57,55,49,28
39261,2101,R,255,0.0392156862745098,0.07058823529411765,0.1568627450980392,0.23921568627450981,70,50,48,69,23
39300,2101,R,699,0.030042918454935622,0.06151645207439199,0.1402002861230329,0.2503576537911302,47,80,79,37,55
39399,2101,R,44,0.0,0.13636363636363635,0.25,0.20454545454545456,37,56,89,43,18
39745,2101,R,399,0.03007518796992481,0.08270676691729323,0.18045112781954886,0.18295739348370926,54,55,80,47,49
39950,2101,R,614,0.04234527687296417,0.08143322475570032,0.17263843648208468,0.2296416938110749,48,58,51,48,54
40434,2101,R,248,0.04032258064516129,0.03225806451612903,0.15725806451612903,0.23790322580645162,63,61,60,69,16
40533,2101,R,440,0.04318181818181818,0.07272727272727272,0.18863636363636363,0.2159090909090909,71,53,39,62,55
40592,2101,R,321,0.03426791277258567,0.06542056074766354,0.13707165109034267,0.24922118380062305,58,48,43,40,58
40606,2101,R,59,0.01694915254237288,0.0847457627118644,0.1864406779661017,0.11864406779661017,69,53,63,64,3
40636,2101,R,198,0.050505050505050504,0.09090909090909091,0.16161616161616163,0.22727272727272727,48,37,48,42,31
40695,2101,R,69,0.043478260869565216,0.057971014492753624,0.2318840579710145,0.2318840579710145,50,51,41,48,50
40838,2101,R,40,0.1,0.1,0.125,0.175,35,45,36,36,65
41194,2101,R,363,0.03856749311294766,0.08539944903581267,0.12121212121212122,0.22865013774104684,51,45,46,39,33
41297,2101,R,229,0.05240174672489083,0.10043668122270742,0.17467248908296942,0.20087336244541484,58,60,32,98,27
41324,2101,R,56,0.017857142857142856,0.08928571428571429,0.23214285714285715,0.21428571428571427,42,62,64,101,12
41548,2101,R,444,0.015765765765765764,0.09684684684684684,0.18243243243243243,0.22297297297297297,35,58,46,54,66
41559,2101,R,36,0.05555555555555555,0.1111111111111111,0.1111111111111111,0.1388888888888889,37,52,50,84,13
41578,2101,R,258,0.01937984496124031,0.11627906976744186,0.14728682170542637,0.1821705426356589,36,52,78,62,15
41697,2101,R,592,0.03547297297297297,0.0777027027027027,0.13006756756756757,0.22297297297297297,61,52,62,33,67
41717,2101,R,92,0.03260869565217391,0.05434782608695652,0.2717391304347826,0.16304347826086957,55,57,42,88,13
41771,2101,R,193,0.025906735751295335,0.04145077720207254,0.20725388601036268,0.18134715025906736,52,54,60,48,13
41966,2101,R,289,0.02768166089965398,0.08996539792387544,0.1972318339100346,0.2560553633217993,45,51,51,37,53
42001,2101,R,55,0.01818181818181818,0.03636363636363636,0.16363636363636364,0.2909090909090909,50,53,42,48,60
42013,2101,R,332,0.04819277108433735,0.07228915662650602,0.1746987951807229,0.20180722891566266,56,42,57,48,67
42124,2101,R,94,0.0,0.07446808510638298,0.19148936170212766,0.26595744680851063,89,64,89,67,32
42158,2101,R,212,0.02358490566037736,0.0660377358490566,0.23113207547169812,0.24056603773584906,51,48,56,82,16
42177,2101,R,380,0.034210526315789476,0.08157894736842106,0.15789473684210525,0.2236842105263158,40,51,49,46,65
42206,2101,R,614,0.02280130293159609,0.06677524429967427,0.16612377850162866,0.2003257328990228,68,67,78,68,59
42251,2101,R,127,0.031496062992125984,0.06299212598425197,0.2047244094488189,0.23622047244094488,62,59,55,59,13
42293,2101,R,214,0.028037383177570093,0.0794392523364486,0.22897196261682243,0.17757009345794392,34,53,48,102,9
42318,2101,R,59,0.06779661016949153,0.0847457627118644,0.11864406779661017,0.1864406779661017,65,55,42,58,12
42322,2101,R,167,0.03592814371257485,0.07784431137724551,0.23952095808383234,0.16766467065868262,73,60,48,101,28
42326,2101,R,145,0.013793103448275862,0.08275862068965517,0.2482758620689655,0.20689655172413793,65,60,79,99,11
42423,2101,R,607,0.051070840197693576,0.07084019769357495,0.22405271828665568,0.19439868204283361,71,53,41,70,36
42470,2101,R,510,0.013725490196078431,0.0784313725490196,0.1843137254901961,0.21568627450980393,55,55,57,51,57
42519,2101,R,244,0.02459016393442623,0.08196721311475409,0.1762295081967213,0.22950819672131148,42,56,65,63,88
42575,2101,R,343,0.01749271137026239,0.06705539358600583,0.15160349854227406,0.18950437317784258,65,56,52,41,65
42599,2101,R,32,0.0,0.25,0.15625,0.15625,37,49,65,99,22
42610,2101,R,321,0.04672897196261682,0.06230529595015576,0.16822429906542055,0.2087227414330218,51,64,49,68,30
42631,2101,R,208,0.02403846153846154,0.08653846153846154,0.2548076923076923,0.14903846153846154,44,62,45,78,66
42667,2101,R,361,0.030470914127423823,0.08310249307479224,0.13573407202216067,0.23822714681440443,48,53,53,57,44
42671,2101,R,37,0.02702702702702703,0.10810810810810811,0.13513513513513514,0.13513513513513514,51,45,75,32,52
42705,2101,R,321,0.03115264797507788,0.09034267912772585,0.19003115264797507,0.20249221183800623,47,56,47,51,61
42724,2101,R,142,0.04225352112676056,0.13380281690140844,0.1267605633802817,0.2535211267605634,39,54,58,89,1
42746,2101,R,198,0.03535353535353535,0.0707070707070707,0.20707070707070707,0.19696969696969696,93,64,55,78,8
42771,2101,R,184,0.021739130434782608,0.09239130434782608,0.125,0.1956521739130435,44,51,56,41,15
42846,2101,R,72,0.041666666666666664,0.09722222222222222,0.20833333333333334,0.18055555555555555,30,52,38,76,12
42863,2101,R,359,0.03064066852367688,0.04456824512534819,0.18384401114206128,0.20891364902506965,85,55,59,52,71
42930,2101,R,549,0.03460837887067395,0.11475409836065574,0.16029143897996356,0.1930783242258652,32,64,69,67,55
43107,2101,R,335,0.029850746268656716,0.08955223880597014,0.191044776119403,0.22686567164179106,45,63,45,58,55
43181,2101,R,471,0.01910828025477707,0.05307855626326964,0.16985138004246284,0.2356687898089172,66,77,79,67,44
43256,2101,R,130,0.015384615384615385,0.05384615384615385,0.23076923076923078,0.2153846153846154,56,52,45,93,8
43269,2101,R,352,0.028409090909090908,0.07670454545454546,0.1534090909090909,0.21875,54,58,82,43,50
43311,2101,R,340,0.023529411764705882,0.08529411764705883,0.17058823529411765,0.1676470588235294,47,56,51,39,49
43319,2101,R,61,0.01639344262295082,0.06557377049180328,0.26229508196721313,0.2786885245901639,42,57,59,62,7
43325,2101,R,296,0.04054054054054054,0.06756756756756757,0.22297297297297297,0.19932432432432431,75,70,82,85,29
43544,2101,R,385,0.03116883116883117,0.08311688311688312,0.19220779220779222,0.21298701298701297,43,53,55,82,50
43566,2101,R,108,0.027777777777777776,0.046296296296296294,0.16666666666666666,0.24074074074074073,43,56,74,32,55
43658,2101,R,277,0.010830324909747292,0.061371841155234655,0.1624548736462094,0.23465703971119134,59,53,68,49,56
43810,2101,R,153,0.0457516339869281,0.032679738562091505,0.26143790849673204,0.20915032679738563,71,54,37,103,10
44071,2101,R,194,0.02577319587628866,0.04639175257731959,0.1958762886597938,0.20618556701030927,64,55,83,35,35
44204,2101,R,263,0.022813688212927757,0.12547528517110265,0.16730038022813687,0.24334600760456274,42,54,55,80,60
44330,2101,R,329,0.0243161094224924,0.0668693009118541,0.1519756838905775,0.23100303951367782,73,50,65,36,33
44429,2101,R,326,0.03987730061349693,0.06748466257668712,0.19325153374233128,0.25153374233128833,38,45,44,62,39
44550,2101,R,123,0.04878048780487805,0.032520325203252036,0.17073170731707318,0.21951219512195122,67,56,48,46,21
44767,2101,R,307,0.03908794788273615,0.0749185667752443,0.15960912052117263,0.21172638436482086,54,56,60,58,54
44772,2101,R,39,0.0,0.05128205128205128,0.15384615384615385,0.2564102564102564,46,54,52,58,30
44789,2101,R,304,0.029605263157894735,0.10526315789473684,0.20065789473684212,0.19407894736842105,44,57,45,66,64
44812,2101,R,284,0.02464788732394366,0.045774647887323945,0.22887323943661972,0.18309859154929578,74,61,66,73,60
44826,2101,R,64,0.046875,0.0625,0.21875,0.1875,45,43,46,49,47
44913,2101,R,359,0.03064066852367688,0.036211699164345405,0.2116991643454039,0.22562674094707522,84,54,50,43,42
44932,2101,R,418,0.0430622009569378,0.0645933014354067,0.14832535885167464,0.19138755980861244,55,56,62,39,56
44998,2101,R,183,0.00546448087431694,0.04371584699453552,0.08743169398907104,0.22950819672131148,79,51,77,31,29
45107,2101,R,217,0.041474654377880185,0.06912442396313365,0.17511520737327188,0.24423963133640553,48,66,59,62,54
45113,2101,R,767,0.024771838331160364,0.0560625814863103,0.2438070404172099,0.19035202086049544,72,75,79,89,63
45151,2101,R,130,0.015384615384615385,0.09230769230769231,0.26153846153846155,0.16923076923076924,24,59,78,106,18
45202,2101,R,337,0.02967359050445104,0.06528189910979229,0.21068249258160238,0.20771513353115728,43,69,68,80,58
45204,2101,R,405,0.03209876543209877,0.08395061728395062,0.21728395061728395,0.1728395061728395,50,62,54,56,54
45234,2101,R,345,0.011594202898550725,0.03768115942028986,0.1855072463768116,0.2318840579710145,53,54,49,67,39
45235,2101,R,415,0.03132530120481928,0.05060240963855422,0.20963855421686747,0.2289156626506024,63,60,59,45,56
45238,2101,R,716,0.040502793296089384,0.04748603351955307,0.1829608938547486,0.22625698324022347,58,40,58,71,57
45712,2101,R,73,0.0273972602739726,0.1506849315068493,0.1917808219178082,0.2054794520547945,39,48,41,79,12
45765,2101,R,644,0.03571428571428571,0.08850931677018634,0.16925465838509315,0.18478260869565216,57,52,51,61,69
45826,2101,R,433,0.04157043879907621,0.07852193995381063,0.12240184757505773,0.21478060046189376,71,53,58,58,63
45909,2101,R,199,0.03015075376884422,0.07035175879396985,0.23115577889447236,0.1658291457286432,63,68,60,81,31
45992,2101,R,103,0.10679611650485436,0.04854368932038835,0.18446601941747573,0.1941747572815534,51,58,67,34,35
46061,2101,R,85,0.03529411764705882,0.058823529411764705,0.1411764705882353,0.29411764705882354,48,56,53,56,36
46094,2101,R,278,0.03597122302158273,0.06474820143884892,0.2014388489208633,0.23381294964028776,52,56,57,39,57
46096,2101,R,185,0.07567567567567568,0.11351351351351352,0.16216216216216217,0.1945945945945946,41,63,50,60,46
46232,2101,R,370,0.02702702702702703,0.07837837837837838,0.20540540540540542,0.1972972972972973,43,64,71,52,56
46260,2101,R,476,0.03361344537815126,0.07142857142857142,0.18067226890756302,0.19117647058823528,70,70,52,55,49
46324,2101,R,409,0.014669926650366748,0.06601466992665037,0.20293398533007334,0.21271393643031786,67,75,75,62,60
46392,2101,R,99,0.020202020202020204,0.0707070707070707,0.2727272727272727,0.16161616161616163,47,70,54,66,39
46397,2101,R,280,0.007142857142857143,0.08928571428571429,0.225,0.20357142857142857,63,61,59,77,38
46449,2101,R,186,0.04838709677419355,0.07526881720430108,0.16129032258064516,0.21505376344086022,52,60,59,52,40
46818,2101,R,259,0.019305019305019305,0.1274131274131274,0.19305019305019305,0.2084942084942085,32,61,64,70,57
46928,2101,R,486,0.012345679012345678,0.11522633744855967,0.20781893004115226,0.19547325102880658,34,84,80,76,73
46941,2101,R,349,0.04297994269340974,0.04297994269340974,0.14040114613180515,0.27793696275071633,76,60,54,47,60
46997,2101,R,430,0.03255813953488372,0.07674418604651163,0.2186046511627907,0.1697674418604651,40,77,64,88,67
47026,2101,R,302,0.029801324503311258,0.08278145695364239,0.13245033112582782,0.271523178807947,49,54,49,59,62
47305,2101,R,81,0.0,0.04938271604938271,0.32098765432098764,0.14814814814814814,70,66,68,116,8
47684,2101,R,82,0.0,0.10975609756097561,0.0975609756097561,0.35365853658536583,49,62,79,63,12
47781,2101,R,365,0.038356164383561646,0.06301369863013699,0.20821917808219179,0.19726027397260273,73,59,43,71,61
47807,2101,R,30,0.06666666666666667,0.0,0.16666666666666666,0.23333333333333334,65,58,39,61,43
48184,2101,R,531,0.013182674199623353,0.04519774011299435,0.1958568738229755,0.1751412429378531,60,63,70,63,56
48255,2101,R,241,0.029045643153526972,0.08298755186721991,0.17842323651452283,0.2074688796680498,32,54,49,58,25
48259,2101,R,513,0.04873294346978557,0.10136452241715399,0.15204678362573099,0.1949317738791423,41,57,40,66,60
48589,2101,R,185,0.043243243243243246,0.05945945945945946,0.1837837837837838,0.22702702702702704,40,57,73,43,49
48912,2101,R,541,0.038817005545286505,0.10166358595194085,0.16635859519408502,0.2255083179297597,38,54,59,57,55
49518,2101,R,155,0.012903225806451613,0.07741935483870968,0.25806451612903225,0.1870967741935484,48,53,53,78,13
49549,2101,R,431,0.027842227378190254,0.09048723897911833,0.09280742459396751,0.23897911832946636,52,51,74,45,64
50176,2101,R,272,0.029411764705882353,0.051470588235294115,0.15073529411764705,0.20955882352941177,77,81,41,41,54
51206,2101,R,401,0.029925187032418952,0.06982543640897755,0.15211970074812967,0.2344139650872818,69,59,76,39,40
55233,2101,R,285,0.017543859649122806,0.07017543859649122,0.17894736842105263,0.20701754385964913,76,63,75,41,28
55591,2101,R,441,0.036281179138321996,0.08163265306122448,0.20634920634920634,0.19727891156462585,47,77,57,60,58
55921,2101,R,200,0.03,0.11,0.17,0.225,45,53,72,66,44
60398,2101,R,122,0.01639344262295082,0.040983606557377046,0.16393442622950818,0.22131147540983606,84,68,68,52,12
60601,2101,R,378,0.015873015873015872,0.082010582010582,0.19576719576719576,0.1931216931216931,37,60,50,61,50
61293,2101,R,414,0.024154589371980676,0.057971014492753624,0.14251207729468598,0.22705314009661837,94,57,59,34,58
62510,2101,R,234,0.008547008547008548,0.09401709401709402,0.23931623931623933,0.19230769230769232,43,78,65,80,59
64848,2101,R,326,0.024539877300613498,0.049079754601226995,0.18098159509202455,0.24539877300613497,53,75,68,50,33
65856,2101,R,337,0.01483679525222552,0.050445103857566766,0.18694362017804153,0.2166172106824926,76,53,60,43,56
66044,2101,R,207,0.024154589371980676,0.16908212560386474,0.13043478260869565,0.20772946859903382,47,45,50,59,8
70719,2101,R,139,0.014388489208633094,0.02158273381294964,0.2949640287769784,0.19424460431654678,67,64,86,61,16
70749,2101,R,392,0.015306122448979591,0.04336734693877551,0.15306122448979592,0.2576530612244898,93,62,102,35,31
70793,2101,R,211,0.037914691943127965,0.06635071090047394,0.17535545023696683,0.22274881516587677,50,54,71,54,32
70808,2101,R,529,0.011342155009451797,0.07372400756143667,0.19092627599243855,0.22306238185255198,53,56,73,45,73
70813,2101,R,248,0.024193548387096774,0.14112903225806453,0.24596774193548387,0.14919354838709678,29,57,58,106,22
71026,2101,R,309,0.042071197411003236,0.12297734627831715,0.13268608414239483,0.23624595469255663,31,51,36,39,54
71088,2101,R,52,0.038461538461538464,0.1346153846153846,0.19230769230769232,0.17307692307692307,42,47,39,65,14
71215,2101,R,351,0.03133903133903134,0.06837606837606838,0.19943019943019943,0.23646723646723647,55,48,50,65,47
71544,2101,R,129,0.046511627906976744,0.13178294573643412,0.2248062015503876,0.1937984496124031,24,67,32,103,16
71561,2101,R,131,0.015267175572519083,0.1450381679389313,0.16030534351145037,0.16030534351145037,44,52,70,69,5
71593,2101,R,132,0.030303030303030304,0.08333333333333333,0.10606060606060606,0.23484848484848486,55,62,51,52,81
71782,2101,R,127,0.031496062992125984,0.07874015748031496,0.2047244094488189,0.2047244094488189,67,39,50,82,29
72059,2101,R,334,0.023952095808383235,0.0718562874251497,0.25748502994011974,0.17664670658682635,45,73,58,104,57
72130,2101,R,65,0.0,0.046153846153846156,0.1076923076923077,0.3076923076923077,56,49,62,43,32
72139,2101,R,128,0.015625,0.078125,0.203125,0.2421875,58,63,57,88,8
72187,2101,R,57,0.017543859649122806,0.07017543859649122,0.21052631578947367,0.10526315789473684,52,45,70,36,66
72458,2101,R,76,0.07894736842105263,0.05263157894736842,0.27631578947368424,0.10526315789473684,43,67,51,115,11
72549,2101,R,66,0.030303030303030304,0.13636363636363635,0.16666666666666666,0.2727272727272727,52,69,90,54,18
72555,2101,R,254,0.051181102362204724,0.0984251968503937,0.20866141732283464,0.15748031496062992,44,49,39,57,65
72570,2101,R,136,0.0661764705882353,0.04411764705882353,0.14705882352941177,0.3014705882352941,56,58,53,41,41
72574,2101,R,213,0.046948356807511735,0.10328638497652583,0.15023474178403756,0.19248826291079812,38,61,40,51,12
72603,2101,R,52,0.07692307692307693,0.057692307692307696,0.1346153846153846,0.3076923076923077,49,62,54,76,21
72610,2101,R,141,0.06382978723404255,0.06382978723404255,0.14893617021276595,0.19858156028368795,31,57,36,61,9
72679,2101,R,139,0.04316546762589928,0.06474820143884892,0.1223021582733813,0.26618705035971224,49,54,47,50,30
72701,2101,R,364,0.01098901098901099,0.08791208791208792,0.1978021978021978,0.22527472527472528,50,58,74,35,54
72708,2101,R,480,0.035416666666666666,0.05625,0.17916666666666667,0.19375,58,54,70,71,72
72803,2101,R,314,0.03821656050955414,0.12738853503184713,0.15605095541401273,0.21656050955414013,18,45,40,49,65
72828,2101,R,156,0.01282051282051282,0.05128205128205128,0.20512820512820512,0.26282051282051283,60,60,49,57,62
72838,2101,R,139,0.08633093525179857,0.05755395683453238,0.14388489208633093,0.20863309352517986,58,51,69,44,44
73132,2101,R,136,0.058823529411764705,0.07352941176470588,0.125,0.22058823529411764,43,47,66,77,81
73345,2101,R,201,0.009950248756218905,0.12935323383084577,0.20398009950248755,0.23880597014925373,29,57,64,85,47
73452,2101,R,294,0.023809523809523808,0.08163265306122448,0.1326530612244898,0.2653061224489796,51,48,69,43,60
73851,2101,R,192,0.026041666666666668,0.11458333333333333,0.21875,0.19270833333333334,35,59,53,101,29
73863,2101,R,219,0.0228310502283105,0.0867579908675799,0.1689497716894977,0.2054794520547945,60,58,83,49,34
73873,2101,R,410,0.024390243902439025,0.06097560975609756,0.15609756097560976,0.23658536585365852,60,57,80,37,53
73945,2101,R,542,0.014760147601476014,0.05166051660516605,0.1974169741697417,0.2177121771217712,86,64,94,71,90
73958,2101,R,425,0.02823529411764706,0.04941176470588235,0.18823529411764706,0.24,60,69,85,62,63
74104,2101,R,137,0.043795620437956206,0.058394160583941604,0.18248175182481752,0.27007299270072993,54,59,54,68,17
74120,2101,R,359,0.022284122562674095,0.0584958217270195,0.20891364902506965,0.2116991643454039,64,59,68,74,58
74139,2101,R,334,0.038922155688622756,0.09281437125748503,0.17365269461077845,0.17365269461077845,59,46,67,54,52
74187,2101,R,198,0.020202020202020204,0.0707070707070707,0.20707070707070707,0.26262626262626265,64,52,65,68,58
74295,2101,R,214,0.028037383177570093,0.14018691588785046,0.17289719626168223,0.19626168224299065,18,60,50,88,13
74384,2101,R,44,0.09090909090909091,0.045454545454545456,0.25,0.13636363636363635,37,53,37,65,20
74405,2101,R,293,0.013651877133105802,0.10580204778156997,0.17747440273037543,0.24573378839590443,35,66,72,77,32
74455,2101,R,536,0.029850746268656716,0.06716417910447761,0.13432835820895522,0.24067164179104478,49,32,60,31,58
74555,2101,R,183,0.04371584699453552,0.08743169398907104,0.1912568306010929,0.14754098360655737,44,59,82,78,23
74611,2101,R,100,0.01,0.09,0.26,0.18,38,63,56,101,5
75375,2101,R,421,0.035629453681710214,0.0665083135391924,0.19714964370546317,0.18052256532066507,70,59,62,73,59
76191,2101,R,161,0.043478260869565216,0.11801242236024845,0.18633540372670807,0.2236024844720497,37,62,67,93,8
77250,2101,R,175,0.02857142857142857,0.08,0.18857142857142858,0.22857142857142856,42,49,53,101,21
77485,2101,R,67,0.0,0.07462686567164178,0.19402985074626866,0.26865671641791045,61,48,45,74,16
78271,2101,R,184,0.03260869565217391,0.09239130434782608,0.1956521739130435,0.14673913043478262,39,39,51,73,24
78744,2101,R,271,0.03690036900369004,0.0996309963099631,0.17343173431734318,0.22878228782287824,48,62,84,47,81
79791,2101,R,120,0.03333333333333333,0.13333333333333333,0.24166666666666667,0.13333333333333333,40,60,52,108,21
84762,2101,R,740,0.024324324324324326,0.05405405405405406,0.10405405405405406,0.2648648648648649,93,53,99,23,82
84,2101,L,366,0.040983606557377046,0.08743169398907104,0.13387978142076504,0.1994535519125683,55,69,69,51,48
699,2101,L,182,0.04945054945054945,0.0989010989010989,0.2087912087912088,0.1978021978021978,45,53,32,101,25
743,2101,L,56,0.07142857142857142,0.017857142857142856,0.17857142857142858,0.32142857142857145,47,54,34,97,10
1205,2101,L,36,0.08333333333333333,0.05555555555555555,0.16666666666666666,0.16666666666666666,48,52,47,47,61
1258,2101,L,392,0.03571428571428571,0.07397959183673469,0.14540816326530612,0.24744897959183673,51,62,66,63,83
1472,2101,L,234,0.02564102564102564,0.05555555555555555,0.16666666666666666,0.24358974358974358,66,62,69,50,61
1528,2101,L,35,0.05714285714285714,0.11428571428571428,0.2,0.2,32,62,37,72,74
1681,2101,L,32,0.0625,0.03125,0.25,0.25,44,40,77,74,57
2113,2101,L,94,0.0425531914893617,0.031914893617021274,0.2127659574468085,0.20212765957446807,79,50,50,64,13
19365,2101,L,270,0.02962962962962963,0.10740740740740741,0.14814814814814814,0.24074074074074073,45,50,38,43,71
19581,2101,L,146,0.0273972602739726,0.0684931506849315,0.136986301369863,0.2465753424657534,41,50,42,38,62
20076,2101,L,62,0.0,0.06451612903225806,0.43548387096774194,0.12903225806451613,36,69,78,125,16
20312,2101,L,31,0.0967741935483871,0.22580645161290322,0.1935483870967742,0.2903225806451613,46,59,36,60,41
20383,2101,L,80,0.0375,0.1125,0.1375,0.175,41,49,32,47,92
21174,2101,L,39,0.0,0.07692307692307693,0.20512820512820512,0.15384615384615385,65,48,61,46,82
21656,2101,L,39,0.05128205128205128,0.10256410256410256,0.07692307692307693,0.358974358974359,34,48,44,38,68
23003,2101,L,45,0.022222222222222223,0.08888888888888889,0.13333333333333333,0.2222222222222222,34,47,42,70,8
23608,2101,L,296,0.030405405405405407,0.04054054054054054,0.10810810810810811,0.23648648648648649,89,48,62,31,48
23652,2101,L,55,0.0,0.09090909090909091,0.14545454545454545,0.2909090909090909,50,52,48,45,62
24110,2101,L,278,0.03597122302158273,0.046762589928057555,0.18705035971223022,0.24100719424460432,48,54,43,63,55
24224,2101,L,344,0.023255813953488372,0.06976744186046512,0.17151162790697674,0.23837209302325582,42,52,95,33,61
24273,2101,L,408,0.03431372549019608,0.058823529411764705,0.13480392156862744,0.25735294117647056,51,51,49,36,93
24360,2101,L,227,0.039647577092511016,0.04405286343612335,0.14537444933920704,0.23788546255506607,51,46,73,47,32
24506,2101,L,141,0.014184397163120567,0.10638297872340426,0.1347517730496454,0.23404255319148937,43,51,44,34,56
25018,2101,L,98,0.0,0.14285714285714285,0.19387755102040816,0.14285714285714285,54,57,92,38,14
25591,2101,L,131,0.03816793893129771,0.08396946564885496,0.21374045801526717,0.20610687022900764,54,54,62,67,58
25656,2101,L,37,0.0,0.05405405405405406,0.2702702702702703,0.1891891891891892,64,59,55,45,54
25768,2101,L,62,0.0,0.0967741935483871,0.1935483870967742,0.24193548387096775,45,56,90,50,31
25924,2101,L,93,0.010752688172043012,0.06451612903225806,0.16129032258064516,0.24731182795698925,38,38,53,55,41
25927,2101,L,387,0.046511627906976744,0.06459948320413436,0.13695090439276486,0.2351421188630491,82,47,54,47,56
26076,2101,L,174,0.05172413793103448,0.09195402298850575,0.1206896551724138,0.23563218390804597,54,42,39,35,22
26168,2101,L,59,0.01694915254237288,0.06779661016949153,0.0847457627118644,0.15254237288135594,54,51,56,40,62
26197,2101,L,97,0.020618556701030927,0.08247422680412371,0.16494845360824742,0.21649484536082475,51,60,62,81,21
26249,2101,L,70,0.04285714285714286,0.1,0.18571428571428572,0.2571428571428571,45,51,45,35,63
26267,2101,L,63,0.0,0.06349206349206349,0.2698412698412698,0.1746031746031746,42,58,69,109,14
26594,2101,L,95,0.05263157894736842,0.031578947368421054,0.16842105263157894,0.16842105263157894,39,51,38,64,46
26693,2101,L,101,0.0297029702970297,0.09900990099009901,0.18811881188118812,0.24752475247524752,62,38,54,48,40
26779,2101,L,206,0.024271844660194174,0.09223300970873786,0.1650485436893204,0.1941747572815534,59,37,62,66,55
26811,2101,L,142,0.028169014084507043,0.07042253521126761,0.18309859154929578,0.176056338028169,54,48,71,48,27
27337,2101,L,163,0.049079754601226995,0.09202453987730061,0.12269938650306748,0.22085889570552147,34,50,54,56,55
27363,2101,L,102,0.0392156862745098,0.058823529411764705,0.20588235294117646,0.20588235294117646,48,50,60,79,15
27642,2101,L,156,0.05128205128205128,0.057692307692307696,0.14743589743589744,0.23717948717948717,57,35,39,40,50
27930,2101,L,40,0.025,0.125,0.6,0.1,33,65,80,122,10
28596,2101,L,184,0.03260869565217391,0.016304347826086956,0.16847826086956522,0.22282608695652173,65,62,60,62,56
28985,2101,L,147,0.034013605442176874,0.1360544217687075,0.17687074829931973,0.21768707482993196,47,48,68,67,81
29480,2101,L,128,0.03125,0.0625,0.2109375,0.2109375,55,67,60,74,7
29533,2101,L,230,0.034782608695652174,0.05217391304347826,0.2,0.1956521739130435,56,54,58,38,58
29618,2101,L,107,0.009345794392523364,0.04672897196261682,0.37383177570093457,0.1588785046728972,90,62,94,72,66
29829,2101,L,221,0.027149321266968326,0.12669683257918551,0.17647058823529413,0.18552036199095023,41,52,46,55,63
29840,2101,L,163,0.03680981595092025,0.0736196319018405,0.20245398773006135,0.2392638036809816,47,54,50,68,69
29894,2101,L,117,0.06837606837606838,0.06837606837606838,0.18803418803418803,0.1452991452991453,42,48,42,45,66
29980,2101,L,376,0.02925531914893617,0.061170212765957445,0.13829787234042554,0.2553191489361702,61,47,65,50,61
30142,2101,L,79,0.012658227848101266,0.05063291139240506,0.3037974683544304,0.20253164556962025,68,43,45,76,4
30148,2101,L,65,0.0,0.09230769230769231,0.24615384615384617,0.2,57,54,52,70,56
30286,2101,L,352,0.04261363636363636,0.07386363636363637,0.19886363636363635,0.22443181818181818,43,45,57,65,38
30590,2101,L,247,0.024291497975708502,0.13360323886639677,0.1417004048582996,0.22267206477732793,44,52,55,46,63
30631,2101,L,273,0.03296703296703297,0.05860805860805861,0.15384615384615385,0.2783882783882784,62,48,47,54,30
30676,2101,L,155,0.012903225806451613,0.04516129032258064,0.3032258064516129,0.1870967741935484,82,68,70,104,64
30747,2101,L,179,0.0446927374301676,0.11731843575418995,0.1452513966480447,0.20670391061452514,54,43,40,43,29
30820,2101,L,76,0.039473684210526314,0.13157894736842105,0.3026315789473684,0.09210526315789473,61,42,51,64,11
30907,2101,L,71,0.028169014084507043,0.056338028169014086,0.2112676056338028,0.18309859154929578,48,54,45,82,11
31165,2101,L,158,0.06329113924050633,0.10126582278481013,0.24050632911392406,0.20253164556962025,44,48,50,103,7
31321,2101,L,125,0.032,0.128,0.24,0.208,56,48,70,100,12
31326,2101,L,342,0.023391812865497075,0.07017543859649122,0.16666666666666666,0.2543859649122807,49,47,75,42,30
31580,2101,L,386,0.03367875647668394,0.06994818652849741,0.14766839378238342,0.24352331606217617,53,60,36,66,54
31723,2101,L,257,0.06614785992217899,0.054474708171206226,0.13618677042801555,0.2140077821011673,60,45,45,39,80
31754,2101,L,398,0.052763819095477386,0.05778894472361809,0.1884422110552764,0.18090452261306533,56,59,42,57,84
31764,2101,L,309,0.019417475728155338,0.06796116504854369,0.1262135922330097,0.20711974110032363,58,54,53,56,43
31809,2101,L,130,0.03076923076923077,0.11538461538461539,0.24615384615384617,0.16923076923076924,50,52,37,79,12
31904,2101,L,151,0.046357615894039736,0.046357615894039736,0.26490066225165565,0.1986754966887417,82,52,40,62,61
31963,2101,L,293,0.020477815699658702,0.051194539249146756,0.1945392491467577,0.17406143344709898,69,59,85,64,54
31968,2101,L,224,0.044642857142857144,0.05357142857142857,0.11607142857142858,0.21428571428571427,80,46,71,33,35
32145,2101,L,299,0.04013377926421405,0.08695652173913043,0.11705685618729098,0.25752508361204013,36,33,43,30,61
32341,2101,L,240,0.029166666666666667,0.1,0.12083333333333333,0.17916666666666667,42,59,47,40,57
32470,2101,L,37,0.02702702702702703,0.08108108108108109,0.32432432432432434,0.1891891891891892,43,45,48,45,60
32485,2101,L,181,0.06077348066298342,0.0718232044198895,0.13259668508287292,0.22099447513812154,51,35,39,13,62
32500,2101,L,351,0.045584045584045586,0.06552706552706553,0.20512820512820512,0.18518518518518517,53,59,48,64,70
32511,2101,L,380,0.02631578947368421,0.05,0.17105263157894737,0.20789473684210527,65,57,61,61,62
32548,2101,L,42,0.023809523809523808,0.07142857142857142,0.23809523809523808,0.21428571428571427,53,51,66,97,6
32821,2101,L,130,0.015384615384615385,0.06923076923076923,0.18461538461538463,0.23076923076923078,57,51,48,63,42
32909,2101,L,37,0.0,0.02702702702702703,0.16216216216216217,0.2702702702702703,35,54,64,55,55
32954,2101,L,60,0.016666666666666666,0.03333333333333333,0.2833333333333333,0.2,53,53,61,72,14
33013,2101,L,376,0.023936170212765957,0.13829787234042554,0.24468085106382978,0.15691489361702127,24,66,53,107,93
33185,2101,L,90,0.03333333333333333,0.03333333333333333,0.2777777777777778,0.24444444444444444,71,54,50,64,12
33256,2101,L,132,0.007575757575757576,0.045454545454545456,0.1590909090909091,0.2196969696969697,51,31,50,39,60
33350,2101,L,201,0.04975124378109453,0.0845771144278607,0.16417910447761194,0.208955223880597,52,42,46,39,49
33360,2101,L,157,0.025477707006369428,0.044585987261146494,0.12738853503184713,0.1910828025477707,56,53,50,37,59
33417,2101,L,214,0.04672897196261682,0.07009345794392523,0.14953271028037382,0.2336448598130841,47,47,38,42,56
33431,2101,L,294,0.04081632653061224,0.07482993197278912,0.1292517006802721,0.25170068027210885,58,47,42,42,80
33571,2101,L,158,0.05063291139240506,0.05063291139240506,0.12025316455696203,0.20253164556962025,73,49,48,40,82
33785,2101,L,155,0.0064516129032258064,0.05161290322580645,0.2709677419354839,0.22580645161290322,53,48,56,94,15
33816,2101,L,332,0.05421686746987952,0.0783132530120482,0.13253012048192772,0.21987951807228914,47,44,53,48,59
33831,2101,L,56,0.017857142857142856,0.07142857142857142,0.19642857142857142,0.30357142857142855,53,45,48,83,31
33845,2101,L,146,0.03424657534246575,0.0684931506849315,0.2054794520547945,0.17123287671232876,51,46,45,54,55
33944,2101,L,71,0.014084507042253521,0.056338028169014086,0.15492957746478872,0.22535211267605634,36,52,48,56,18
33980,2101,L,103,0.009708737864077669,0.0970873786407767,0.2524271844660194,0.17475728155339806,47,47,54,45,12
34003,2101,L,103,0.019417475728155338,0.06796116504854369,0.21359223300970873,0.17475728155339806,38,36,48,61,11
34252,2101,L,366,0.05191256830601093,0.08469945355191257,0.16393442622950818,0.1912568306010929,47,53,37,48,62
34372,2101,L,145,0.027586206896551724,0.07586206896551724,0.13793103448275862,0.2689655172413793,59,54,60,64,1
34448,2101,L,156,0.01282051282051282,0.057692307692307696,0.21153846153846154,0.1987179487179487,67,57,87,39,80
34522,2101,L,355,0.028169014084507043,0.059154929577464786,0.15211267605633802,0.22253521126760564,55,43,59,45,42
34588,2101,L,184,0.09239130434782608,0.05434782608695652,0.18478260869565216,0.21195652173913043,49,59,28,48,39
34726,2101,L,146,0.03424657534246575,0.04794520547945205,0.15753424657534246,0.21232876712328766,50,61,64,64,61
35016,2101,L,136,0.04411764705882353,0.09558823529411764,0.19852941176470587,0.14705882352941177,37,53,57,50,57
35103,2101,L,74,0.02702702702702703,0.05405405405405406,0.17567567567567569,0.17567567567567569,63,59,33,73,2
35188,2101,L,126,0.031746031746031744,0.07936507936507936,0.18253968253968253,0.2857142857142857,38,47,56,60,30
35269,2101,L,49,0.02040816326530612,0.061224489795918366,0.2857142857142857,0.16326530612244897,62,55,59,101,55
35385,2101,L,166,0.04216867469879518,0.0783132530120482,0.14457831325301204,0.25301204819277107,41,46,62,38,57
35531,2101,L,114,0.07017543859649122,0.10526315789473684,0.14912280701754385,0.2543859649122807,52,48,24,49,13
35552,2101,L,91,0.03296703296703297,0.08791208791208792,0.23076923076923078,0.17582417582417584,43,55,40,58,17
35653,2101,L,104,0.028846153846153848,0.038461538461538464,0.14423076923076922,0.25961538461538464,85,65,57,37,40
35845,2101,L,91,0.10989010989010989,0.13186813186813187,0.07692307692307693,0.24175824175824176,29,50,28,44,10
35910,2101,L,264,0.04924242424242424,0.10227272727272728,0.17045454545454544,0.19696969696969696,43,54,50,76,63
35922,2101,L,219,0.0410958904109589,0.0958904109589041,0.2465753424657534,0.1506849315068493,55,45,59,68,55
36426,2101,L,358,0.027932960893854747,0.05865921787709497,0.17597765363128492,0.20391061452513967,51,51,78,51,63
36523,2101,L,141,0.02127659574468085,0.1276595744680851,0.1276595744680851,0.14893617021276595,48,48,70,50,36
36544,2101,L,110,0.05454545454545454,0.05454545454545454,0.20909090909090908,0.20909090909090908,55,45,50,73,11
36554,2101,L,103,0.02912621359223301,0.05825242718446602,0.1650485436893204,0.1941747572815534,43,48,43,65,72
36558,2101,L,183,0.02185792349726776,0.10382513661202186,0.10382513661202186,0.273224043715847,47,45,56,50,48
36610,2101,L,165,0.01818181818181818,0.09090909090909091,0.2,0.26666666666666666,42,48,68,60,20
36697,2101,L,370,0.016216216216216217,0.07837837837837838,0.16486486486486487,0.24594594594594596,47,59,65,57,56
36727,2101,L,74,0.0,0.08108108108108109,0.10810810810810811,0.20270270270270271,50,55,69,63,31
36728,2101,L,137,0.051094890510948905,0.11678832116788321,0.17518248175182483,0.26277372262773724,55,52,50,71,52
36749,2101,L,406,0.027093596059113302,0.05665024630541872,0.1724137931034483,0.24876847290640394,76,60,48,80,63
36751,2101,L,111,0.018018018018018018,0.07207207207207207,0.23423423423423423,0.2072072072072072,65,53,49,87,38
36846,2101,L,152,0.019736842105263157,0.046052631578947366,0.15789473684210525,0.19078947368421054,86,79,78,71,31
36870,2101,L,106,0.05660377358490566,0.08490566037735849,0.1792452830188679,0.2169811320754717,59,57,33,82,30
36878,2101,L,50,0.04,0.1,0.2,0.2,36,48,65,85,21
36943,2101,L,137,0.021897810218978103,0.0948905109489051,0.22627737226277372,0.17518248175182483,36,50,49,101,14
37007,2101,L,282,0.03546099290780142,0.05673758865248227,0.18439716312056736,0.24113475177304963,75,63,59,56,40
37032,2101,L,108,0.046296296296296294,0.08333333333333333,0.2222222222222222,0.2037037037037037,43,51,45,60,9
37078,2101,L,233,0.02575107296137339,0.08583690987124463,0.15450643776824036,0.26609442060085836,57,53,49,55,28
37080,2101,L,331,0.01812688821752266,0.09969788519637462,0.1268882175226586,0.21450151057401812,48,52,73,36,57
37193,2101,L,215,0.018604651162790697,0.09767441860465116,0.16744186046511628,0.20930232558139536,45,53,61,74,33
37282,2101,L,332,0.03614457831325301,0.06927710843373494,0.16566265060240964,0.19879518072289157,71,68,61,49,43
37349,2101,L,102,0.0392156862745098,0.09803921568627451,0.17647058823529413,0.20588235294117646,45,42,52,79,30
37609,2101,L,406,0.022167487684729065,0.059113300492610835,0.18226600985221675,0.2413793103448276,69,73,90,84,77
37620,2101,L,414,0.026570048309178744,0.05555555555555555,0.19082125603864733,0.1932367149758454,78,62,81,50,61
37728,2101,L,362,0.019337016574585635,0.09944751381215469,0.1712707182320442,0.2265193370165746,46,59,55,45,71
37785,2101,L,66,0.045454545454545456,0.09090909090909091,0.15151515151515152,0.22727272727272727,60,57,81,57,22
37853,2101,L,196,0.03571428571428571,0.07142857142857142,0.09183673469387756,0.3112244897959184,54,47,74,39,25
37967,2101,L,384,0.028645833333333332,0.052083333333333336,0.1328125,0.24739583333333334,74,56,62,34,63
38104,2101,L,90,0.044444444444444446,0.06666666666666667,0.2111111111111111,0.18888888888888888,54,56,85,72,75
38147,2101,L,145,0.013793103448275862,0.07586206896551724,0.2,0.20689655172413793,48,48,52,73,20
38161,2101,L,116,0.008620689655172414,0.06896551724137931,0.1896551724137931,0.2672413793103448,57,54,84,36,39
38269,2101,L,358,0.008379888268156424,0.10614525139664804,0.1871508379888268,0.19832402234636873,52,56,79,47,61
38335,2101,L,145,0.041379310344827586,0.1310344827586207,0.13793103448275862,0.15862068965517243,37,49,39,43,21
38342,2101,L,31,0.03225806451612903,0.03225806451612903,0.22580645161290322,0.1935483870967742,80,64,51,111,24
38359,2101,L,83,0.060240963855421686,0.1566265060240964,0.12048192771084337,0.26506024096385544,48,47,53,48,8
38363,2101,L,257,0.038910505836575876,0.07392996108949416,0.17898832684824903,0.17120622568093385,71,45,41,50,56
38377,2101,L,163,0.024539877300613498,0.08588957055214724,0.19631901840490798,0.2331288343558282,64,58,79,58,13
38483,2101,L,377,0.01856763925729443,0.07161803713527852,0.129973474801061,0.26790450928381965,60,53,69,44,56
38512,2101,L,176,0.022727272727272728,0.08522727272727272,0.19318181818181818,0.20454545454545456,65,48,67,66,55
38611,2101,L,106,0.02830188679245283,0.11320754716981132,0.24528301886792453,0.09433962264150944,53,50,41,96,21
38640,2101,L,151,0.052980132450331126,0.0728476821192053,0.18543046357615894,0.2119205298013245,48,64,52,77,6
38674,2101,L,109,0.0,0.03669724770642202,0.1834862385321101,0.28440366972477066,79,48,56,44,61
38795,2101,L,50,0.02,0.08,0.22,0.18,51,57,60,65,77
38807,2101,L,40,0.025,0.05,0.1,0.15,57,45,66,43,60
38836,2101,L,105,0.0380952380952381,0.0380952380952381,0.23809523809523808,0.21904761904761905,51,65,65,64,18
38846,2101,L,103,0.02912621359223301,0.04854368932038835,0.17475728155339806,0.23300970873786409,55,48,39,49,23
38852,2101,L,165,0.024242424242424242,0.030303030303030304,0.23030303030303031,0.20606060606060606,71,67,69,55,55
38866,2101,L,170,0.03529411764705882,0.1,0.21176470588235294,0.21764705882352942,56,37,66,66,36
38898,2101,L,327,0.021406727828746176,0.10703363914373089,0.20489296636085627,0.1559633027522936,47,59,72,77,58
38901,2101,L,194,0.041237113402061855,0.061855670103092786,0.2422680412371134,0.21649484536082475,45,39,34,60,50
38934,2101,L,254,0.01968503937007874,0.07480314960629922,0.12598425196850394,0.2440944881889764,49,49,42,37,54
38955,2101,L,176,0.028409090909090908,0.056818181818181816,0.20454545454545456,0.18181818181818182,50,52,65,72,56
38979,2101,L,40,0.05,0.125,0.05,0.275,47,46,54,50,59
38987,2101,L,349,0.02005730659025788,0.10315186246418338,0.1518624641833811,0.24355300859598855,43,42,60,55,54
38988,2101,L,445,0.02696629213483146,0.0853932584269663,0.18876404494382024,0.2157303370786517,55,50,65,70,65
39003,2101,L,196,0.03571428571428571,0.0663265306122449,0.22959183673469388,0.1683673469387755,59,49,62,93,30
39019,2101,L,104,0.019230769230769232,0.125,0.125,0.2692307692307692,33,53,68,51,8
39199,2101,L,141,0.04964539007092199,0.11347517730496454,0.19858156028368795,0.19858156028368795,49,52,70,58,38
39238,2101,L,321,0.018691588785046728,0.07476635514018691,0.17133956386292834,0.19314641744548286,54,62,58,52,28
39261,2101,L,75,0.02666666666666667,0.06666666666666667,0.2,0.18666666666666668,70,50,48,69,23
39300,2101,L,184,0.010869565217391304,0.10869565217391304,0.14130434782608695,0.19021739130434784,48,82,82,38,55
39399,2101,L,30,0.03333333333333333,0.13333333333333333,0.26666666666666666,0.13333333333333333,37,57,89,43,18
39745,2101,L,361,0.036011080332409975,0.060941828254847646,0.15789473684210525,0.22160664819944598,56,51,81,48,49
39950,2101,L,160,0.03125,0.075,0.20625,0.19375,48,58,51,47,54
40434,2101,L,76,0.013157894736842105,0.039473684210526314,0.23684210526315788,0.21052631578947367,63,61,60,68,16
40533,2101,L,146,0.0273972602739726,0.04794520547945205,0.1643835616438356,0.2465753424657534,73,54,42,64,55
40592,2101,L,241,0.058091286307053944,0.07883817427385892,0.1991701244813278,0.16182572614107885,58,50,43,42,58
40606,2101,L,34,0.0,0.058823529411764705,0.20588235294117646,0.23529411764705882,68,53,60,62,3
40636,2101,L,48,0.020833333333333332,0.08333333333333333,0.20833333333333334,0.1875,50,43,53,47,31
40695,2101,L,61,0.04918032786885246,0.04918032786885246,0.14754098360655737,0.21311475409836064,49,48,39,44,50
40838,2101,L,47,0.02127659574468085,0.0425531914893617,0.06382978723404255,0.2127659574468085,35,48,37,37,65
41194,2101,L,124,0.016129032258064516,0.07258064516129033,0.1693548387096774,0.1774193548387097,53,44,47,39,33
41297,2101,L,72,0.0,0.05555555555555555,0.3472222222222222,0.25,62,65,37,109,27
41324,2101,L,49,0.0,0.12244897959183673,0.16326530612244897,0.1836734693877551,43,57,59,82,12
41548,2101,L,376,0.018617021276595744,0.1276595744680851,0.15159574468085107,0.2047872340425532,34,54,43,45,66
41578,2101,L,53,0.05660377358490566,0.018867924528301886,0.20754716981132076,0.2830188679245283,38,62,97,88,15
41697,2101,L,155,0.0064516129032258064,0.03870967741935484,0.12903225806451613,0.14838709677419354,63,57,66,34,67
41717,2101,L,69,0.043478260869565216,0.07246376811594203,0.2318840579710145,0.11594202898550725,56,60,46,101,13
41771,2101,L,143,0.02097902097902098,0.08391608391608392,0.18181818181818182,0.23076923076923078,54,57,66,55,13
41966,2101,L,226,0.022123893805309734,0.1415929203539823,0.15486725663716813,0.2079646017699115,45,42,45,31,53
42013,2101,L,234,0.03418803418803419,0.06837606837606838,0.1794871794871795,0.23076923076923078,54,39,52,45,67
42124,2101,L,72,0.027777777777777776,0.05555555555555555,0.1111111111111111,0.16666666666666666,86,54,81,59,32
42158,2101,L,136,0.022058823529411766,0.1323529411764706,0.2426470588235294,0.16911764705882354,51,51,57,84,16
42177,2101,L,349,0.034383954154727794,0.08882521489971347,0.2034383954154728,0.24068767908309455,40,46,49,46,65
42206,2101,L,160,0.0125,0.03125,0.2875,0.20625,72,81,89,81,59
42251,2101,L,100,0.04,0.08,0.15,0.25,63,56,59,63,13
42293,2101,L,85,0.023529411764705882,0.11764705882352941,0.27058823529411763,0.17647058823529413,34,51,46,100,9
42318,2101,L,35,0.0,0.11428571428571428,0.08571428571428572,0.3142857142857143,65,55,42,58,12
42322,2101,L,161,0.037267080745341616,0.055900621118012424,0.2484472049689441,0.22981366459627328,71,52,46,95,28
42326,2101,L,134,0.0,0.03731343283582089,0.23880597014925373,0.291044776119403,64,57,74,93,11
42423,2101,L,162,0.012345679012345678,0.043209876543209874,0.2777777777777778,0.17901234567901234,75,62,47,82,36
42470,2101,L,314,0.01592356687898089,0.08917197452229299,0.14331210191082802,0.24203821656050956,56,57,59,53,57
42519,2101,L,172,0.05232558139534884,0.0755813953488372,0.12790697674418605,0.2441860465116279,41,50,57,57,88
42575,2101,L,347,0.0345821325648415,0.06051873198847262,0.19596541786743515,0.2017291066282421,66,54,54,43,65
42610,2101,L,247,0.08097165991902834,0.0931174089068826,0.1417004048582996,0.21052631578947367,52,63,50,70,30
42631,2101,L,182,0.038461538461538464,0.07142857142857142,0.21978021978021978,0.19230769230769232,43,54,43,74,66
42667,2101,L,363,0.03305785123966942,0.07988980716253444,0.1928374655647383,0.23415977961432508,48,51,53,57,44
42705,2101,L,297,0.03367003367003367,0.07744107744107744,0.13131313131313133,0.2222222222222222,48,56,48,54,61
42724,2101,L,40,0.025,0.075,0.225,0.275,39,54,58,88,1
42746,2101,L,39,0.02564102564102564,0.0,0.20512820512820512,0.20512820512820512,92,62,52,76,8
42771,2101,L,142,0.04225352112676056,0.09859154929577464,0.1056338028169014,0.24647887323943662,45,54,58,43,15
42846,2101,L,53,0.018867924528301886,0.09433962264150944,0.11320754716981132,0.2641509433962264,30,54,38,78,12
42863,2101,L,300,0.04,0.04666666666666667,0.15666666666666668,0.26666666666666666,83,52,56,50,71
42930,2101,L,164,0.024390243902439025,0.09146341463414634,0.25,0.14634146341463414,32,66,70,69,55
43107,2101,L,291,0.037800687285223365,0.06872852233676977,0.22336769759450173,0.2027491408934708,45,64,45,59,55
43181,2101,L,402,0.017412935323383085,0.08208955223880597,0.18407960199004975,0.236318407960199,66,78,80,67,44
43256,2101,L,109,0.045871559633027525,0.10091743119266056,0.1926605504587156,0.1651376146788991,56,54,45,93,8
43269,2101,L,310,0.025806451612903226,0.09032258064516129,0.12258064516129032,0.2129032258064516,54,61,84,44,50
43311,2101,L,264,0.05303030303030303,0.07954545454545454,0.14015151515151514,0.21212121212121213,47,54,50,39,49
43319,2101,L,48,0.08333333333333333,0.08333333333333333,0.20833333333333334,0.14583333333333334,42,54,56,60,7
43325,2101,L,74,0.0,0.06756756756756757,0.14864864864864866,0.21621621621621623,74,66,80,81,29
43544,2101,L,352,0.045454545454545456,0.08522727272727272,0.17897727272727273,0.20170454545454544,43,53,54,77,50
43566,2101,L,32,0.03125,0.0625,0.03125,0.28125,43,55,74,32,55
43658,2101,L,252,0.011904761904761904,0.06349206349206349,0.1349206349206349,0.21825396825396826,58,46,64,47,56
43810,2101,L,89,0.02247191011235955,0.056179775280898875,0.1348314606741573,0.20224719101123595,63,39,28,60,10
44071,2101,L,169,0.01775147928994083,0.08284023668639054,0.10059171597633136,0.21893491124260356,61,51,76,31,35
44204,2101,L,202,0.054455445544554455,0.0891089108910891,0.15346534653465346,0.25742574257425743,40,44,45,55,60
44330,2101,L,80,0.0125,0.05,0.1875,0.175,83,51,74,36,33
44429,2101,L,84,0.03571428571428571,0.07142857142857142,0.15476190476190477,0.2261904761904762,50,54,75,75,39
44550,2101,L,94,0.05319148936170213,0.05319148936170213,0.19148936170212766,0.24468085106382978,68,58,50,50,21
44767,2101,L,65,0.015384615384615385,0.015384615384615385,0.24615384615384617,0.18461538461538463,65,59,74,65,54
44772,2101,L,34,0.029411764705882353,0.058823529411764705,0.08823529411764706,0.38235294117647056,43,48,45,51,30
44789,2101,L,107,0.028037383177570093,0.056074766355140186,0.22429906542056074,0.22429906542056074,48,62,57,77,64
44812,2101,L,247,0.02834008097165992,0.044534412955465584,0.15789473684210525,0.19838056680161945,69,53,52,60,60
44826,2101,L,32,0.03125,0.0,0.125,0.25,43,43,45,50,47
44913,2101,L,306,0.016339869281045753,0.0718954248366013,0.1503267973856209,0.22875816993464052,89,53,52,44,42
44932,2101,L,342,0.03508771929824561,0.08771929824561403,0.17251461988304093,0.2046783625730994,46,56,53,39,56
44998,2101,L,168,0.023809523809523808,0.07738095238095238,0.09523809523809523,0.20833333333333334,73,41,65,24,29
45107,2101,L,145,0.041379310344827586,0.05517241379310345,0.15862068965517243,0.20689655172413793,44,65,50,61,54
45113,2101,L,180,0.005555555555555556,0.044444444444444446,0.2388888888888889,0.25,83,76,90,83,63
45151,2101,L,127,0.015748031496062992,0.11023622047244094,0.2677165354330709,0.13385826771653545,21,59,64,106,18
45202,2101,L,326,0.03067484662576687,0.10429447852760736,0.17484662576687116,0.18404907975460122,34,52,41,50,58
45204,2101,L,366,0.0273224043715847,0.06284153005464481,0.1994535519125683,0.23224043715846995,50,60,58,53,54
45234,2101,L,286,0.013986013986013986,0.09090909090909091,0.1993006993006993,0.2202797202797203,45,47,39,57,39
45235,2101,L,373,0.032171581769437,0.06166219839142091,0.1742627345844504,0.2225201072386059,57,52,47,41,56
45238,2101,L,164,0.03048780487804878,0.036585365853658534,0.2926829268292683,0.1951219512195122,63,55,79,93,57
45712,2101,L,73,0.0547945205479452,0.0547945205479452,0.2465753424657534,0.1780821917808219,39,45,38,77,12
45765,2101,L,186,0.021505376344086023,0.08602150537634409,0.1935483870967742,0.21505376344086022,58,53,51,62,69
45826,2101,L,118,0.025423728813559324,0.059322033898305086,0.19491525423728814,0.19491525423728814,71,53,57,57,63
45909,2101,L,169,0.03550295857988166,0.08284023668639054,0.17159763313609466,0.16568047337278108,60,48,49,65,31
45992,2101,L,89,0.056179775280898875,0.07865168539325842,0.14606741573033707,0.16853932584269662,49,54,59,31,35
46061,2101,L,30,0.03333333333333333,0.1,0.26666666666666666,0.13333333333333333,48,60,58,60,36
46094,2101,L,214,0.02336448598130841,0.07476635514018691,0.10747663551401869,0.2757009345794392,52,57,58,39,57
46096,2101,L,37,0.02702702702702703,0.02702702702702703,0.13513513513513514,0.32432432432432434,52,61,67,54,46
46232,2101,L,279,0.025089605734767026,0.0931899641577061,0.16845878136200718,0.2114695340501792,42,60,65,46,56
46260,2101,L,333,0.036036036036036036,0.07507507507507508,0.15015015015015015,0.2042042042042042,65,70,47,56,49
46324,2101,L,388,0.02577319587628866,0.06443298969072164,0.20876288659793815,0.19329896907216496,61,71,67,63,60
46392,2101,L,56,0.017857142857142856,0.16071428571428573,0.14285714285714285,0.23214285714285715,42,65,44,58,39
46397,2101,L,244,0.04918032786885246,0.0942622950819672,0.13934426229508196,0.21311475409836064,60,51,46,59,38
46449,2101,L,127,0.015748031496062992,0.03937007874015748,0.1968503937007874,0.28346456692913385,50,52,52,47,40
46818,2101,L,189,0.026455026455026454,0.09523809523809523,0.20105820105820105,0.20105820105820105,29,59,49,68,57
46928,2101,L,357,0.036414565826330535,0.09523809523809523,0.17647058823529413,0.20168067226890757,33,75,71,63,73
46941,2101,L,302,0.04966887417218543,0.08278145695364239,0.1423841059602649,0.25165562913907286,68,61,50,47,60
46997,2101,L,323,0.02476780185758514,0.0804953560371517,0.17956656346749225,0.17956656346749225,37,75,57,86,67
47026,2101,L,92,0.07608695652173914,0.03260869565217391,0.15217391304347827,0.16304347826086957,53,54,55,59,62
47305,2101,L,81,0.024691358024691357,0.13580246913580246,0.2345679012345679,0.19753086419753085,57,46,42,65,8
47684,2101,L,56,0.08928571428571429,0.08928571428571429,0.125,0.26785714285714285,47,52,71,53,12
47781,2101,L,312,0.038461538461538464,0.07371794871794872,0.1891025641025641,0.2467948717948718,72,56,41,57,61
48184,2101,L,394,0.03553299492385787,0.08883248730964467,0.1649746192893401,0.19035532994923857,60,64,71,70,56
48255,2101,L,188,0.026595744680851064,0.09042553191489362,0.20212765957446807,0.16489361702127658,31,50,44,50,25
48259,2101,L,160,0.03125,0.05,0.2375,0.15625,52,57,52,65,60
48589,2101,L,136,0.04411764705882353,0.13970588235294118,0.17647058823529413,0.18382352941176472,36,53,57,39,49
48912,2101,L,115,0.0,0.034782608695652174,0.23478260869565218,0.2,39,58,66,64,55
49518,2101,L,121,0.05785123966942149,0.0743801652892562,0.2231404958677686,0.2231404958677686,50,53,56,78,13
49549,2101,L,153,0.0392156862745098,0.06535947712418301,0.1503267973856209,0.21568627450980393,61,58,89,55,64
50176,2101,L,198,0.030303030303030304,0.010101010101010102,0.15656565656565657,0.2727272727272727,72,72,36,36,54
51206,2101,L,331,0.030211480362537766,0.0634441087613293,0.14803625377643503,0.26586102719033233,65,53,65,36,40
55233,2101,L,219,0.0593607305936073,0.0502283105022831,0.1461187214611872,0.1872146118721461,80,63,78,41,28
55591,2101,L,318,0.031446540880503145,0.09119496855345911,0.14150943396226415,0.2672955974842767,47,70,53,56,58
55921,2101,L,154,0.01948051948051948,0.09090909090909091,0.11688311688311688,0.2792207792207792,45,51,71,60,44
60398,2101,L,118,0.01694915254237288,0.05084745762711865,0.16101694915254236,0.2033898305084746,83,67,66,52,12
60601,2101,L,290,0.034482758620689655,0.10344827586206896,0.1724137931034483,0.19655172413793104,36,61,49,63,50
61293,2101,L,414,0.03864734299516908,0.050724637681159424,0.12077294685990338,0.2463768115942029,89,57,57,34,58
62510,2101,L,232,0.02586206896551724,0.06896551724137931,0.2413793103448276,0.16810344827586207,42,79,62,81,59
64848,2101,L,278,0.039568345323741004,0.08273381294964029,0.14388489208633093,0.2841726618705036,49,65,54,37,33
65856,2101,L,295,0.04067796610169491,0.07457627118644068,0.16610169491525423,0.21694915254237288,70,50,50,42,56
66044,2101,L,69,0.0,0.057971014492753624,0.21739130434782608,0.2608695652173913,50,60,62,71,8
70719,2101,L,127,0.03937007874015748,0.047244094488188976,0.18110236220472442,0.16535433070866143,62,57,72,46,16
70749,2101,L,330,0.021212121212121213,0.05757575757575758,0.10909090909090909,0.22727272727272727,86,53,84,29,31
70793,2101,L,240,0.016666666666666666,0.1,0.20833333333333334,0.24166666666666667,49,52,68,49,32
70808,2101,L,334,0.038922155688622756,0.059880239520958084,0.17664670658682635,0.218562874251497,52,54,70,43,73
70813,2101,L,51,0.0392156862745098,0.0784313725490196,0.19607843137254902,0.09803921568627451,29,57,59,107,22
71026,2101,L,171,0.029239766081871343,0.18128654970760233,0.14619883040935672,0.23391812865497075,31,51,36,39,54
71215,2101,L,312,0.03205128205128205,0.04807692307692308,0.1955128205128205,0.20833333333333334,56,48,50,66,47
71544,2101,L,105,0.0380952380952381,0.13333333333333333,0.19047619047619047,0.19047619047619047,22,56,26,70,16
71561,2101,L,58,0.0,0.017241379310344827,0.3275862068965517,0.20689655172413793,48,60,84,102,5
71593,2101,L,102,0.058823529411764705,0.0784313725490196,0.10784313725490197,0.28431372549019607,53,58,48,44,81
71782,2101,L,32,0.0,0.0625,0.1875,0.21875,68,39,50,83,29
72059,2101,L,299,0.043478260869565216,0.10702341137123746,0.1806020066889632,0.1806020066889632,43,66,48,77,57
72139,2101,L,111,0.009009009009009009,0.07207207207207207,0.24324324324324326,0.1981981981981982,51,58,48,71,8
72187,2101,L,33,0.030303030303030304,0.030303030303030304,0.21212121212121213,0.06060606060606061,52,45,70,37,66
72458,2101,L,74,0.06756756756756757,0.05405405405405406,0.17567567567567569,0.21621621621621623,41,57,43,92,11
72549,2101,L,47,0.06382978723404255,0.1276595744680851,0.1276595744680851,0.14893617021276595,45,52,62,32,18
72555,2101,L,180,0.09444444444444444,0.14444444444444443,0.15,0.18333333333333332,42,42,35,42,65
72570,2101,L,96,0.020833333333333332,0.10416666666666667,0.10416666666666667,0.20833333333333334,52,50,45,34,41
72574,2101,L,75,0.013333333333333334,0.05333333333333334,0.14666666666666667,0.24,39,61,41,50,12
72603,2101,L,49,0.0,0.061224489795918366,0.1836734693877551,0.1836734693877551,49,62,54,78,21
72610,2101,L,108,0.05555555555555555,0.1388888888888889,0.16666666666666666,0.12037037037037036,29,48,30,39,9
72679,2101,L,40,0.0,0.1,0.275,0.125,55,64,63,87,30
72701,2101,L,386,0.02849740932642487,0.08549222797927461,0.14248704663212436,0.28756476683937826,44,39,48,20,54
72708,2101,L,409,0.03667481662591687,0.06356968215158924,0.18337408312958436,0.20048899755501223,56,47,60,53,72
72803,2101,L,114,0.043859649122807015,0.11403508771929824,0.20175438596491227,0.20175438596491227,18,45,40,49,65
72828,2101,L,146,0.0410958904109589,0.06164383561643835,0.1232876712328767,0.22602739726027396,56,53,42,39,62
73132,2101,L,106,0.018867924528301886,0.14150943396226415,0.18867924528301888,0.22641509433962265,43,47,66,74,81
73345,2101,L,138,0.028985507246376812,0.15942028985507245,0.15942028985507245,0.16666666666666666,28,53,54,73,47
73452,2101,L,79,0.0,0.0759493670886076,0.189873417721519,0.189873417721519,53,52,75,50,60
73851,2101,L,165,0.030303030303030304,0.10909090909090909,0.15757575757575756,0.19393939393939394,34,51,43,72,29
73863,2101,L,30,0.0,0.03333333333333333,0.13333333333333333,0.23333333333333334,69,60,95,53,34
73873,2101,L,399,0.02756892230576441,0.08020050125313283,0.14285714285714285,0.23558897243107768,53,50,64,32,53
73945,2101,L,463,0.028077753779697623,0.05399568034557235,0.19222462203023757,0.22462203023758098,86,65,95,72,90
73958,2101,L,364,0.03296703296703297,0.08516483516483517,0.17307692307692307,0.2032967032967033,52,56,66,39,63
74104,2101,L,103,0.009708737864077669,0.06796116504854369,0.21359223300970873,0.1650485436893204,58,62,60,76,17
74120,2101,L,284,0.04929577464788732,0.07746478873239436,0.14084507042253522,0.20774647887323944,53,49,47,43,58
74139,2101,L,241,0.008298755186721992,0.08713692946058091,0.16597510373443983,0.1908713692946058,53,38,52,42,52
74187,2101,L,164,0.042682926829268296,0.06707317073170732,0.11585365853658537,0.24390243902439024,61,52,61,67,58
74295,2101,L,84,0.023809523809523808,0.09523809523809523,0.19047619047619047,0.2261904761904762,18,60,51,96,13
74384,2101,L,49,0.02040816326530612,0.08163265306122448,0.16326530612244897,0.2857142857142857,39,54,42,68,20
74405,2101,L,272,0.029411764705882353,0.125,0.13970588235294118,0.23161764705882354,34,62,63,67,32
74455,2101,L,144,0.006944444444444444,0.05555555555555555,0.1597222222222222,0.22916666666666666,54,36,74,36,58
74555,2101,L,162,0.037037037037037035,0.06172839506172839,0.15432098765432098,0.25925925925925924,40,57,72,69,23
74611,2101,L,114,0.06140350877192982,0.14035087719298245,0.16666666666666666,0.12280701754385964,36,55,45,71,5
75375,2101,L,398,0.032663316582914576,0.05025125628140704,0.19597989949748743,0.1708542713567839,68,56,56,59,59
76089,2101,L,35,0.0,0.05714285714285714,0.2571428571428571,0.2571428571428571,39,53,49,55,18
76191,2101,L,58,0.034482758620689655,0.05172413793103448,0.25862068965517243,0.15517241379310345,37,59,65,82,8
77250,2101,L,120,0.025,0.13333333333333333,0.21666666666666667,0.2,43,54,63,104,21
77485,2101,L,52,0.057692307692307696,0.057692307692307696,0.17307692307692307,0.1346153846153846,61,48,46,75,16
78271,2101,L,69,0.028985507246376812,0.028985507246376812,0.2318840579710145,0.17391304347826086,42,39,58,69,24
78744,2101,L,297,0.02356902356902357,0.10437710437710437,0.14814814814814814,0.21548821548821548,45,57,72,41,81
79791,2101,L,70,0.014285714285714285,0.14285714285714285,0.2571428571428571,0.15714285714285714,41,61,56,109,21
84762,2101,L,185,0.005405405405405406,0.021621621621621623,0.1945945945945946,0.21621621621621623,105,63,116,31,82
84,2102,R,433,0.020785219399538105,0.06697459584295612,0.18475750577367206,0.21709006928406466,51,78,76,63,51
549,2102,R,197,0.030456852791878174,0.09137055837563451,0.233502538071066,0.18274111675126903,39,54,44,101,15
699,2102,R,242,0.0371900826446281,0.0743801652892562,0.38016528925619836,0.1487603305785124,69,60,37,115,26
743,2102,R,152,0.09868421052631579,0.07236842105263158,0.21052631578947367,0.21710526315789475,58,58,39,102,11
1205,2102,R,66,0.0,0.07575757575757576,0.21212121212121213,0.16666666666666666,49,62,61,73,58
1258,2102,R,427,0.02107728337236534,0.08196721311475409,0.2224824355971897,0.2107728337236534,57,70,89,84,82
1330,2102,R,192,0.07291666666666667,0.09895833333333333,0.11979166666666667,0.19791666666666666,42,57,35,52,56
1444,2102,R,111,0.018018018018018018,0.17117117117117117,0.17117117117117117,0.18018018018018017,32,50,40,94,24
1472,2102,R,374,0.016042780748663103,0.06417112299465241,0.16310160427807488,0.2540106951871658,68,60,69,50,61
1479,2102,R,167,0.023952095808383235,0.05389221556886228,0.12574850299401197,0.2215568862275449,79,61,85,22,29
1528,2102,R,447,0.05145413870246085,0.14541387024608501,0.14317673378076062,0.19239373601789708,32,55,32,46,77
1681,2102,R,213,0.018779342723004695,0.11737089201877934,0.15023474178403756,0.22535211267605634,45,31,67,50,55
2113,2102,R,152,0.02631578947368421,0.05921052631578947,0.2631578947368421,0.2236842105263158,79,57,64,81,14
19365,2102,R,314,0.03503184713375796,0.09554140127388536,0.17834394904458598,0.19745222929936307,47,55,51,54,71
19581,2102,R,262,0.015267175572519083,0.08396946564885496,0.16412213740458015,0.24045801526717558,46,58,48,65,64
19899,2102,R,114,0.043859649122807015,0.14035087719298245,0.10526315789473684,0.18421052631578946,35,51,36,38,74
20022,2102,R,35,0.02857142857142857,0.2857142857142857,0.11428571428571428,0.2,32,48,37,59,58
20076,2102,R,179,0.0335195530726257,0.12290502793296089,0.2011173184357542,0.20670391061452514,38,50,49,92,13
20383,2102,R,215,0.027906976744186046,0.07441860465116279,0.16744186046511628,0.20465116279069767,47,52,40,58,95
20402,2102,R,143,0.02097902097902098,0.11188811188811189,0.18181818181818182,0.14685314685314685,38,62,62,79,8
20829,2102,R,81,0.012345679012345678,0.09876543209876543,0.16049382716049382,0.16049382716049382,51,58,48,57,25
21174,2102,R,391,0.020460358056265986,0.0741687979539642,0.16112531969309463,0.21483375959079284,64,45,57,37,81
21656,2102,R,282,0.02127659574468085,0.09219858156028368,0.20921985815602837,0.2553191489361702,34,56,48,55,69
22319,2102,R,131,0.007633587786259542,0.05343511450381679,0.17557251908396945,0.19083969465648856,71,45,57,61,55
23003,2102,R,160,0.0125,0.09375,0.2375,0.2375,36,55,50,88,12
23652,2102,R,358,0.01675977653631285,0.10893854748603352,0.1424581005586592,0.23184357541899442,52,54,50,42,61
24110,2102,R,374,0.0374331550802139,0.058823529411764705,0.20320855614973263,0.23529411764705882,50,61,47,80,50
24129,2102,R,71,0.028169014084507043,0.07042253521126761,0.07042253521126761,0.18309859154929578,37,50,37,75,23
24224,2102,R,400,0.0175,0.09,0.1625,0.245,47,57,101,37,62
24273,2102,R,441,0.049886621315192746,0.07256235827664399,0.17913832199546487,0.2108843537414966,54,55,59,43,94
24360,2102,R,334,0.023952095808383235,0.07784431137724551,0.1347305389221557,0.20958083832335328,54,50,72,53,36
24506,2102,R,297,0.020202020202020204,0.08417508417508418,0.1447811447811448,0.19528619528619529,48,66,82,50,54
25018,2102,R,212,0.018867924528301886,0.06132075471698113,0.1320754716981132,0.2169811320754717,51,56,85,37,15
25066,2102,R,135,0.037037037037037035,0.044444444444444446,0.15555555555555556,0.24444444444444444,39,51,42,61,18
25548,2102,R,45,0.022222222222222223,0.13333333333333333,0.08888888888888889,0.24444444444444444,42,48,42,38,22
25574,2102,R,339,0.032448377581120944,0.0855457227138643,0.17404129793510326,0.22713864306784662,36,66,47,48,59
25591,2102,R,198,0.04040404040404041,0.06565656565656566,0.19696969696969696,0.2474747474747475,62,59,83,86,58
25768,2102,R,471,0.03397027600849257,0.06794055201698514,0.12101910828025478,0.21656050955414013,46,51,71,40,31
25904,2102,R,291,0.024054982817869417,0.10996563573883161,0.1958762886597938,0.18556701030927836,37,58,70,77,63
25927,2102,R,451,0.037694013303769404,0.04878048780487805,0.1729490022172949,0.2638580931263858,79,51,59,52,55
26076,2102,R,161,0.037267080745341616,0.07453416149068323,0.11801242236024845,0.22981366459627328,59,54,47,46,18
26168,2102,R,331,0.012084592145015106,0.0634441087613293,0.14803625377643503,0.22356495468277945,60,52,54,37,65
26197,2102,R,156,0.03205128205128205,0.09615384615384616,0.20512820512820512,0.17307692307692307,54,58,68,70,16
26210,2102,R,101,0.019801980198019802,0.10891089108910891,0.19801980198019803,0.26732673267326734,46,71,45,94,6
26213,2102,R,321,0.028037383177570093,0.12461059190031153,0.1059190031152648,0.22118380062305296,37,57,61,52,70
26249,2102,R,241,0.004149377593360996,0.06224066390041494,0.16182572614107885,0.22406639004149378,47,59,53,56,62
26267,2102,R,180,0.022222222222222223,0.06666666666666667,0.25555555555555554,0.18333333333333332,47,54,64,102,13
26594,2102,R,169,0.03550295857988166,0.1242603550295858,0.17751479289940827,0.20710059171597633,39,50,39,57,48
26693,2102,R,127,0.047244094488188976,0.07086614173228346,0.12598425196850394,0.1968503937007874,54,38,54,47,39
26756,2102,R,268,0.033582089552238806,0.08208955223880597,0.15671641791044777,0.2462686567164179,50,52,36,76,19
26779,2102,R,189,0.015873015873015872,0.06878306878306878,0.164021164021164,0.291005291005291,48,35,55,59,55
26811,2102,R,228,0.0,0.03508771929824561,0.17982456140350878,0.2149122807017544,61,57,92,74,28
27038,2102,R,178,0.03932584269662921,0.0449438202247191,0.12359550561797752,0.24157303370786518,54,49,70,26,55
27337,2102,R,280,0.017857142857142856,0.1,0.175,0.2357142857142857,32,52,66,65,58
27363,2102,R,199,0.020100502512562814,0.10050251256281408,0.18592964824120603,0.1708542713567839,49,50,54,71,13
27642,2102,R,302,0.04966887417218543,0.056291390728476824,0.18211920529801323,0.2119205298013245,73,48,59,52,54
27930,2102,R,132,0.022727272727272728,0.09848484848484848,0.21212121212121213,0.2196969696969697,28,43,46,67,10
28586,2102,R,136,0.014705882352941176,0.07352941176470588,0.125,0.25,37,55,58,77,13
28966,2102,R,125,0.056,0.056,0.152,0.192,56,41,51,53,41
28985,2102,R,59,0.01694915254237288,0.1016949152542373,0.2033898305084746,0.23728813559322035,52,60,87,96,79
29480,2102,R,174,0.011494252873563218,0.05172413793103448,0.16666666666666666,0.22988505747126436,51,66,69,66,5
29533,2102,R,328,0.009146341463414634,0.07926829268292683,0.13109756097560976,0.19207317073170732,69,58,69,41,59
29618,2102,R,513,0.021442495126705652,0.07407407407407407,0.1286549707602339,0.26900584795321636,81,55,77,43,64
29667,2102,R,208,0.02403846153846154,0.0625,0.2548076923076923,0.1971153846153846,66,57,45,68,31
29829,2102,R,418,0.019138755980861243,0.10047846889952153,0.18421052631578946,0.17942583732057416,37,54,48,73,63
29840,2102,R,131,0.04580152671755725,0.10687022900763359,0.1450381679389313,0.2595419847328244,45,48,45,37,70
29894,2102,R,63,0.031746031746031744,0.06349206349206349,0.23809523809523808,0.20634920634920634,42,49,43,41,66
29958,2102,R,99,0.020202020202020204,0.13131313131313133,0.1717171717171717,0.20202020202020202,58,63,17,102,19
29980,2102,R,354,0.01694915254237288,0.07627118644067797,0.1694915254237288,0.2457627118644068,60,45,60,52,52
30121,2102,R,318,0.03773584905660377,0.08176100628930817,0.14465408805031446,0.2358490566037736,50,56,49,62,74
30142,2102,R,310,0.035483870967741936,0.07419354838709677,0.12580645161290321,0.25483870967741934,71,46,46,80,5
30148,2102,R,298,0.016778523489932886,0.09060402684563758,0.21476510067114093,0.25838926174496646,62,53,52,69,55
30208,2102,R,223,0.03139013452914798,0.12556053811659193,0.20179372197309417,0.13004484304932734,24,56,84,73,36
30286,2102,R,398,0.01507537688442211,0.09547738693467336,0.1884422110552764,0.21608040201005024,51,43,55,65,37
30297,2102,R,112,0.026785714285714284,0.09821428571428571,0.19642857142857142,0.20535714285714285,48,60,42,67,15
30309,2102,R,135,0.02962962962962963,0.1259259259259259,0.18518518518518517,0.21481481481481482,31,47,63,70,5
30590,2102,R,301,0.013289036544850499,0.08637873754152824,0.2059800664451827,0.1893687707641196,48,61,63,76,64
30631,2102,R,76,0.06578947368421052,0.05263157894736842,0.23684210526315788,0.18421052631578946,61,51,48,60,31
30676,2102,R,695,0.02446043165467626,0.053237410071942444,0.17266187050359713,0.23453237410071942,75,65,62,76,66
30820,2102,R,158,0.0379746835443038,0.08227848101265822,0.1962025316455696,0.23417721518987342,51,49,57,70,11
30907,2102,R,146,0.00684931506849315,0.06164383561643835,0.2602739726027397,0.1643835616438356,71,61,61,109,10
31094,2102,R,44,0.045454545454545456,0.11363636363636363,0.1590909090909091,0.25,42,40,42,32,69
31165,2102,R,148,0.013513513513513514,0.10810810810810811,0.23648648648648649,0.1554054054054054,39,46,48,95,4
31321,2102,R,87,0.022988505747126436,0.04597701149425287,0.3563218390804598,0.10344827586206896,58,57,81,114,12
31326,2102,R,311,0.01929260450160772,0.08038585209003216,0.17684887459807075,0.2315112540192926,48,53,78,53,29
31580,2102,R,478,0.029288702928870293,0.06485355648535565,0.17782426778242677,0.23430962343096234,49,61,35,66,55
31723,2102,R,323,0.034055727554179564,0.07120743034055728,0.1609907120743034,0.22291021671826625,63,55,50,48,67
31754,2102,R,399,0.02756892230576441,0.07268170426065163,0.18045112781954886,0.19548872180451127,57,64,44,66,87
31764,2102,R,395,0.027848101265822784,0.07088607594936709,0.17468354430379746,0.19240506329113924,55,55,54,57,41
31904,2102,R,318,0.06289308176100629,0.08176100628930817,0.1509433962264151,0.1761006289308176,77,51,33,51,61
31963,2102,R,451,0.017738359201773836,0.057649667405764965,0.188470066518847,0.1951219512195122,65,60,81,55,55
31968,2102,R,213,0.03755868544600939,0.056338028169014086,0.107981220657277,0.24413145539906103,85,46,72,32,30
32145,2102,R,357,0.014005602240896359,0.11764705882352941,0.1568627450980392,0.23529411764705882,40,53,68,54,61
32146,2102,R,102,0.029411764705882353,0.06862745098039216,0.23529411764705882,0.1568627450980392,56,64,44,78,6
32185,2102,R,140,0.014285714285714285,0.07142857142857142,0.29285714285714287,0.1357142857142857,88,63,57,96,13
32255,2102,R,324,0.024691358024691357,0.08024691358024691,0.12962962962962962,0.21296296296296297,45,49,46,49,68
32306,2102,R,405,0.022222222222222223,0.07160493827160494,0.17037037037037037,0.19012345679012346,60,58,28,57,76
32341,2102,R,412,0.02912621359223301,0.0703883495145631,0.1966019417475728,0.18446601941747573,51,64,52,46,56
32500,2102,R,364,0.013736263736263736,0.08516483516483517,0.20054945054945056,0.25274725274725274,53,60,42,61,72
32511,2102,R,502,0.021912350597609563,0.08366533864541832,0.21713147410358566,0.17928286852589642,69,55,55,60,61
32538,2102,R,320,0.0625,0.08125,0.184375,0.190625,41,59,37,89,86
32548,2102,R,73,0.0547945205479452,0.1643835616438356,0.136986301369863,0.2465753424657534,47,41,48,64,8
32714,2102,R,32,0.09375,0.09375,0.125,0.03125,40,54,44,41,58
32821,2102,R,373,0.032171581769437,0.058981233243967826,0.16085790884718498,0.2386058981233244,59,53,51,53,43
32909,2102,R,417,0.026378896882494004,0.10071942446043165,0.1606714628297362,0.21103117505995203,35,55,57,53,57
32954,2102,R,248,0.036290322580645164,0.10887096774193548,0.125,0.21370967741935484,52,54,60,72,12
33013,2102,R,297,0.020202020202020204,0.1447811447811448,0.3367003367003367,0.1414141414141414,25,70,65,117,92
33185,2102,R,134,0.022388059701492536,0.03731343283582089,0.1791044776119403,0.208955223880597,74,56,54,53,16
33256,2102,R,101,0.0,0.10891089108910891,0.10891089108910891,0.2079207920792079,54,34,49,52,59
33350,2102,R,297,0.03367003367003367,0.07407407407407407,0.13131313131313133,0.19865319865319866,51,49,45,45,49
33360,2102,R,42,0.023809523809523808,0.07142857142857142,0.23809523809523808,0.19047619047619047,55,52,48,36,54
33368,2102,R,250,0.036,0.076,0.22,0.196,51,60,31,84,9
33417,2102,R,137,0.021897810218978103,0.072992700729927,0.15328467153284672,0.24087591240875914,47,55,40,50,51
33431,2102,R,323,0.015479876160990712,0.0804953560371517,0.23529411764705882,0.18885448916408668,74,55,47,57,79
33571,2102,R,376,0.023936170212765957,0.05319148936170213,0.18882978723404256,0.2127659574468085,78,58,61,59,83
33667,2102,R,197,0.015228426395939087,0.05583756345177665,0.29949238578680204,0.15228426395939088,45,62,34,104,6
33709,2102,R,200,0.04,0.075,0.23,0.225,53,56,50,76,14
33785,2102,R,120,0.008333333333333333,0.03333333333333333,0.31666666666666665,0.19166666666666668,57,60,72,112,15
33816,2102,R,238,0.03361344537815126,0.07563025210084033,0.18487394957983194,0.19327731092436976,47,53,63,67,56
33831,2102,R,119,0.03361344537815126,0.14285714285714285,0.18487394957983194,0.15126050420168066,49,43,48,56,29
33845,2102,R,145,0.034482758620689655,0.07586206896551724,0.2,0.18620689655172415,55,53,52,53,54
33861,2102,R,80,0.05,0.0875,0.1125,0.35,31,53,52,43,67
33944,2102,R,137,0.014598540145985401,0.072992700729927,0.18248175182481752,0.1678832116788321,37,56,56,74,16
33980,2102,R,155,0.01935483870967742,0.07096774193548387,0.2129032258064516,0.17419354838709677,50,55,68,69,13
34003,2102,R,188,0.026595744680851064,0.10638297872340426,0.22340425531914893,0.15425531914893617,40,46,60,80,10
34058,2102,R,73,0.0273972602739726,0.0958904109589041,0.1643835616438356,0.1917808219178082,51,53,49,24,72
34252,2102,R,406,0.029556650246305417,0.06157635467980296,0.270935960591133,0.17733990147783252,52,67,50,90,64
34324,2102,R,306,0.032679738562091505,0.07516339869281045,0.20588235294117646,0.16339869281045752,32,63,65,96,60
34372,2102,R,137,0.043795620437956206,0.06569343065693431,0.20437956204379562,0.2116788321167883,56,53,50,58,2
34448,2102,R,430,0.01627906976744186,0.08604651162790698,0.1372093023255814,0.1883720930232558,58,50,57,31,79
34522,2102,R,262,0.015267175572519083,0.08778625954198473,0.17557251908396945,0.21374045801526717,53,50,63,58,34
34651,2102,R,419,0.02386634844868735,0.07875894988066826,0.1766109785202864,0.25059665871121717,51,63,80,47,67
34675,2102,R,248,0.020161290322580645,0.05241935483870968,0.20161290322580644,0.21370967741935484,50,62,36,50,51
34726,2102,R,616,0.03571428571428571,0.09415584415584416,0.15097402597402598,0.21266233766233766,50,57,53,51,63
35016,2102,R,198,0.025252525252525252,0.13636363636363635,0.16161616161616163,0.24242424242424243,39,56,65,47,57
35103,2102,R,35,0.02857142857142857,0.08571428571428572,0.22857142857142856,0.3142857142857143,57,57,32,62,4
35188,2102,R,177,0.022598870056497175,0.11299435028248588,0.15819209039548024,0.22033898305084745,38,53,55,64,32
35229,2102,R,54,0.0,0.037037037037037035,0.12962962962962962,0.18518518518518517,77,68,80,59,11
35269,2102,R,400,0.0325,0.0625,0.1575,0.2375,55,45,45,73,41
35531,2102,R,203,0.03940886699507389,0.054187192118226604,0.21182266009852216,0.24630541871921183,63,58,29,93,14
35552,2102,R,140,0.014285714285714285,0.04285714285714286,0.3357142857142857,0.16428571428571428,47,68,51,80,14
35653,2102,R,271,0.025830258302583026,0.055350553505535055,0.13653136531365315,0.23985239852398524,80,66,71,43,43
35910,2102,R,76,0.02631578947368421,0.05263157894736842,0.23684210526315788,0.21052631578947367,44,56,51,78,64
35922,2102,R,285,0.021052631578947368,0.08771929824561403,0.17192982456140352,0.20701754385964913,52,50,58,65,54
36426,2102,R,441,0.027210884353741496,0.07029478458049887,0.18820861678004536,0.21541950113378686,50,62,81,55,62
36523,2102,R,246,0.024390243902439025,0.09349593495934959,0.16666666666666666,0.17073170731707318,50,66,74,57,42
36544,2102,R,174,0.011494252873563218,0.08620689655172414,0.14367816091954022,0.26436781609195403,52,41,45,64,17
36558,2102,R,46,0.021739130434782608,0.17391304347826086,0.2391304347826087,0.17391304347826086,47,43,52,48,41
36610,2102,R,224,0.017857142857142856,0.08928571428571429,0.2544642857142857,0.14285714285714285,45,48,73,62,23
36697,2102,R,431,0.025522041763341066,0.09744779582366589,0.17865429234338748,0.2088167053364269,48,58,57,60,56
36709,2102,R,415,0.03132530120481928,0.06506024096385542,0.15421686746987953,0.24096385542168675,48,50,44,44,60
36727,2102,R,320,0.03125,0.084375,0.15,0.246875,47,55,58,38,29
36749,2102,R,468,0.021367521367521368,0.049145299145299144,0.2222222222222222,0.20085470085470086,78,67,47,88,61
36751,2102,R,375,0.029333333333333333,0.07466666666666667,0.22133333333333333,0.23733333333333334,55,52,40,75,39
36825,2102,R,295,0.030508474576271188,0.0576271186440678,0.1864406779661017,0.18983050847457628,52,50,42,62,51
36846,2102,R,655,0.03206106870229008,0.06412213740458016,0.18167938931297709,0.21068702290076335,81,75,72,61,31
36870,2102,R,175,0.05714285714285714,0.07428571428571429,0.21142857142857144,0.17714285714285713,60,60,31,81,34
36943,2102,R,98,0.04081632653061224,0.08163265306122448,0.25510204081632654,0.19387755102040816,36,58,47,100,12
36980,2102,R,36,0.0,0.027777777777777776,0.2777777777777778,0.3055555555555556,51,53,45,39,56
37007,2102,R,401,0.02493765586034913,0.059850374064837904,0.19451371571072318,0.22942643391521197,73,65,62,60,39
37032,2102,R,182,0.02197802197802198,0.06043956043956044,0.18681318681318682,0.2087912087912088,43,58,40,63,11
37078,2102,R,133,0.045112781954887216,0.09022556390977443,0.18045112781954886,0.24060150375939848,59,63,51,41,27
37080,2102,R,456,0.015350877192982455,0.09649122807017543,0.16447368421052633,0.19078947368421054,49,57,69,36,60
37102,2102,R,70,0.014285714285714285,0.05714285714285714,0.2857142857142857,0.2,50,56,28,87,18
37193,2102,R,297,0.026936026936026935,0.09427609427609428,0.24579124579124578,0.18181818181818182,45,53,59,71,31
37282,2102,R,476,0.025210084033613446,0.08403361344537816,0.18277310924369747,0.16596638655462184,69,68,56,50,47
37349,2102,R,148,0.02027027027027027,0.07432432432432433,0.2702702702702703,0.22297297297297297,47,58,67,81,21
37365,2102,R,89,0.033707865168539325,0.06741573033707865,0.12359550561797752,0.2696629213483146,48,62,61,57,21
37472,2102,R,364,0.03021978021978022,0.04945054945054945,0.13186813186813187,0.26373626373626374,72,53,38,52,63
37609,2102,R,457,0.028446389496717725,0.0437636761487965,0.25164113785557984,0.21663019693654267,76,85,97,93,80
37620,2102,R,351,0.017094017094017096,0.06267806267806268,0.18518518518518517,0.20512820512820512,73,77,82,58,62
37728,2102,R,332,0.024096385542168676,0.09036144578313253,0.1897590361445783,0.20481927710843373,46,64,58,46,75
37785,2102,R,174,0.034482758620689655,0.08620689655172414,0.14942528735632185,0.1896551724137931,54,46,65,48,18
37967,2102,R,326,0.009202453987730062,0.049079754601226995,0.147239263803681,0.2116564417177914,86,61,56,34,63
38104,2102,R,500,0.026,0.078,0.138,0.204,47,49,63,47,62
38147,2102,R,56,0.017857142857142856,0.07142857142857142,0.125,0.14285714285714285,48,47,50,73,23
38161,2102,R,492,0.036585365853658534,0.07113821138211382,0.11991869918699187,0.23780487804878048,48,50,59,33,41
38269,2102,R,439,0.02733485193621868,0.0683371298405467,0.14350797266514806,0.22779043280182232,51,56,77,47,57
38342,2102,R,159,0.025157232704402517,0.08176100628930817,0.27672955974842767,0.20754716981132076,73,52,46,102,17
38348,2102,R,134,0.029850746268656716,0.08955223880597014,0.1417910447761194,0.2835820895522388,32,54,59,80,9
38359,2102,R,98,0.02040816326530612,0.12244897959183673,0.19387755102040816,0.17346938775510204,49,56,58,50,6
38363,2102,R,382,0.034031413612565446,0.07591623036649214,0.17277486910994763,0.193717277486911,69,44,34,59,56
38377,2102,R,184,0.016304347826086956,0.059782608695652176,0.2391304347826087,0.13043478260869565,78,86,94,78,13
38483,2102,R,418,0.019138755980861243,0.07416267942583732,0.14832535885167464,0.22488038277511962,49,54,61,42,57
38512,2102,R,208,0.019230769230769232,0.04326923076923077,0.19230769230769232,0.23557692307692307,62,62,69,74,58
38576,2102,R,271,0.06273062730627306,0.04797047970479705,0.16236162361623616,0.1918819188191882,65,37,34,55,39
38611,2102,R,198,0.04040404040404041,0.06565656565656566,0.2676767676767677,0.1717171717171717,55,52,42,89,20
38674,2102,R,256,0.0390625,0.06640625,0.11328125,0.23828125,69,36,48,37,54
38763,2102,R,267,0.03745318352059925,0.04868913857677903,0.19850187265917604,0.19850187265917604,69,56,42,65,28
38795,2102,R,707,0.021216407355021217,0.08203677510608204,0.1485148514851485,0.24186704384724186,55,58,62,69,76
38807,2102,R,302,0.026490066225165563,0.059602649006622516,0.19536423841059603,0.2251655629139073,54,51,54,43,59
38836,2102,R,325,0.03076923076923077,0.046153846153846156,0.16923076923076924,0.24,48,60,53,59,18
38846,2102,R,92,0.05434782608695652,0.043478260869565216,0.17391304347826086,0.1956521739130435,50,66,45,56,25
38852,2102,R,633,0.022116903633491312,0.06477093206951026,0.15955766192733017,0.22906793048973143,68,58,61,51,55
38866,2102,R,330,0.021212121212121213,0.07575757575757576,0.18787878787878787,0.24545454545454545,49,36,59,43,33
38898,2102,R,410,0.024390243902439025,0.05365853658536585,0.2097560975609756,0.23170731707317074,47,66,74,74,56
38901,2102,R,300,0.04,0.07666666666666666,0.21666666666666667,0.19666666666666666,47,62,35,57,51
38934,2102,R,114,0.043859649122807015,0.12280701754385964,0.19298245614035087,0.13157894736842105,49,50,50,35,55
38955,2102,R,369,0.024390243902439025,0.06233062330623306,0.18699186991869918,0.23577235772357724,50,63,74,66,55
38968,2102,R,50,0.02,0.08,0.32,0.14,64,56,27,45,63
38987,2102,R,407,0.02702702702702703,0.085995085995086,0.17444717444717445,0.2334152334152334,44,45,57,57,56
38988,2102,R,398,0.032663316582914576,0.09045226130653267,0.20100502512562815,0.19095477386934673,50,56,64,70,61
39003,2102,R,251,0.027888446215139442,0.08764940239043825,0.20318725099601595,0.19123505976095617,55,49,49,76,31
39019,2102,R,66,0.015151515151515152,0.07575757575757576,0.18181818181818182,0.22727272727272727,33,52,71,51,11
39043,2102,R,321,0.037383177570093455,0.0778816199376947,0.26791277258566976,0.16510903426791276,51,69,65,101,35
39049,2102,R,57,0.03508771929824561,0.08771929824561403,0.17543859649122806,0.19298245614035087,58,61,39,91,14
39069,2102,R,63,0.047619047619047616,0.19047619047619047,0.15873015873015872,0.2222222222222222,36,50,47,41,44
39106,2102,R,127,0.03937007874015748,0.07874015748031496,0.2283464566929134,0.1968503937007874,38,53,73,66,55
39199,2102,R,200,0.01,0.065,0.21,0.225,50,58,70,59,37
39238,2102,R,362,0.03038674033149171,0.0856353591160221,0.18232044198895028,0.2154696132596685,48,57,54,46,27
39261,2102,R,305,0.04918032786885246,0.06229508196721312,0.15737704918032788,0.20655737704918034,66,51,42,67,22
39300,2102,R,674,0.02225519287833828,0.10089020771513353,0.1172106824925816,0.23293768545994065,44,79,71,36,42
39327,2102,R,365,0.01643835616438356,0.09041095890410959,0.16986301369863013,0.2356164383561644,41,52,66,44,57
39399,2102,R,166,0.018072289156626505,0.09036144578313253,0.1746987951807229,0.21084337349397592,38,57,86,43,17
39424,2102,R,134,0.014925373134328358,0.13432835820895522,0.16417910447761194,0.208955223880597,21,56,66,64,57
39519,2102,R,30,0.0,0.0,0.23333333333333334,0.23333333333333334,45,57,62,42,21
39641,2102,R,255,0.0196078431372549,0.09411764705882353,0.10196078431372549,0.23529411764705882,50,52,68,18,55
39745,2102,R,435,0.013793103448275862,0.07816091954022988,0.19080459770114944,0.22298850574712645,51,56,67,46,50
39769,2102,R,316,0.02531645569620253,0.08544303797468354,0.14240506329113925,0.2088607594936709,33,73,84,51,59
39822,2102,R,278,0.0683453237410072,0.10071942446043165,0.19784172661870503,0.15827338129496402,54,58,27,102,13
39950,2102,R,644,0.026397515527950312,0.07919254658385093,0.11801242236024845,0.2701863354037267,48,58,50,45,54
40097,2102,R,159,0.031446540880503145,0.06289308176100629,0.15723270440251572,0.22641509433962265,48,58,47,68,14
40156,2102,R,121,0.008264462809917356,0.09917355371900827,0.2231404958677686,0.19008264462809918,39,62,56,74,24
40434,2102,R,221,0.03619909502262444,0.06334841628959276,0.2171945701357466,0.2081447963800905,72,61,53,65,10
40519,2102,R,113,0.035398230088495575,0.04424778761061947,0.13274336283185842,0.2831858407079646,63,51,44,41,73
40533,2102,R,497,0.03219315895372234,0.07847082494969819,0.19517102615694165,0.22736418511066397,70,53,40,63,38
40592,2102,R,251,0.027888446215139442,0.09163346613545817,0.10358565737051793,0.2350597609561753,58,48,47,41,56
40606,2102,R,130,0.023076923076923078,0.06923076923076923,0.2153846153846154,0.2153846153846154,67,54,64,61,5
40617,2102,R,194,0.020618556701030927,0.07731958762886598,0.23195876288659795,0.18041237113402062,36,48,51,59,30
40636,2102,R,105,0.01904761904761905,0.0761904761904762,0.10476190476190476,0.21904761904761905,48,38,48,35,34
40711,2102,R,154,0.025974025974025976,0.09090909090909091,0.14935064935064934,0.2077922077922078,51,55,59,40,27
40838,2102,R,63,0.06349206349206349,0.1746031746031746,0.09523809523809523,0.20634920634920634,37,45,40,37,63
41194,2102,R,302,0.029801324503311258,0.08278145695364239,0.16556291390728478,0.25496688741721857,55,45,49,41,32
41203,2102,R,289,0.020761245674740483,0.08650519031141868,0.21453287197231835,0.1972318339100346,49,58,47,53,29
41231,2102,R,442,0.02262443438914027,0.09502262443438914,0.16063348416289594,0.19457013574660634,41,62,72,58,53
41297,2102,R,224,0.03125,0.12053571428571429,0.22321428571428573,0.16964285714285715,56,60,33,93,24
41324,2102,R,118,0.00847457627118644,0.11016949152542373,0.2457627118644068,0.13559322033898305,45,62,73,99,11
41332,2102,R,206,0.014563106796116505,0.08737864077669903,0.3155339805825243,0.16990291262135923,46,65,40,104,12
41396,2102,R,287,0.0313588850174216,0.08710801393728224,0.1602787456445993,0.20905923344947736,36,51,45,41,56
41474,2102,R,179,0.0223463687150838,0.07262569832402235,0.12849162011173185,0.26256983240223464,45,57,71,42,12
41546,2102,R,62,0.06451612903225806,0.11290322580645161,0.08064516129032258,0.1774193548387097,50,47,26,45,77
41548,2102,R,304,0.03289473684210526,0.09868421052631579,0.1611842105263158,0.1611842105263158,36,58,46,68,66
41559,2102,R,38,0.05263157894736842,0.05263157894736842,0.15789473684210525,0.2894736842105263,42,52,57,86,12
41578,2102,R,209,0.023923444976076555,0.11961722488038277,0.1722488038277512,0.19617224880382775,36,55,72,58,8
41627,2102,R,89,0.06741573033707865,0.10112359550561797,0.06741573033707865,0.29213483146067415,32,54,52,39,15
41697,2102,R,349,0.022922636103151862,0.0830945558739255,0.10028653295128939,0.24068767908309455,67,52,61,38,68
41717,2102,R,164,0.012195121951219513,0.07926829268292683,0.24390243902439024,0.18902439024390244,51,57,39,73,9
41722,2102,R,217,0.03686635944700461,0.07373271889400922,0.17972350230414746,0.18433179723502305,43,45,35,43,51
41771,2102,R,206,0.024271844660194174,0.09223300970873786,0.1796116504854369,0.21844660194174756,49,57,57,48,13
41895,2102,R,59,0.0,0.0847457627118644,0.2711864406779661,0.23728813559322035,47,58,42,86,12
41966,2102,R,311,0.03858520900321544,0.09003215434083602,0.15434083601286175,0.21221864951768488,50,52,48,37,55
41995,2102,R,160,0.0375,0.04375,0.1625,0.25625,58,58,50,34,45
42124,2102,R,233,0.030042918454935622,0.04291845493562232,0.19742489270386265,0.20600858369098712,94,63,88,65,29
42158,2102,R,189,0.021164021164021163,0.08465608465608465,0.18518518518518517,0.15873015873015872,48,48,55,80,15
42160,2102,R,116,0.017241379310344827,0.13793103448275862,0.13793103448275862,0.15517241379310345,20,67,82,52,62
42177,2102,R,250,0.016,0.08,0.132,0.252,41,51,50,61,62
42206,2102,R,717,0.023709902370990237,0.07112970711297072,0.18131101813110181,0.19804741980474197,68,67,78,68,60
42233,2102,R,80,0.05,0.1125,0.175,0.1625,57,58,45,70,1
42293,2102,R,242,0.049586776859504134,0.10743801652892562,0.19008264462809918,0.19421487603305784,33,53,43,97,9
42311,2102,R,262,0.015267175572519083,0.07251908396946564,0.21374045801526717,0.2480916030534351,45,63,49,53,54
42318,2102,R,68,0.04411764705882353,0.11764705882352941,0.08823529411764706,0.22058823529411764,64,53,41,56,14
42322,2102,R,207,0.01932367149758454,0.07246376811594203,0.25120772946859904,0.1642512077294686,64,62,45,76,19
42326,2102,R,146,0.0273972602739726,0.0273972602739726,0.2808219178082192,0.13013698630136986,62,60,73,98,9
42423,2102,R,614,0.02768729641693811,0.06188925081433225,0.1791530944625407,0.2247557003257329,70,52,42,69,40
42470,2102,R,473,0.02959830866807611,0.07188160676532769,0.19027484143763213,0.2029598308668076,51,56,56,48,56
42519,2102,R,386,0.025906735751295335,0.08290155440414508,0.18134715025906736,0.23056994818652848,43,57,60,64,87
42575,2102,R,274,0.032846715328467155,0.06569343065693431,0.13503649635036497,0.23357664233576642,64,55,52,42,71
42599,2102,R,91,0.02197802197802198,0.04395604395604396,0.16483516483516483,0.3076923076923077,38,50,63,90,15
42610,2102,R,292,0.0273972602739726,0.06506849315068493,0.18835616438356165,0.17465753424657535,47,61,44,67,33
42631,2102,R,267,0.033707865168539325,0.0749063670411985,0.21348314606741572,0.1947565543071161,45,64,42,76,68
42667,2102,R,462,0.030303030303030304,0.07575757575757576,0.16233766233766234,0.18831168831168832,50,53,57,56,37
42705,2102,R,374,0.034759358288770054,0.06684491978609626,0.15508021390374332,0.23529411764705882,44,54,45,47,61
42746,2102,R,201,0.04477611940298507,0.03482587064676617,0.22885572139303484,0.22885572139303484,91,61,56,78,8
42771,2102,R,36,0.05555555555555555,0.05555555555555555,0.19444444444444445,0.25,42,50,48,41,19
42784,2102,R,193,0.010362694300518135,0.09326424870466321,0.21243523316062177,0.21243523316062177,41,56,46,72,59
42846,2102,R,85,0.10588235294117647,0.07058823529411765,0.17647058823529413,0.25882352941176473,30,57,42,73,16
42863,2102,R,420,0.03571428571428571,0.06666666666666667,0.16428571428571428,0.20476190476190476,90,57,59,55,72
42865,2102,R,201,0.03482587064676617,0.06965174129353234,0.1791044776119403,0.23880597014925373,42,53,45,66,13
42891,2102,R,45,0.022222222222222223,0.13333333333333333,0.2222222222222222,0.2222222222222222,45,67,47,84,12
42930,2102,R,335,0.03283582089552239,0.1253731343283582,0.16119402985074627,0.1880597014925373,32,64,68,58,57
43107,2102,R,358,0.025139664804469275,0.1005586592178771,0.20670391061452514,0.20949720670391062,41,62,43,59,59
43136,2102,R,134,0.022388059701492536,0.06716417910447761,0.19402985074626866,0.14925373134328357,50,55,54,50,33
43181,2102,R,457,0.01312910284463895,0.0700218818380744,0.1925601750547046,0.19912472647702406,57,77,71,61,34
43256,2102,R,158,0.05063291139240506,0.04430379746835443,0.20253164556962025,0.21518987341772153,61,55,45,94,10
43269,2102,R,468,0.01282051282051282,0.07905982905982906,0.12606837606837606,0.24786324786324787,49,58,77,41,52
43271,2102,R,124,0.024193548387096774,0.10483870967741936,0.1935483870967742,0.1935483870967742,43,57,54,62,12
43311,2102,R,399,0.03007518796992481,0.07017543859649122,0.17794486215538846,0.2631578947368421,49,56,48,39,40
43325,2102,R,371,0.03504043126684636,0.05121293800539083,0.20485175202156333,0.19946091644204852,78,70,80,80,31
43416,2102,R,31,0.0,0.0,0.3548387096774194,0.0967741935483871,59,54,32,47,53
43451,2102,R,112,0.03571428571428571,0.08035714285714286,0.16071428571428573,0.19642857142857142,53,62,66,69,11
43544,2102,R,344,0.03197674418604651,0.09883720930232558,0.16569767441860464,0.18604651162790697,43,53,54,68,51
43568,2102,R,120,0.058333333333333334,0.041666666666666664,0.175,0.2,37,59,49,59,56
43572,2102,R,99,0.04040404040404041,0.08080808080808081,0.15151515151515152,0.2222222222222222,61,48,34,58,58
43658,2102,R,197,0.015228426395939087,0.07106598984771574,0.17766497461928935,0.18274111675126903,62,52,67,42,50
43680,2102,R,89,0.0,0.10112359550561797,0.29213483146067415,0.12359550561797752,35,63,66,106,5
43810,2102,R,132,0.015151515151515152,0.05303030303030303,0.26515151515151514,0.20454545454545456,66,54,34,102,11
43949,2102,R,161,0.06832298136645963,0.08695652173913043,0.07453416149068323,0.19875776397515527,37,56,39,37,60
44226,2102,R,70,0.014285714285714285,0.1,0.21428571428571427,0.2,67,61,66,48,40
44330,2102,R,342,0.02631578947368421,0.05263157894736842,0.1695906432748538,0.24561403508771928,73,53,64,37,31
44429,2102,R,343,0.037900874635568516,0.07871720116618076,0.15160349854227406,0.22740524781341107,38,45,43,64,40
44510,2102,R,169,0.023668639053254437,0.11242603550295859,0.16568047337278108,0.21893491124260356,44,59,61,46,55
44530,2102,R,126,0.07142857142857142,0.09523809523809523,0.16666666666666666,0.23809523809523808,38,52,46,76,55
44730,2102,R,379,0.018469656992084433,0.0633245382585752,0.15567282321899736,0.21108179419525067,61,53,73,39,51
44767,2102,R,190,0.03684210526315789,0.11578947368421053,0.15789473684210525,0.21052631578947367,47,57,61,57,55
44789,2102,R,306,0.03594771241830065,0.08496732026143791,0.16013071895424835,0.17973856209150327,40,57,43,63,69
44812,2102,R,277,0.02888086642599278,0.05776173285198556,0.24548736462093862,0.19133574007220217,69,61,66,50,64
44826,2102,R,301,0.023255813953488372,0.10963455149501661,0.15946843853820597,0.16611295681063123,43,44,47,46,35
44827,2102,R,298,0.013422818791946308,0.07718120805369127,0.17785234899328858,0.19463087248322147,62,61,72,51,54
44879,2102,R,105,0.009523809523809525,0.0761904761904762,0.1523809523809524,0.21904761904761905,63,53,58,55,32
44890,2102,R,107,0.028037383177570093,0.04672897196261682,0.2336448598130841,0.2336448598130841,78,55,43,72,22
44913,2102,R,200,0.02,0.05,0.13,0.215,84,54,50,43,41
44932,2102,R,299,0.013377926421404682,0.07357859531772576,0.12709030100334448,0.22408026755852842,47,55,55,38,56
44998,2102,R,219,0.0273972602739726,0.0684931506849315,0.136986301369863,0.2328767123287671,77,52,71,30,24
45024,2102,R,123,0.04065040650406504,0.056910569105691054,0.08943089430894309,0.25203252032520324,76,44,35,43,59
45080,2102,R,574,0.041811846689895474,0.06968641114982578,0.18641114982578397,0.19337979094076654,54,56,39,62,64
45081,2102,R,262,0.03435114503816794,0.05343511450381679,0.17557251908396945,0.22137404580152673,69,57,42,46,43
45107,2102,R,324,0.043209876543209874,0.06172839506172839,0.19753086419753085,0.24691358024691357,50,65,62,59,54
45113,2102,R,738,0.02168021680216802,0.06504065040650407,0.1991869918699187,0.2181571815718157,73,75,87,84,59
45151,2102,R,144,0.0,0.10416666666666667,0.2569444444444444,0.19444444444444445,24,60,72,104,17
45202,2102,R,317,0.025236593059936908,0.0914826498422713,0.1892744479495268,0.1892744479495268,40,68,68,79,61
45204,2102,R,406,0.019704433497536946,0.054187192118226604,0.1748768472906404,0.18719211822660098,50,62,54,56,55
45214,2102,R,48,0.0,0.10416666666666667,0.22916666666666666,0.1875,36,47,47,62,63
45234,2102,R,247,0.008097165991902834,0.08906882591093117,0.21052631578947367,0.2145748987854251,51,55,47,64,42
45235,2102,R,327,0.04281345565749235,0.0856269113149847,0.1559633027522936,0.2324159021406728,62,60,56,43,57
45238,2102,R,546,0.045787545787545784,0.06227106227106227,0.20146520146520147,0.2326007326007326,51,40,53,74,55
45765,2102,R,172,0.01744186046511628,0.11046511627906977,0.19186046511627908,0.19186046511627908,55,52,50,57,70
45826,2102,R,559,0.04114490161001789,0.06618962432915922,0.15742397137745975,0.22719141323792486,60,53,58,55,63
45909,2102,R,216,0.027777777777777776,0.05555555555555555,0.2777777777777778,0.18981481481481483,60,68,60,81,30
46061,2102,R,244,0.040983606557377046,0.06557377049180328,0.19672131147540983,0.2459016393442623,44,54,48,51,40
46080,2102,R,78,0.05128205128205128,0.07692307692307693,0.11538461538461539,0.24358974358974358,23,58,65,57,56
46094,2102,R,221,0.01809954751131222,0.07239819004524888,0.19909502262443438,0.2081447963800905,51,54,50,37,50
46096,2102,R,306,0.029411764705882353,0.08496732026143791,0.16666666666666666,0.20588235294117646,39,60,53,58,50
46229,2102,R,340,0.041176470588235294,0.08529411764705883,0.10882352941176471,0.25588235294117645,57,55,49,44,36
46232,2102,R,417,0.014388489208633094,0.0815347721822542,0.1750599520383693,0.21103117505995203,45,61,69,44,50
46234,2102,R,41,0.0,0.04878048780487805,0.17073170731707318,0.2682926829268293,35,64,49,36,58
46260,2102,R,411,0.0364963503649635,0.051094890510948905,0.1678832116788321,0.19464720194647203,69,70,55,73,54
46324,2102,R,534,0.020599250936329586,0.052434456928838954,0.20411985018726592,0.21348314606741572,74,75,80,60,58
46391,2102,R,280,0.04285714285714286,0.060714285714285714,0.14285714285714285,0.2642857142857143,59,55,47,53,60
46392,2102,R,255,0.00392156862745098,0.13333333333333333,0.1411764705882353,0.16470588235294117,47,69,49,50,42
46397,2102,R,271,0.014760147601476014,0.07011070110701106,0.1881918819188192,0.22140221402214022,60,62,60,77,30
46449,2102,R,368,0.019021739130434784,0.08967391304347826,0.12771739130434784,0.2391304347826087,50,61,63,52,40
46468,2102,R,428,0.02570093457943925,0.04906542056074766,0.16121495327102803,0.24532710280373832,80,56,37,40,57
46534,2102,R,114,0.02631578947368421,0.09649122807017543,0.21052631578947367,0.14035087719298245,52,70,48,71,63
46587,2102,R,46,0.021739130434782608,0.15217391304347827,0.13043478260869565,0.21739130434782608,33,53,51,61,19
46819,2102,R,61,0.0,0.13114754098360656,0.18032786885245902,0.18032786885245902,51,48,62,45,52
46928,2102,R,497,0.02414486921529175,0.10462776659959759,0.19718309859154928,0.22535211267605634,34,84,66,80,62
46941,2102,R,364,0.02197802197802198,0.046703296703296704,0.18681318681318682,0.20604395604395603,73,58,59,47,63
46952,2102,R,110,0.01818181818181818,0.08181818181818182,0.12727272727272726,0.17272727272727273,43,69,49,51,95
46997,2102,R,302,0.033112582781456956,0.11920529801324503,0.20860927152317882,0.18874172185430463,40,77,62,87,71
47026,2102,R,280,0.02142857142857143,0.10714285714285714,0.16785714285714284,0.18571428571428572,49,54,53,46,66
47140,2102,R,638,0.023510971786833857,0.07993730407523511,0.15517241379310345,0.25235109717868337,52,56,66,51,82
47305,2102,R,142,0.04225352112676056,0.07746478873239436,0.31690140845070425,0.176056338028169,64,70,69,114,7
47585,2102,R,233,0.060085836909871244,0.0944206008583691,0.2017167381974249,0.12875536480686695,43,59,30,95,55
47684,2102,R,139,0.02158273381294964,0.07194244604316546,0.22302158273381295,0.2446043165467626,46,63,80,62,13
47781,2102,R,62,0.016129032258064516,0.04838709677419355,0.22580645161290322,0.27419354838709675,72,58,43,66,58
47807,2102,R,262,0.026717557251908396,0.05343511450381679,0.22137404580152673,0.16412213740458015,59,58,38,60,44
48184,2102,R,473,0.019027484143763214,0.06765327695560254,0.18604651162790697,0.21775898520084566,60,63,70,64,55
48249,2102,R,195,0.035897435897435895,0.07179487179487179,0.21025641025641026,0.17435897435897435,61,53,37,80,21
48259,2102,R,577,0.03292894280762565,0.07625649913344887,0.17504332755632582,0.21317157712305027,41,57,41,65,60
48404,2102,R,38,0.0,0.21052631578947367,0.2894736842105263,0.13157894736842105,15,56,48,106,86
48450,2102,R,355,0.030985915492957747,0.0676056338028169,0.19436619718309858,0.23380281690140844,53,73,58,52,56
48547,2102,R,131,0.015267175572519083,0.022900763358778626,0.1984732824427481,0.22137404580152673,66,46,39,64,6
48689,2102,R,199,0.035175879396984924,0.07537688442211055,0.18090452261306533,0.24623115577889448,58,60,59,53,28
48912,2102,R,292,0.05136986301369863,0.1267123287671233,0.11643835616438356,0.1952054794520548,37,54,55,53,57
48949,2102,R,453,0.03090507726269316,0.10154525386313466,0.17880794701986755,0.20750551876379691,35,69,62,49,75
49274,2102,R,393,0.007633587786259542,0.08396946564885496,0.15012722646310434,0.22391857506361323,55,68,57,49,73
49418,2102,R,123,0.032520325203252036,0.07317073170731707,0.18699186991869918,0.17886178861788618,48,49,47,79,11
49518,2102,R,160,0.01875,0.1125,0.1875,0.19375,47,54,53,73,10
49549,2102,R,332,0.009036144578313253,0.08132530120481928,0.1897590361445783,0.21084337349397592,49,51,66,45,61
50176,2102,R,383,0.031331592689295036,0.05483028720626632,0.14882506527415143,0.22193211488250653,72,79,41,39,57
50273,2102,R,170,0.023529411764705882,0.09411764705882353,0.12941176470588237,0.29411764705882354,52,71,37,60,57
51206,2102,R,391,0.023017902813299233,0.07161125319693094,0.16879795396419436,0.23017902813299232,73,58,78,40,38
51983,2102,R,101,0.0594059405940594,0.10891089108910891,0.1782178217821782,0.19801980198019803,54,53,44,47,59
55233,2102,R,247,0.004048582995951417,0.03643724696356275,0.17408906882591094,0.19433198380566802,73,63,72,48,29
55292,2102,R,243,0.02880658436213992,0.04938271604938271,0.14814814814814814,0.23045267489711935,78,55,39,66,11
55591,2102,R,410,0.02926829268292683,0.07560975609756097,0.20243902439024392,0.1902439024390244,46,77,56,60,59
55921,2102,R,265,0.03018867924528302,0.07547169811320754,0.18490566037735848,0.22641509433962265,45,54,77,70,43
56101,2102,R,393,0.022900763358778626,0.08142493638676845,0.19083969465648856,0.23155216284987276,44,55,52,44,58
60386,2102,R,333,0.02702702702702703,0.06306306306306306,0.14414414414414414,0.24924924924924924,61,64,50,38,28
60398,2102,R,72,0.027777777777777776,0.041666666666666664,0.20833333333333334,0.20833333333333334,82,68,66,48,15
60601,2102,R,352,0.03125,0.07386363636363637,0.19318181818181818,0.22443181818181818,37,60,49,58,52
61293,2102,R,458,0.03056768558951965,0.056768558951965066,0.1615720524017467,0.22489082969432314,95,57,61,34,61
62443,2102,R,180,0.03333333333333333,0.06666666666666667,0.2111111111111111,0.15555555555555556,55,54,46,51,51
62510,2102,R,360,0.019444444444444445,0.07777777777777778,0.19722222222222222,0.17777777777777778,45,78,68,75,61
63964,2102,R,233,0.017167381974248927,0.09871244635193133,0.1072961373390558,0.2575107296137339,59,55,43,47,60
64848,2102,R,360,0.03333333333333333,0.075,0.175,0.24722222222222223,54,75,69,50,31
65856,2102,R,218,0.03211009174311927,0.06422018348623854,0.12844036697247707,0.22477064220183487,76,53,56,42,50
66044,2102,R,216,0.023148148148148147,0.09722222222222222,0.18055555555555555,0.2638888888888889,45,45,46,58,8
66466,2102,R,84,0.023809523809523808,0.14285714285714285,0.14285714285714285,0.23809523809523808,35,59,44,34,70
69165,2102,R,153,0.026143790849673203,0.06535947712418301,0.16339869281045752,0.3006535947712418,47,50,49,77,22
70268,2102,R,38,0.0,0.07894736842105263,0.23684210526315788,0.3684210526315789,45,67,42,85,65
70719,2102,R,139,0.014388489208633094,0.06474820143884892,0.14388489208633093,0.2302158273381295,57,64,84,56,17
70749,2102,R,380,0.018421052631578946,0.05526315789473684,0.15789473684210525,0.18947368421052632,96,62,104,34,26
70793,2102,R,102,0.029411764705882353,0.10784313725490197,0.19607843137254902,0.20588235294117646,47,55,68,54,32
70808,2102,R,253,0.007905138339920948,0.05928853754940711,0.1857707509881423,0.2608695652173913,56,56,70,45,74
70813,2102,R,245,0.0326530612244898,0.11428571428571428,0.2693877551020408,0.1510204081632653,28,57,62,106,17
70901,2102,R,146,0.0273972602739726,0.1095890410958904,0.17123287671232876,0.1780821917808219,30,54,48,97,22
70983,2102,R,126,0.031746031746031744,0.10317460317460317,0.15079365079365079,0.21428571428571427,35,51,49,50,29
71023,2102,R,256,0.03125,0.05859375,0.19921875,0.23828125,40,55,50,40,39
71026,2102,R,30,0.06666666666666667,0.1,0.1,0.16666666666666666,31,51,34,41,40
71088,2102,R,83,0.024096385542168676,0.10843373493975904,0.18072289156626506,0.24096385542168675,45,49,37,66,13
71215,2102,R,429,0.018648018648018648,0.0675990675990676,0.1561771561771562,0.22377622377622378,57,48,53,65,50
71252,2102,R,304,0.046052631578947366,0.10855263157894737,0.17105263157894737,0.21052631578947367,47,52,44,44,58
71536,2102,R,199,0.010050251256281407,0.12060301507537688,0.10552763819095477,0.20603015075376885,36,49,31,35,31
71544,2102,R,117,0.02564102564102564,0.1282051282051282,0.26495726495726496,0.21367521367521367,27,67,32,101,13
71555,2102,R,87,0.06896551724137931,0.16091954022988506,0.16091954022988506,0.11494252873563218,21,58,36,38,92
71561,2102,R,237,0.03375527426160337,0.10126582278481013,0.2109704641350211,0.18565400843881857,45,51,70,67,3
71589,2102,R,344,0.023255813953488372,0.06686046511627906,0.13372093023255813,0.22965116279069767,48,54,45,54,23
71593,2102,R,33,0.0,0.030303030303030304,0.18181818181818182,0.21212121212121213,48,62,45,48,82
71715,2102,R,382,0.020942408376963352,0.08638743455497382,0.21465968586387435,0.2094240837696335,54,66,48,88,92
71782,2102,R,172,0.05232558139534884,0.09883720930232558,0.19186046511627908,0.23255813953488372,63,40,57,79,29
71907,2102,R,121,0.008264462809917356,0.11570247933884298,0.1322314049586777,0.256198347107438,37,50,54,47,46
71930,2102,R,61,0.01639344262295082,0.06557377049180328,0.39344262295081966,0.19672131147540983,43,61,31,104,25
72013,2102,R,531,0.04143126177024482,0.10357815442561205,0.1167608286252354,0.1902071563088512,37,63,40,61,53
72054,2102,R,383,0.020887728459530026,0.09660574412532637,0.1514360313315927,0.24281984334203655,33,59,72,45,80
72059,2102,R,354,0.01977401129943503,0.059322033898305086,0.2542372881355932,0.18926553672316385,47,73,56,105,51
72062,2102,R,57,0.03508771929824561,0.15789473684210525,0.14035087719298245,0.07017543859649122,33,39,38,41,55
72081,2102,R,89,0.011235955056179775,0.0898876404494382,0.21348314606741572,0.23595505617977527,55,49,62,64,17
72139,2102,R,118,0.059322033898305086,0.05084745762711865,0.23728813559322035,0.17796610169491525,62,63,55,86,6
72364,2102,R,178,0.011235955056179775,0.08426966292134831,0.12921348314606743,0.2808988764044944,46,68,66,56,88
72366,2102,R,155,0.03225806451612903,0.09032258064516129,0.18064516129032257,0.23870967741935484,43,57,48,65,22
72434,2102,R,282,0.01773049645390071,0.1524822695035461,0.1702127659574468,0.20567375886524822,29,59,42,45,74
72458,2102,R,125,0.024,0.136,0.336,0.128,48,67,56,118,11
72517,2102,R,322,0.034161490683229816,0.09937888198757763,0.18944099378881987,0.20496894409937888,49,63,49,64,39
72549,2102,R,176,0.011363636363636364,0.09090909090909091,0.17613636363636365,0.21022727272727273,67,69,97,60,18
72574,2102,R,141,0.0425531914893617,0.1347517730496454,0.14893617021276595,0.20567375886524822,39,60,40,52,13
72603,2102,R,230,0.034782608695652174,0.05217391304347826,0.24347826086956523,0.18695652173913044,55,62,50,74,20
72610,2102,R,53,0.0,0.18867924528301888,0.1509433962264151,0.2641509433962264,31,57,38,59,8
72646,2102,R,298,0.016778523489932886,0.0738255033557047,0.21140939597315436,0.2684563758389262,77,75,91,98,11
72679,2102,R,247,0.04048582995951417,0.07692307692307693,0.11740890688259109,0.2631578947368421,48,53,49,50,31
72708,2102,R,407,0.03931203931203931,0.0687960687960688,0.18673218673218672,0.16707616707616707,50,54,69,70,74
72828,2102,R,48,0.0,0.10416666666666667,0.1875,0.2708333333333333,55,60,45,56,61
72838,2102,R,112,0.008928571428571428,0.08928571428571429,0.11607142857142858,0.2767857142857143,62,51,68,52,43
72845,2102,R,534,0.0149812734082397,0.08614232209737828,0.21722846441947566,0.21910112359550563,54,62,61,76,91
72901,2102,R,91,0.07692307692307693,0.10989010989010989,0.07692307692307693,0.27472527472527475,35,69,41,36,60
73062,2102,R,100,0.02,0.07,0.21,0.27,43,62,42,67,75
73066,2102,R,174,0.022988505747126436,0.10344827586206896,0.15517241379310345,0.25862068965517243,63,60,48,38,70
73117,2102,R,81,0.06172839506172839,0.09876543209876543,0.12345679012345678,0.2222222222222222,31,41,36,33,15
73132,2102,R,412,0.03398058252427184,0.06796116504854369,0.23300970873786409,0.21601941747572814,43,47,66,71,85
73141,2102,R,168,0.03571428571428571,0.10119047619047619,0.23214285714285715,0.21428571428571427,51,76,48,94,10
73148,2102,R,114,0.008771929824561403,0.11403508771929824,0.13157894736842105,0.20175438596491227,34,63,35,41,24
73169,2102,R,225,0.044444444444444446,0.11555555555555555,0.20444444444444446,0.16,36,70,34,58,70
73249,2102,R,282,0.031914893617021274,0.10638297872340426,0.1595744680851064,0.2127659574468085,47,72,59,62,36
73288,2102,R,50,0.02,0.06,0.26,0.16,55,56,63,56,51
73393,2102,R,332,0.018072289156626505,0.09036144578313253,0.18674698795180722,0.18373493975903615,44,54,42,50,96
73452,2102,R,122,0.040983606557377046,0.05737704918032787,0.11475409836065574,0.28688524590163933,52,50,65,45,60
73659,2102,R,98,0.02040816326530612,0.061224489795918366,0.15306122448979592,0.23469387755102042,41,52,49,46,31
73812,2102,R,179,0.027932960893854747,0.0893854748603352,0.21787709497206703,0.17318435754189945,47,60,73,105,24
73822,2102,R,170,0.03529411764705882,0.08235294117647059,0.21176470588235294,0.2411764705882353,47,48,32,89,22
73837,2102,R,204,0.029411764705882353,0.058823529411764705,0.1568627450980392,0.2696078431372549,57,53,59,31,77
73851,2102,R,212,0.018867924528301886,0.09905660377358491,0.20754716981132076,0.2028301886792453,37,59,59,77,30
73863,2102,R,346,0.02601156069364162,0.13872832369942195,0.12716763005780346,0.2514450867052023,58,58,84,47,29
73873,2102,R,418,0.019138755980861243,0.06937799043062201,0.12679425837320574,0.23684210526315788,60,54,72,35,56
73935,2102,R,81,0.037037037037037035,0.04938271604938271,0.14814814814814814,0.2345679012345679,40,61,44,37,63
73945,2102,R,534,0.020599250936329586,0.04119850187265917,0.21161048689138576,0.1947565543071161,82,65,86,60,90
73958,2102,R,351,0.037037037037037035,0.05413105413105413,0.20512820512820512,0.1737891737891738,71,69,82,61,65
73978,2102,R,218,0.05504587155963303,0.1559633027522936,0.07339449541284404,0.21559633027522937,33,50,37,37,52
73990,2102,R,108,0.037037037037037035,0.08333333333333333,0.2777777777777778,0.18518518518518517,19,73,53,106,2
74043,2102,R,242,0.04132231404958678,0.1859504132231405,0.17768595041322313,0.21487603305785125,17,52,45,71,50
74053,2102,R,276,0.018115942028985508,0.16304347826086957,0.2427536231884058,0.16304347826086957,21,59,56,104,53
74104,2102,R,170,0.03529411764705882,0.06470588235294118,0.23529411764705882,0.19411764705882353,55,60,54,68,16
74120,2102,R,376,0.02127659574468085,0.08244680851063829,0.18617021276595744,0.23404255319148937,65,61,63,63,57
74123,2102,R,212,0.0330188679245283,0.11320754716981132,0.1792452830188679,0.22169811320754718,32,49,43,83,15
74139,2102,R,170,0.01764705882352941,0.041176470588235294,0.18235294117647058,0.2411764705882353,60,46,64,54,54
74182,2102,R,355,0.056338028169014086,0.07042253521126761,0.10704225352112676,0.22816901408450704,63,56,50,42,56
74187,2102,R,292,0.030821917808219176,0.0821917808219178,0.18493150684931506,0.1952054794520548,61,52,60,67,56
74295,2102,R,299,0.020066889632107024,0.1605351170568562,0.2408026755852843,0.17391304347826086,20,60,53,89,14
74374,2102,R,252,0.023809523809523808,0.18253968253968253,0.1984126984126984,0.19444444444444445,1,45,31,101,67
74384,2102,R,160,0.0125,0.1375,0.20625,0.23125,40,53,43,65,19
74405,2102,R,293,0.017064846416382253,0.09215017064846416,0.19112627986348124,0.20477815699658702,33,66,77,77,33
74436,2102,R,323,0.015479876160990712,0.06501547987616099,0.18575851393188855,0.19814241486068113,81,68,100,49,79
74459,2102,R,394,0.03299492385786802,0.12436548223350254,0.1751269035532995,0.19289340101522842,27,75,28,41,67
74488,2102,R,397,0.04534005037783375,0.11083123425692695,0.10075566750629723,0.24685138539042822,38,51,36,39,60
74490,2102,R,88,0.011363636363636364,0.09090909090909091,0.2727272727272727,0.2159090909090909,31,56,47,69,51
74555,2102,R,178,0.016853932584269662,0.07865168539325842,0.23595505617977527,0.23595505617977527,50,60,81,76,23
74611,2102,R,73,0.0273972602739726,0.0410958904109589,0.1643835616438356,0.2602739726027397,39,62,67,100,4
74645,2102,R,61,0.08196721311475409,0.18032786885245902,0.19672131147540983,0.11475409836065574,33,55,53,43,33
74654,2102,R,101,0.0297029702970297,0.04950495049504951,0.16831683168316833,0.2376237623762376,85,71,79,39,19
74658,2102,R,122,0.040983606557377046,0.11475409836065574,0.2786885245901639,0.1557377049180328,37,59,45,78,20
74672,2102,R,425,0.02588235294117647,0.07294117647058823,0.15529411764705883,0.19294117647058823,56,54,41,36,97
75349,2102,R,47,0.0,0.14893617021276595,0.3404255319148936,0.1276595744680851,42,50,59,65,15
75375,2102,R,406,0.017241379310344827,0.06896551724137931,0.2044334975369458,0.18226600985221675,72,59,62,75,58
75384,2102,R,359,0.016713091922005572,0.0584958217270195,0.116991643454039,0.2116991643454039,85,63,100,28,42
75443,2102,R,35,0.0,0.11428571428571428,0.11428571428571428,0.2,56,48,89,36,68
75821,2102,R,477,0.023060796645702306,0.03773584905660377,0.11530398322851153,0.24947589098532494,93,55,94,32,46
76089,2102,R,112,0.044642857142857144,0.05357142857142857,0.20535714285714285,0.21428571428571427,42,53,45,89,18
76191,2102,R,206,0.019417475728155338,0.09223300970873786,0.19902912621359223,0.21844660194174756,38,62,70,96,6
76696,2102,R,56,0.03571428571428571,0.07142857142857142,0.10714285714285714,0.26785714285714285,48,50,56,30,83
77250,2102,R,207,0.024154589371980676,0.057971014492753624,0.3285024154589372,0.1932367149758454,54,49,50,103,20
77385,2102,R,121,0.024793388429752067,0.08264462809917356,0.15702479338842976,0.2727272727272727,30,50,40,46,21
77406,2102,R,170,0.023529411764705882,0.08235294117647059,0.2235294117647059,0.21764705882352942,45,58,65,51,13
77485,2102,R,187,0.0427807486631016,0.0748663101604278,0.20855614973262032,0.20855614973262032,64,48,53,76,15
78271,2102,R,250,0.02,0.096,0.24,0.124,41,39,46,68,24
78744,2102,R,404,0.007425742574257425,0.06930693069306931,0.16336633663366337,0.20297029702970298,48,65,81,47,72
78772,2102,R,110,0.045454545454545456,0.10909090909090909,0.2,0.2545454545454545,34,57,45,82,18
78832,2102,R,197,0.025380710659898477,0.14720812182741116,0.3756345177664975,0.08121827411167512,13,62,57,120,21
78898,2102,R,84,0.023809523809523808,0.13095238095238096,0.15476190476190477,0.19047619047619047,34,53,53,65,13
78902,2102,R,50,0.02,0.08,0.22,0.2,38,55,57,58,26
78984,2102,R,121,0.024793388429752067,0.06611570247933884,0.10743801652892562,0.24793388429752067,62,57,62,21,78
79025,2102,R,160,0.025,0.0625,0.2,0.1875,38,39,41,83,11
79131,2102,R,157,0.006369426751592357,0.10828025477707007,0.15286624203821655,0.17834394904458598,44,60,56,59,24
79768,2102,R,62,0.016129032258064516,0.08064516129032258,0.20967741935483872,0.1935483870967742,34,59,56,70,21
79791,2102,R,172,0.03488372093023256,0.11046511627906977,0.2616279069767442,0.1686046511627907,45,60,52,108,20
81347,2102,R,135,0.037037037037037035,0.11851851851851852,0.3111111111111111,0.14074074074074075,45,54,40,94,17
84762,2102,R,706,0.019830028328611898,0.049575070821529746,0.09206798866855524,0.24787535410764872,90,53,96,24,81
84,2102,L,265,0.03018867924528302,0.07169811320754717,0.16226415094339622,0.2339622641509434,50,70,68,49,51
549,2102,L,143,0.03496503496503497,0.07692307692307693,0.15384615384615385,0.18181818181818182,39,49,42,77,15
699,2102,L,205,0.024390243902439025,0.07317073170731707,0.2146341463414634,0.22926829268292684,66,53,32,101,26
743,2102,L,68,0.014705882352941176,0.0,0.27941176470588236,0.23529411764705882,55,55,36,93,11
1205,2102,L,57,0.07017543859649122,0.07017543859649122,0.10526315789473684,0.2807017543859649,47,55,51,52,58
1258,2102,L,367,0.02452316076294278,0.08991825613079019,0.13896457765667575,0.19618528610354224,53,62,77,61,82
1330,2102,L,88,0.011363636363636364,0.09090909090909091,0.2727272727272727,0.1590909090909091,41,57,34,58,56
1472,2102,L,321,0.037383177570093455,0.09034267912772585,0.14953271028037382,0.29283489096573206,69,62,73,53,61
1479,2102,L,53,0.03773584905660377,0.05660377358490566,0.1509433962264151,0.20754716981132076,84,67,96,29,29
1528,2102,L,123,0.016260162601626018,0.08943089430894309,0.1951219512195122,0.17886178861788618,34,63,39,72,77
1681,2102,L,53,0.07547169811320754,0.09433962264150944,0.2641509433962264,0.18867924528301888,50,40,84,88,55
2113,2102,L,107,0.0,0.028037383177570093,0.205607476635514,0.18691588785046728,75,50,49,58,14
19365,2102,L,265,0.026415094339622643,0.12830188679245283,0.14339622641509434,0.18490566037735848,45,50,46,44,71
19581,2102,L,213,0.03286384976525822,0.12206572769953052,0.12206572769953052,0.24882629107981222,44,50,39,41,64
19899,2102,L,59,0.0,0.1694915254237288,0.1016949152542373,0.22033898305084745,35,51,36,39,74
20076,2102,L,61,0.0,0.0,0.4918032786885246,0.13114754098360656,44,70,83,125,13
20383,2102,L,182,0.08241758241758242,0.054945054945054944,0.16483516483516483,0.22527472527472528,47,49,37,51,95
20402,2102,L,104,0.057692307692307696,0.14423076923076922,0.19230769230769232,0.1346153846153846,38,63,64,83,8
20829,2102,L,74,0.04054054054054054,0.04054054054054054,0.16216216216216217,0.33783783783783783,47,47,38,38,25
21174,2102,L,122,0.01639344262295082,0.040983606557377046,0.26229508196721313,0.20491803278688525,65,48,64,41,81
21656,2102,L,226,0.035398230088495575,0.08849557522123894,0.12831858407079647,0.2610619469026549,32,48,41,38,69
22319,2102,L,84,0.03571428571428571,0.10714285714285714,0.09523809523809523,0.25,67,37,47,46,55
23003,2102,L,143,0.03496503496503497,0.08391608391608392,0.1888111888111888,0.17482517482517482,34,47,41,65,12
23652,2102,L,309,0.03559870550161812,0.05825242718446602,0.17475728155339806,0.23948220064724918,53,55,54,45,61
24110,2102,L,275,0.03636363636363636,0.05818181818181818,0.15272727272727274,0.21818181818181817,47,55,41,60,50
24129,2102,L,41,0.0,0.0975609756097561,0.36585365853658536,0.21951219512195122,41,62,50,112,23
24224,2102,L,259,0.015444015444015444,0.06563706563706563,0.11969111969111969,0.26640926640926643,46,54,96,32,62
24273,2102,L,373,0.032171581769437,0.07238605898123325,0.13404825737265416,0.26005361930294907,51,50,49,36,94
24360,2102,L,210,0.023809523809523808,0.0761904761904762,0.14285714285714285,0.26666666666666666,52,47,67,47,36
24506,2102,L,229,0.017467248908296942,0.11353711790393013,0.08733624454148471,0.2576419213973799,43,54,64,34,54
25018,2102,L,118,0.00847457627118644,0.1271186440677966,0.11864406779661017,0.2711864406779661,51,57,88,39,15
25066,2102,L,92,0.021739130434782608,0.08695652173913043,0.22826086956521738,0.18478260869565216,42,59,50,99,18
25574,2102,L,303,0.013201320132013201,0.08250825082508251,0.1551155115511551,0.21782178217821782,36,64,45,44,59
25591,2102,L,187,0.016042780748663103,0.0855614973262032,0.1497326203208556,0.19786096256684493,58,52,67,63,58
25768,2102,L,118,0.01694915254237288,0.05084745762711865,0.1864406779661017,0.2033898305084746,48,56,85,52,31
25904,2102,L,171,0.017543859649122806,0.08187134502923976,0.14619883040935672,0.2573099415204678,37,54,64,57,63
25927,2102,L,351,0.037037037037037035,0.06837606837606838,0.17094017094017094,0.22792022792022792,81,47,58,45,55
26076,2102,L,132,0.03787878787878788,0.09848484848484848,0.11363636363636363,0.18181818181818182,54,42,39,35,18
26168,2102,L,256,0.015625,0.078125,0.1484375,0.16796875,61,52,54,37,65
26197,2102,L,100,0.03,0.04,0.21,0.24,57,60,74,81,16
26210,2102,L,61,0.01639344262295082,0.11475409836065574,0.13114754098360656,0.2459016393442623,39,52,30,45,6
26213,2102,L,67,0.014925373134328358,0.11940298507462686,0.11940298507462686,0.1791044776119403,37,56,60,49,70
26249,2102,L,192,0.041666666666666664,0.08333333333333333,0.140625,0.19791666666666666,44,51,44,41,62
26267,2102,L,53,0.0,0.09433962264150944,0.2641509433962264,0.2641509433962264,48,58,69,110,13
26594,2102,L,87,0.034482758620689655,0.10344827586206896,0.16091954022988506,0.22988505747126436,39,51,40,53,48
26693,2102,L,44,0.06818181818181818,0.1590909090909091,0.20454545454545456,0.1590909090909091,56,39,56,49,39
26756,2102,L,167,0.04790419161676647,0.0718562874251497,0.20359281437125748,0.19760479041916168,50,52,36,76,19
26779,2102,L,86,0.03488372093023256,0.11627906976744186,0.1511627906976744,0.23255813953488372,52,37,63,65,55
26811,2102,L,166,0.024096385542168676,0.0783132530120482,0.13253012048192772,0.22289156626506024,56,48,71,49,28
27038,2102,L,139,0.02877697841726619,0.02158273381294964,0.06474820143884892,0.302158273381295,51,42,60,16,55
27337,2102,L,233,0.02145922746781116,0.0815450643776824,0.15879828326180256,0.26180257510729615,32,50,62,57,58
27363,2102,L,154,0.03896103896103896,0.08441558441558442,0.12337662337662338,0.2532467532467532,49,50,56,72,13
27642,2102,L,232,0.02586206896551724,0.08189655172413793,0.1336206896551724,0.2413793103448276,64,35,43,33,54
27930,2102,L,57,0.017543859649122806,0.08771929824561403,0.3684210526315789,0.03508771929824561,32,65,82,118,10
28586,2102,L,125,0.04,0.104,0.096,0.184,36,50,48,58,13
28966,2102,L,106,0.018867924528301886,0.09433962264150944,0.16981132075471697,0.2169811320754717,59,47,61,69,41
28985,2102,L,53,0.018867924528301886,0.0,0.20754716981132076,0.16981132075471697,47,49,67,66,79
29480,2102,L,141,0.02127659574468085,0.09929078014184398,0.19858156028368795,0.20567375886524822,51,67,69,70,5
29533,2102,L,276,0.03985507246376811,0.05434782608695652,0.11956521739130435,0.2246376811594203,66,54,62,36,59
29618,2102,L,134,0.0,0.05223880597014925,0.2462686567164179,0.19402985074626866,90,64,94,71,64
29667,2102,L,179,0.0335195530726257,0.061452513966480445,0.17318435754189945,0.25139664804469275,62,46,37,45,31
29829,2102,L,296,0.016891891891891893,0.10472972972972973,0.15202702702702703,0.22297297297297297,37,52,47,69,63
29840,2102,L,51,0.0,0.0784313725490196,0.23529411764705882,0.17647058823529413,48,53,50,50,70
29980,2102,L,323,0.015479876160990712,0.06811145510835913,0.1609907120743034,0.22910216718266255,61,47,62,55,52
30121,2102,L,45,0.044444444444444446,0.13333333333333333,0.2,0.15555555555555556,50,55,48,60,74
30142,2102,L,101,0.019801980198019802,0.04950495049504951,0.18811881188118812,0.25742574257425743,71,44,45,74,5
30148,2102,L,71,0.0,0.0,0.23943661971830985,0.2676056338028169,63,54,55,71,55
30208,2102,L,171,0.03508771929824561,0.1286549707602339,0.2631578947368421,0.15204678362573099,24,55,83,72,36
30286,2102,L,355,0.02535211267605634,0.07323943661971831,0.17746478873239438,0.22535211267605634,51,45,56,67,37
30297,2102,L,91,0.04395604395604396,0.10989010989010989,0.18681318681318682,0.23076923076923078,43,43,31,36,15
30309,2102,L,53,0.03773584905660377,0.03773584905660377,0.20754716981132076,0.22641509433962265,32,47,64,70,5
30590,2102,L,232,0.021551724137931036,0.09051724137931035,0.19827586206896552,0.19827586206896552,45,52,49,45,64
30631,2102,L,53,0.0,0.05660377358490566,0.18867924528301888,0.1509433962264151,61,49,48,57,31
30676,2102,L,174,0.011494252873563218,0.05172413793103448,0.3333333333333333,0.14367816091954022,81,71,77,102,66
30820,2102,L,129,0.015503875968992248,0.06976744186046512,0.10852713178294573,0.2248062015503876,48,43,48,57,11
30907,2102,L,131,0.022900763358778626,0.03816793893129771,0.29770992366412213,0.16030534351145037,67,54,48,90,10
31165,2102,L,121,0.05785123966942149,0.09090909090909091,0.2975206611570248,0.14049586776859505,40,48,50,101,4
31321,2102,L,66,0.015151515151515152,0.015151515151515152,0.2727272727272727,0.16666666666666666,56,48,69,100,12
31326,2102,L,323,0.02476780185758514,0.09597523219814241,0.15479876160990713,0.2043343653250774,45,47,65,40,29
31580,2102,L,362,0.055248618784530384,0.09392265193370165,0.20441988950276244,0.17955801104972377,52,60,36,65,55
31723,2102,L,273,0.029304029304029304,0.07692307692307693,0.11355311355311355,0.20512820512820512,58,45,43,34,67
31754,2102,L,358,0.030726256983240222,0.0893854748603352,0.17039106145251395,0.23184357541899442,54,59,41,53,87
31764,2102,L,255,0.023529411764705882,0.058823529411764705,0.1450980392156863,0.23921568627450981,54,54,52,55,41
31904,2102,L,75,0.013333333333333334,0.013333333333333334,0.2,0.21333333333333335,80,53,35,59,61
31963,2102,L,304,0.02631578947368421,0.06578947368421052,0.17763157894736842,0.2565789473684211,65,59,80,55,55
31968,2102,L,180,0.03888888888888889,0.07777777777777778,0.08333333333333333,0.24444444444444444,85,46,73,32,30
32145,2102,L,242,0.028925619834710745,0.09090909090909091,0.1322314049586777,0.24793388429752067,36,33,43,31,61
32146,2102,L,84,0.03571428571428571,0.11904761904761904,0.2261904761904762,0.16666666666666666,54,60,42,63,6
32185,2102,L,104,0.019230769230769232,0.10576923076923077,0.2403846153846154,0.19230769230769232,84,57,49,75,13
32255,2102,L,356,0.025280898876404494,0.09831460674157304,0.14887640449438203,0.24157303370786518,44,46,45,40,68
32306,2102,L,316,0.04746835443037975,0.06329113924050633,0.17721518987341772,0.22468354430379747,62,60,30,64,76
32341,2102,L,310,0.035483870967741936,0.0935483870967742,0.12903225806451613,0.1935483870967742,48,59,46,39,56
32500,2102,L,304,0.023026315789473683,0.07894736842105263,0.19407894736842105,0.2236842105263158,53,60,42,62,72
32511,2102,L,411,0.012165450121654502,0.051094890510948905,0.15085158150851583,0.1897810218978102,68,53,51,56,61
32538,2102,L,203,0.08374384236453201,0.10837438423645321,0.21674876847290642,0.16748768472906403,42,61,38,98,86
32821,2102,L,101,0.019801980198019802,0.07920792079207921,0.1485148514851485,0.18811881188118812,60,51,49,51,43
32909,2102,L,249,0.04819277108433735,0.08835341365461848,0.18473895582329317,0.24497991967871485,36,55,61,54,57
32954,2102,L,71,0.04225352112676056,0.028169014084507043,0.29577464788732394,0.15492957746478872,53,53,59,71,12
33013,2102,L,193,0.015544041450777202,0.22279792746113988,0.18652849740932642,0.17616580310880828,24,65,54,109,92
33185,2102,L,101,0.019801980198019802,0.06930693069306931,0.24752475247524752,0.15841584158415842,75,57,56,59,16
33256,2102,L,45,0.0,0.0,0.2222222222222222,0.28888888888888886,52,31,46,44,59
33350,2102,L,220,0.031818181818181815,0.11818181818181818,0.1409090909090909,0.2,48,42,42,37,49
33360,2102,L,31,0.03225806451612903,0.0967741935483871,0.16129032258064516,0.22580645161290322,56,54,50,38,54
33368,2102,L,156,0.057692307692307696,0.10897435897435898,0.10256410256410256,0.21794871794871795,47,50,25,51,9
33417,2102,L,63,0.031746031746031744,0.07936507936507936,0.1746031746031746,0.25396825396825395,44,47,35,36,51
33431,2102,L,213,0.03755868544600939,0.06572769953051644,0.1643192488262911,0.26291079812206575,69,48,39,42,79
33571,2102,L,308,0.045454545454545456,0.07142857142857142,0.14935064935064934,0.23376623376623376,73,50,48,42,83
33667,2102,L,154,0.05194805194805195,0.09090909090909091,0.12987012987012986,0.2792207792207792,39,44,25,52,6
33709,2102,L,112,0.008928571428571428,0.09821428571428571,0.21428571428571427,0.22321428571428573,53,58,52,88,14
33785,2102,L,98,0.04081632653061224,0.061224489795918366,0.24489795918367346,0.1836734693877551,52,51,57,93,15
33816,2102,L,177,0.01694915254237288,0.11299435028248588,0.14124293785310735,0.24293785310734464,46,44,56,45,56
33831,2102,L,49,0.0,0.04081632653061224,0.22448979591836735,0.1836734693877551,50,46,49,62,29
33845,2102,L,141,0.0425531914893617,0.10638297872340426,0.1702127659574468,0.18439716312056736,53,47,47,45,54
33861,2102,L,51,0.058823529411764705,0.13725490196078433,0.058823529411764705,0.23529411764705882,31,47,47,36,67
33944,2102,L,106,0.04716981132075472,0.04716981132075472,0.2169811320754717,0.1792452830188679,36,51,49,56,16
33980,2102,L,103,0.04854368932038835,0.13592233009708737,0.1553398058252427,0.21359223300970873,47,47,54,48,13
34003,2102,L,117,0.017094017094017096,0.10256410256410256,0.1794871794871795,0.20512820512820512,39,36,50,57,10
34252,2102,L,337,0.020771513353115726,0.08011869436201781,0.16913946587537093,0.20178041543026706,46,53,36,48,64
34324,2102,L,244,0.020491803278688523,0.10655737704918032,0.14754098360655737,0.2336065573770492,31,55,49,60,60
34372,2102,L,103,0.02912621359223301,0.038834951456310676,0.1650485436893204,0.27184466019417475,59,55,54,64,2
34448,2102,L,168,0.011904761904761904,0.07738095238095238,0.14285714285714285,0.19642857142857142,64,57,78,38,79
34522,2102,L,191,0.03664921465968586,0.06282722513089005,0.17801047120418848,0.17801047120418848,53,45,59,49,34
34651,2102,L,294,0.023809523809523808,0.08163265306122448,0.11224489795918367,0.23129251700680273,46,51,60,32,67
34675,2102,L,157,0.03821656050955414,0.09554140127388536,0.1592356687898089,0.18471337579617833,50,60,35,45,51
34726,2102,L,138,0.007246376811594203,0.11594202898550725,0.2536231884057971,0.13768115942028986,51,61,62,63,63
35016,2102,L,171,0.029239766081871343,0.07602339181286549,0.16374269005847952,0.17543859649122806,38,53,59,42,57
35188,2102,L,173,0.023121387283236993,0.1329479768786127,0.12138728323699421,0.23121387283236994,38,49,51,55,32
35229,2102,L,57,0.0,0.07017543859649122,0.12280701754385964,0.2807017543859649,66,58,59,37,11
35269,2102,L,116,0.02586206896551724,0.0603448275862069,0.21551724137931033,0.1810344827586207,61,55,58,101,41
35531,2102,L,134,0.05223880597014925,0.07462686567164178,0.07462686567164178,0.23880597014925373,56,48,25,55,14
35552,2102,L,110,0.045454545454545456,0.045454545454545456,0.22727272727272727,0.17272727272727273,41,55,37,43,14
35653,2102,L,224,0.022321428571428572,0.08035714285714286,0.10267857142857142,0.26785714285714285,79,65,69,39,43
35910,2102,L,70,0.02857142857142857,0.08571428571428572,0.2,0.2571428571428571,43,54,49,76,64
35922,2102,L,223,0.017937219730941704,0.07174887892376682,0.19730941704035873,0.25112107623318386,52,45,59,67,54
36426,2102,L,278,0.017985611510791366,0.09352517985611511,0.16906474820143885,0.23381294964028776,48,51,75,49,62
36523,2102,L,146,0.02054794520547945,0.0958904109589041,0.136986301369863,0.19863013698630136,48,50,65,47,42
36544,2102,L,91,0.03296703296703297,0.0989010989010989,0.23076923076923078,0.17582417582417584,52,45,47,66,17
36558,2102,L,36,0.0,0.1111111111111111,0.1388888888888889,0.4166666666666667,47,45,53,48,41
36610,2102,L,152,0.03289473684210526,0.06578947368421052,0.15789473684210525,0.21052631578947367,45,48,72,61,23
36697,2102,L,311,0.04501607717041801,0.06752411575562701,0.1639871382636656,0.21221864951768488,48,58,57,60,56
36709,2102,L,254,0.015748031496062992,0.08661417322834646,0.13385826771653545,0.23622047244094488,48,51,46,46,60
36727,2102,L,90,0.011111111111111112,0.044444444444444446,0.34444444444444444,0.12222222222222222,48,57,62,48,29
36749,2102,L,368,0.024456521739130436,0.07608695652173914,0.21739130434782608,0.20380434782608695,75,60,44,80,61
36751,2102,L,112,0.03571428571428571,0.03571428571428571,0.25,0.22321428571428573,56,54,41,78,39
36825,2102,L,250,0.052,0.088,0.136,0.18,48,32,37,48,51
36846,2102,L,135,0.0,0.02962962962962963,0.25925925925925924,0.23703703703703705,83,79,75,64,31
36870,2102,L,135,0.02962962962962963,0.07407407407407407,0.2,0.17777777777777778,59,57,31,79,34
36943,2102,L,67,0.029850746268656716,0.1044776119402985,0.22388059701492538,0.1791044776119403,35,51,45,94,12
37007,2102,L,304,0.01644736842105263,0.08223684210526316,0.20065789473684212,0.24671052631578946,72,63,59,56,39
37032,2102,L,123,0.024390243902439025,0.11382113821138211,0.25203252032520324,0.1951219512195122,42,53,39,60,11
37078,2102,L,86,0.023255813953488372,0.11627906976744186,0.19767441860465115,0.2558139534883721,59,53,49,38,27
37080,2102,L,396,0.03282828282828283,0.09090909090909091,0.11868686868686869,0.2196969696969697,48,52,64,35,60
37102,2102,L,51,0.0392156862745098,0.058823529411764705,0.27450980392156865,0.17647058823529413,48,46,25,80,18
37193,2102,L,176,0.011363636363636364,0.06818181818181818,0.21022727272727273,0.17613636363636365,45,54,61,72,31
37282,2102,L,308,0.03896103896103896,0.05194805194805195,0.16233766233766234,0.21103896103896103,68,67,54,49,47
37349,2102,L,133,0.0,0.07518796992481203,0.23308270676691728,0.21052631578947367,45,43,60,72,21
37365,2102,L,64,0.046875,0.109375,0.078125,0.21875,47,60,59,56,21
37472,2102,L,87,0.022988505747126436,0.04597701149425287,0.16091954022988506,0.2988505747126437,77,66,48,63,63
37609,2102,L,275,0.02909090909090909,0.05454545454545454,0.1709090909090909,0.2581818181818182,74,73,90,86,80
37620,2102,L,350,0.03142857142857143,0.06571428571428571,0.15142857142857144,0.21428571428571427,69,63,72,48,62
37728,2102,L,235,0.01276595744680851,0.09361702127659574,0.17872340425531916,0.2127659574468085,45,59,56,45,75
37785,2102,L,41,0.024390243902439025,0.024390243902439025,0.24390243902439024,0.24390243902439024,58,60,76,58,18
37967,2102,L,278,0.03597122302158273,0.05755395683453238,0.12589928057553956,0.22661870503597123,85,58,54,34,63
38104,2102,L,106,0.009433962264150943,0.08490566037735849,0.22641509433962265,0.2358490566037736,52,60,84,76,62
38147,2102,L,48,0.041666666666666664,0.020833333333333332,0.08333333333333333,0.3125,48,48,49,72,23
38161,2102,L,113,0.02654867256637168,0.061946902654867256,0.1415929203539823,0.19469026548672566,51,53,67,35,41
38269,2102,L,321,0.03115264797507788,0.06542056074766354,0.14330218068535824,0.2616822429906542,51,58,79,48,57
38342,2102,L,31,0.0,0.12903225806451613,0.25806451612903225,0.16129032258064516,78,64,54,109,17
38348,2102,L,62,0.0,0.0967741935483871,0.25806451612903225,0.22580645161290322,32,52,57,78,9
38359,2102,L,114,0.043859649122807015,0.08771929824561403,0.18421052631578946,0.21052631578947367,47,46,50,45,6
38363,2102,L,280,0.05357142857142857,0.08571428571428572,0.1392857142857143,0.23214285714285715,71,45,35,61,56
38377,2102,L,155,0.025806451612903226,0.07741935483870968,0.17419354838709677,0.15483870967741936,71,57,77,57,13
38483,2102,L,364,0.016483516483516484,0.07417582417582418,0.15384615384615385,0.23351648351648352,49,52,61,42,57
38512,2102,L,147,0.027210884353741496,0.10204081632653061,0.16326530612244897,0.17687074829931973,59,48,61,63,58
38576,2102,L,78,0.01282051282051282,0.0641025641025641,0.20512820512820512,0.24358974358974358,67,40,35,59,39
38611,2102,L,121,0.01652892561983471,0.09917355371900827,0.2644628099173554,0.18181818181818182,54,51,42,89,20
38674,2102,L,80,0.0125,0.0375,0.1625,0.2625,74,48,64,44,54
38763,2102,L,182,0.016483516483516484,0.06043956043956044,0.1813186813186813,0.25274725274725274,69,56,42,64,28
38795,2102,L,130,0.007692307692307693,0.06153846153846154,0.18461538461538463,0.24615384615384617,55,56,61,66,76
38807,2102,L,209,0.023923444976076555,0.06220095693779904,0.1722488038277512,0.22009569377990432,54,45,54,43,59
38836,2102,L,90,0.0,0.044444444444444446,0.18888888888888888,0.24444444444444444,49,63,56,63,18
38846,2102,L,54,0.07407407407407407,0.05555555555555555,0.12962962962962962,0.24074074074074073,47,48,40,47,25
38852,2102,L,149,0.006711409395973154,0.08053691275167785,0.174496644295302,0.18120805369127516,71,68,68,55,55
38866,2102,L,237,0.04219409282700422,0.08438818565400844,0.16877637130801687,0.189873417721519,50,37,60,44,33
38898,2102,L,293,0.027303754266211604,0.09897610921501707,0.24232081911262798,0.18088737201365188,47,61,73,73,56
38901,2102,L,216,0.013888888888888888,0.07407407407407407,0.21296296296296297,0.22685185185185186,43,39,29,43,51
38934,2102,L,63,0.015873015873015872,0.015873015873015872,0.047619047619047616,0.2857142857142857,50,51,50,35,55
38955,2102,L,298,0.016778523489932886,0.1040268456375839,0.1174496644295302,0.24161073825503357,48,53,67,60,55
38987,2102,L,334,0.014970059880239521,0.07784431137724551,0.1347305389221557,0.23652694610778444,44,42,55,55,56
38988,2102,L,393,0.015267175572519083,0.09923664122137404,0.178117048346056,0.24173027989821882,49,50,62,68,61
39003,2102,L,191,0.015706806282722512,0.07329842931937172,0.2094240837696335,0.225130890052356,58,51,57,85,31
39019,2102,L,44,0.0,0.11363636363636363,0.13636363636363635,0.29545454545454547,33,52,70,50,11
39043,2102,L,265,0.026415094339622643,0.04905660377358491,0.2188679245283019,0.15471698113207547,51,65,65,101,35
39049,2102,L,44,0.06818181818181818,0.13636363636363635,0.29545454545454547,0.11363636363636363,55,40,35,74,14
39069,2102,L,39,0.0,0.0,0.05128205128205128,0.3333333333333333,36,49,48,42,44
39106,2102,L,88,0.03409090909090909,0.10227272727272728,0.18181818181818182,0.1590909090909091,38,39,70,62,55
39199,2102,L,149,0.006711409395973154,0.11409395973154363,0.20134228187919462,0.2348993288590604,49,51,66,55,37
39238,2102,L,321,0.012461059190031152,0.08099688473520249,0.14018691588785046,0.1838006230529595,49,62,57,49,27
39261,2102,L,98,0.04081632653061224,0.061224489795918366,0.20408163265306123,0.21428571428571427,65,50,43,67,22
39300,2102,L,154,0.032467532467532464,0.11688311688311688,0.11688311688311688,0.18181818181818182,44,82,74,37,42
39327,2102,L,281,0.02491103202846975,0.08540925266903915,0.1423487544483986,0.20284697508896798,41,53,67,44,57
39399,2102,L,92,0.03260869565217391,0.09782608695652174,0.13043478260869565,0.1956521739130435,37,58,86,43,17
39424,2102,L,86,0.011627906976744186,0.046511627906976744,0.2441860465116279,0.22093023255813954,21,56,66,64,57
39641,2102,L,206,0.014563106796116505,0.04854368932038835,0.07281553398058252,0.2524271844660194,49,52,67,18,55
39745,2102,L,337,0.017804154302670624,0.08011869436201781,0.14540059347181009,0.2433234421364985,53,52,68,47,50
39769,2102,L,332,0.02710843373493976,0.10843373493975904,0.1355421686746988,0.2289156626506024,33,63,83,50,59
39822,2102,L,93,0.0967741935483871,0.043010752688172046,0.2903225806451613,0.16129032258064516,55,59,27,104,13
39950,2102,L,120,0.025,0.06666666666666667,0.2,0.21666666666666667,48,58,50,45,54
40097,2102,L,118,0.03389830508474576,0.0423728813559322,0.16101694915254236,0.2033898305084746,48,58,47,70,14
40156,2102,L,75,0.013333333333333334,0.12,0.2,0.2,39,64,57,74,24
40434,2102,L,39,0.0,0.0,0.20512820512820512,0.1794871794871795,72,61,53,65,10
40519,2102,L,78,0.05128205128205128,0.0641025641025641,0.21794871794871795,0.23076923076923078,62,43,43,40,73
40533,2102,L,120,0.03333333333333333,0.075,0.21666666666666667,0.19166666666666668,73,54,43,65,38
40592,2102,L,217,0.027649769585253458,0.055299539170506916,0.12903225806451613,0.2534562211981567,58,49,48,43,56
40606,2102,L,83,0.03614457831325301,0.08433734939759036,0.14457831325301204,0.14457831325301204,66,53,61,59,5
40617,2102,L,65,0.046153846153846156,0.03076923076923077,0.2153846153846154,0.15384615384615385,37,48,51,58,30
40636,2102,L,32,0.0,0.0625,0.1875,0.15625,49,43,53,37,34
40711,2102,L,37,0.0,0.13513513513513514,0.24324324324324326,0.10810810810810811,53,58,65,49,27
40838,2102,L,33,0.030303030303030304,0.24242424242424243,0.06060606060606061,0.24242424242424243,38,48,42,39,63
41194,2102,L,87,0.022988505747126436,0.06896551724137931,0.1839080459770115,0.1839080459770115,57,44,50,41,32
41203,2102,L,199,0.04522613065326633,0.09547738693467336,0.10050251256281408,0.22613065326633167,47,51,41,40,29
41231,2102,L,336,0.017857142857142856,0.07738095238095238,0.16666666666666666,0.20535714285714285,41,58,67,55,53
41297,2102,L,61,0.0,0.04918032786885246,0.32786885245901637,0.19672131147540983,60,65,37,107,24
41324,2102,L,94,0.02127659574468085,0.11702127659574468,0.2978723404255319,0.18085106382978725,45,57,68,80,11
41332,2102,L,120,0.016666666666666666,0.09166666666666666,0.19166666666666668,0.20833333333333334,39,44,29,49,12
41396,2102,L,109,0.009174311926605505,0.09174311926605505,0.26605504587155965,0.14678899082568808,38,55,50,60,56
41474,2102,L,144,0.020833333333333332,0.0625,0.1597222222222222,0.2708333333333333,45,60,76,49,12
41548,2102,L,234,0.029914529914529916,0.05555555555555555,0.20512820512820512,0.18376068376068377,35,54,43,57,66
41578,2102,L,50,0.04,0.12,0.3,0.24,38,65,89,82,8
41627,2102,L,42,0.047619047619047616,0.07142857142857142,0.14285714285714285,0.21428571428571427,34,66,73,71,15
41697,2102,L,86,0.0,0.08139534883720931,0.06976744186046512,0.1744186046511628,69,57,65,39,68
41717,2102,L,107,0.056074766355140186,0.102803738317757,0.22429906542056074,0.2523364485981308,52,60,43,85,9
41722,2102,L,163,0.03067484662576687,0.07975460122699386,0.17177914110429449,0.2147239263803681,43,47,36,47,51
41771,2102,L,160,0.0375,0.0625,0.1375,0.19375,51,60,63,56,13
41895,2102,L,47,0.0851063829787234,0.0851063829787234,0.14893617021276595,0.23404255319148937,43,45,33,49,12
41966,2102,L,238,0.025210084033613446,0.06302521008403361,0.13025210084033614,0.21008403361344538,49,43,43,31,55
41995,2102,L,131,0.04580152671755725,0.1297709923664122,0.05343511450381679,0.22900763358778625,57,45,48,33,45
42124,2102,L,183,0.0273224043715847,0.08196721311475409,0.15846994535519127,0.18579234972677597,90,54,81,57,29
42158,2102,L,120,0.016666666666666666,0.075,0.19166666666666668,0.23333333333333334,48,51,57,81,15
42160,2102,L,90,0.03333333333333333,0.1,0.17777777777777778,0.2222222222222222,19,48,74,45,62
42177,2102,L,190,0.02631578947368421,0.07894736842105263,0.20526315789473684,0.24736842105263157,41,46,50,57,62
42206,2102,L,172,0.011627906976744186,0.05232558139534884,0.2558139534883721,0.22093023255813954,72,81,89,81,60
42233,2102,L,50,0.04,0.06,0.2,0.18,56,47,43,64,1
42293,2102,L,80,0.0,0.05,0.2625,0.1625,33,51,42,91,9
42311,2102,L,196,0.01020408163265306,0.08163265306122448,0.12755102040816327,0.22959183673469388,45,60,48,51,54
42318,2102,L,50,0.02,0.06,0.1,0.36,64,53,41,56,14
42322,2102,L,122,0.0,0.05737704918032787,0.20491803278688525,0.21311475409836064,62,53,43,68,19
42326,2102,L,110,0.01818181818181818,0.10909090909090909,0.21818181818181817,0.15454545454545454,61,57,68,92,9
42423,2102,L,111,0.036036036036036036,0.036036036036036036,0.25225225225225223,0.2072072072072072,74,61,48,80,40
42470,2102,L,318,0.02830188679245283,0.09119496855345911,0.14779874213836477,0.20125786163522014,52,58,58,50,56
42519,2102,L,290,0.02413793103448276,0.10689655172413794,0.12758620689655173,0.22413793103448276,42,50,53,58,87
42575,2102,L,227,0.030837004405286344,0.0881057268722467,0.17180616740088106,0.23788546255506607,65,54,54,43,71
42599,2102,L,35,0.02857142857142857,0.08571428571428572,0.22857142857142856,0.22857142857142856,38,49,62,88,15
42610,2102,L,240,0.04583333333333333,0.0625,0.17916666666666667,0.23333333333333334,48,60,47,69,33
42631,2102,L,178,0.03932584269662921,0.09550561797752809,0.15168539325842698,0.2752808988764045,43,52,37,68,68
42667,2102,L,360,0.022222222222222223,0.05,0.175,0.225,50,51,57,56,37
42705,2102,L,299,0.030100334448160536,0.0903010033444816,0.13712374581939799,0.23745819397993312,45,54,46,50,61
42746,2102,L,52,0.038461538461538464,0.07692307692307693,0.17307692307692307,0.28846153846153844,90,58,53,75,8
42784,2102,L,130,0.007692307692307693,0.1076923076923077,0.16923076923076924,0.19230769230769232,39,50,39,62,59
42846,2102,L,54,0.037037037037037035,0.09259259259259259,0.2962962962962963,0.1111111111111111,30,59,43,75,16
42863,2102,L,310,0.025806451612903226,0.06451612903225806,0.13870967741935483,0.21935483870967742,88,55,56,53,72
42865,2102,L,142,0.014084507042253521,0.1056338028169014,0.1267605633802817,0.19718309859154928,42,53,45,66,13
42891,2102,L,36,0.08333333333333333,0.1111111111111111,0.05555555555555555,0.19444444444444445,43,46,41,69,12
42930,2102,L,93,0.021505376344086023,0.08602150537634409,0.22580645161290322,0.13978494623655913,32,66,69,60,57
43107,2102,L,325,0.024615384615384615,0.07384615384615385,0.17846153846153845,0.19076923076923077,41,62,43,60,59
43136,2102,L,106,0.018867924528301886,0.04716981132075472,0.16981132075471697,0.2169811320754717,48,53,50,50,33
43181,2102,L,348,0.022988505747126436,0.05747126436781609,0.1810344827586207,0.25,57,78,72,61,34
43256,2102,L,110,0.06363636363636363,0.10909090909090909,0.22727272727272727,0.2,61,57,46,94,10
43269,2102,L,359,0.008356545961002786,0.08635097493036212,0.11420612813370473,0.27019498607242337,49,61,79,43,52
43271,2102,L,96,0.020833333333333332,0.11458333333333333,0.1875,0.20833333333333334,43,54,53,61,12
43311,2102,L,322,0.012422360248447204,0.10248447204968944,0.14596273291925466,0.2422360248447205,48,54,47,38,40
43325,2102,L,104,0.009615384615384616,0.09615384615384616,0.28846153846153844,0.15384615384615385,77,66,78,76,31
43451,2102,L,78,0.05128205128205128,0.08974358974358974,0.19230769230769232,0.20512820512820512,51,53,58,61,11
43544,2102,L,302,0.023178807947019868,0.09271523178807947,0.18543046357615894,0.22847682119205298,43,53,53,64,51
43568,2102,L,73,0.0547945205479452,0.0684931506849315,0.1506849315068493,0.2602739726027397,37,58,48,59,56
43572,2102,L,30,0.03333333333333333,0.03333333333333333,0.1,0.36666666666666664,63,53,36,62,58
43658,2102,L,172,0.005813953488372093,0.06976744186046512,0.18023255813953487,0.2441860465116279,61,46,63,41,50
43680,2102,L,66,0.06060606060606061,0.045454545454545456,0.21212121212121213,0.19696969696969696,34,53,59,102,5
43810,2102,L,115,0.034782608695652174,0.09565217391304348,0.10434782608695652,0.25217391304347825,59,39,25,59,11
43949,2102,L,38,0.0,0.05263157894736842,0.18421052631578946,0.15789473684210525,38,56,39,37,60
44226,2102,L,65,0.03076923076923077,0.09230769230769231,0.1076923076923077,0.27692307692307694,55,53,46,39,40
44330,2102,L,67,0.014925373134328358,0.04477611940298507,0.2537313432835821,0.22388059701492538,82,53,72,38,31
44429,2102,L,121,0.01652892561983471,0.05785123966942149,0.21487603305785125,0.18181818181818182,50,55,71,78,40
44510,2102,L,85,0.0,0.08235294117647059,0.18823529411764706,0.21176470588235294,44,59,60,45,55
44530,2102,L,30,0.0,0.0,0.23333333333333334,0.26666666666666666,35,51,43,67,55
44730,2102,L,276,0.021739130434782608,0.07971014492753623,0.14855072463768115,0.213768115942029,59,54,71,39,51
44767,2102,L,59,0.03389830508474576,0.05084745762711865,0.23728813559322035,0.1864406779661017,56,60,76,65,55
44789,2102,L,101,0.0297029702970297,0.06930693069306931,0.25742574257425743,0.16831683168316833,44,62,53,74,69
44812,2102,L,248,0.024193548387096774,0.06854838709677419,0.14516129032258066,0.24193548387096775,65,53,51,41,64
44826,2102,L,238,0.029411764705882353,0.10084033613445378,0.11764705882352941,0.18487394957983194,41,45,46,48,35
44827,2102,L,201,0.024875621890547265,0.08955223880597014,0.16417910447761194,0.21393034825870647,45,50,45,38,54
44879,2102,L,105,0.0380952380952381,0.10476190476190476,0.17142857142857143,0.26666666666666666,54,46,45,51,32
44890,2102,L,71,0.056338028169014086,0.056338028169014086,0.23943661971830985,0.16901408450704225,71,54,38,77,22
44913,2102,L,152,0.046052631578947366,0.07236842105263158,0.11842105263157894,0.3026315789473684,90,53,51,44,41
44932,2102,L,242,0.03305785123966942,0.09090909090909091,0.128099173553719,0.2727272727272727,40,55,48,38,56
44998,2102,L,184,0.016304347826086956,0.09239130434782608,0.14130434782608695,0.2826086956521739,71,42,60,23,24
45024,2102,L,81,0.024691358024691357,0.12345679012345678,0.06172839506172839,0.2962962962962963,64,45,33,44,59
45080,2102,L,137,0.021897810218978103,0.051094890510948905,0.25547445255474455,0.145985401459854,62,57,43,63,64
45081,2102,L,52,0.0,0.0,0.19230769230769232,0.28846153846153844,95,65,67,55,43
45107,2102,L,233,0.03862660944206009,0.12017167381974249,0.16738197424892703,0.20600858369098712,46,64,52,58,54
45113,2102,L,174,0.011494252873563218,0.06321839080459771,0.23563218390804597,0.1724137931034483,83,76,97,78,59
45151,2102,L,132,0.015151515151515152,0.09090909090909091,0.22727272727272727,0.22727272727272727,21,59,59,103,17
45202,2102,L,278,0.046762589928057555,0.09712230215827339,0.1366906474820144,0.21942446043165467,33,51,41,50,61
45204,2102,L,335,0.014925373134328358,0.08656716417910448,0.1791044776119403,0.2507462686567164,50,60,58,53,55
45214,2102,L,33,0.0,0.15151515151515152,0.15151515151515152,0.2727272727272727,34,47,43,62,63
45234,2102,L,181,0.049723756906077346,0.10497237569060773,0.16022099447513813,0.14917127071823205,43,48,36,54,42
45235,2102,L,294,0.027210884353741496,0.07482993197278912,0.11564625850340136,0.21428571428571427,56,52,45,39,57
45238,2102,L,116,0.02586206896551724,0.0603448275862069,0.23275862068965517,0.14655172413793102,56,55,76,96,55
45765,2102,L,33,0.06060606060606061,0.06060606060606061,0.3333333333333333,0.15151515151515152,56,53,50,59,70
45826,2102,L,121,0.01652892561983471,0.06611570247933884,0.2231404958677686,0.1652892561983471,59,53,57,54,63
45909,2102,L,151,0.033112582781456956,0.026490066225165563,0.2185430463576159,0.1986754966887417,56,48,49,65,30
46061,2102,L,52,0.019230769230769232,0.057692307692307696,0.25,0.25,45,59,51,55,40
46094,2102,L,244,0.036885245901639344,0.0778688524590164,0.12704918032786885,0.2459016393442623,51,55,51,37,50
46096,2102,L,90,0.011111111111111112,0.06666666666666667,0.15555555555555556,0.23333333333333334,49,58,68,53,50
46229,2102,L,90,0.011111111111111112,0.044444444444444446,0.16666666666666666,0.17777777777777778,69,60,59,48,36
46232,2102,L,302,0.029801324503311258,0.1357615894039735,0.11258278145695365,0.2119205298013245,43,57,60,39,50
46260,2102,L,356,0.028089887640449437,0.07584269662921349,0.14887640449438203,0.199438202247191,64,70,48,74,54
46324,2102,L,299,0.010033444816053512,0.06688963210702341,0.2140468227424749,0.2408026755852843,67,71,72,61,58
46391,2102,L,78,0.0,0.1282051282051282,0.15384615384615385,0.19230769230769232,57,53,45,51,60
46392,2102,L,134,0.03731343283582089,0.06716417910447761,0.11194029850746269,0.26119402985074625,42,64,41,43,42
46397,2102,L,203,0.034482758620689655,0.08866995073891626,0.11330049261083744,0.2413793103448276,57,52,47,59,30
46449,2102,L,292,0.0273972602739726,0.08904109589041095,0.15753424657534246,0.2191780821917808,48,53,56,47,40
46468,2102,L,344,0.040697674418604654,0.07848837209302326,0.13953488372093023,0.1686046511627907,67,51,29,36,57
46534,2102,L,80,0.0125,0.0875,0.1875,0.1875,43,57,37,51,63
46587,2102,L,33,0.09090909090909091,0.15151515151515152,0.12121212121212122,0.18181818181818182,33,52,49,59,19
46819,2102,L,33,0.030303030303030304,0.12121212121212122,0.09090909090909091,0.24242424242424243,50,44,56,42,52
46928,2102,L,300,0.02,0.11666666666666667,0.16333333333333333,0.21333333333333335,34,75,52,67,62
46941,2102,L,282,0.01773049645390071,0.09574468085106383,0.1276595744680851,0.20921985815602837,66,59,54,47,63
46952,2102,L,86,0.03488372093023256,0.09302325581395349,0.22093023255813954,0.16279069767441862,45,68,51,50,95
46997,2102,L,232,0.02586206896551724,0.11206896551724138,0.22844827586206898,0.17672413793103448,37,75,56,85,71
47026,2102,L,89,0.02247191011235955,0.10112359550561797,0.1797752808988764,0.25842696629213485,52,54,60,45,66
47140,2102,L,151,0.013245033112582781,0.0728476821192053,0.15894039735099338,0.26490066225165565,53,56,67,53,82
47305,2102,L,108,0.05555555555555555,0.07407407407407407,0.16666666666666666,0.18518518518518517,52,48,43,64,7
47585,2102,L,190,0.042105263157894736,0.1368421052631579,0.23684210526315788,0.21052631578947367,42,56,27,81,55
47684,2102,L,101,0.019801980198019802,0.07920792079207921,0.21782178217821782,0.22772277227722773,45,52,73,52,13
47781,2102,L,50,0.06,0.04,0.2,0.26,70,55,39,53,58
47807,2102,L,191,0.041884816753926704,0.06282722513089005,0.16753926701570682,0.18848167539267016,59,60,38,62,44
48184,2102,L,364,0.019230769230769232,0.08516483516483517,0.16758241758241757,0.23901098901098902,60,64,71,71,55
48249,2102,L,147,0.05442176870748299,0.04081632653061224,0.24489795918367346,0.1564625850340136,65,53,38,81,21
48259,2102,L,165,0.024242424242424242,0.048484848484848485,0.18181818181818182,0.2,51,57,54,64,60
48404,2102,L,30,0.0,0.13333333333333333,0.2,0.16666666666666666,13,53,43,102,86
48450,2102,L,358,0.013966480446927373,0.08100558659217877,0.1871508379888268,0.17039106145251395,44,69,47,47,56
48547,2102,L,92,0.03260869565217391,0.08695652173913043,0.20652173913043478,0.18478260869565216,65,46,39,64,6
48689,2102,L,149,0.040268456375838924,0.087248322147651,0.20134228187919462,0.24161073825503357,54,47,46,42,28
48912,2102,L,68,0.0,0.014705882352941176,0.2647058823529412,0.25,37,58,61,59,57
48949,2102,L,368,0.010869565217391304,0.10597826086956522,0.12228260869565218,0.24456521739130435,33,67,51,47,75
49274,2102,L,353,0.042492917847025496,0.053824362606232294,0.16147308781869688,0.24079320113314448,52,61,48,37,73
49418,2102,L,126,0.03968253968253968,0.06349206349206349,0.2222222222222222,0.23809523809523808,48,46,44,74,11
49518,2102,L,129,0.03875968992248062,0.09302325581395349,0.1937984496124031,0.17054263565891473,49,54,56,73,10
49549,2102,L,111,0.018018018018018018,0.11711711711711711,0.17117117117117117,0.17117117117117117,58,58,83,55,61
50176,2102,L,264,0.01893939393939394,0.04924242424242424,0.14015151515151514,0.22727272727272727,68,70,36,36,57
50273,2102,L,69,0.014492753623188406,0.10144927536231885,0.2463768115942029,0.2028985507246377,52,72,38,62,57
51206,2102,L,285,0.02456140350877193,0.028070175438596492,0.1543859649122807,0.23859649122807017,69,53,66,36,38
51983,2102,L,54,0.018518518518518517,0.14814814814814814,0.14814814814814814,0.16666666666666666,52,51,42,44,59
55233,2102,L,191,0.020942408376963352,0.05235602094240838,0.17801047120418848,0.225130890052356,77,63,75,48,29
55292,2102,L,95,0.05263157894736842,0.031578947368421054,0.11578947368421053,0.28421052631578947,78,56,41,67,11
55591,2102,L,360,0.025,0.08055555555555556,0.17222222222222222,0.17777777777777778,45,70,53,56,59
55921,2102,L,224,0.017857142857142856,0.11607142857142858,0.16517857142857142,0.18303571428571427,45,52,77,64,43
56101,2102,L,258,0.04263565891472868,0.10852713178294573,0.17829457364341086,0.20930232558139536,43,52,49,41,58
60386,2102,L,239,0.03347280334728033,0.08368200836820083,0.14225941422594143,0.21338912133891214,62,63,50,37,28
60398,2102,L,78,0.038461538461538464,0.02564102564102564,0.16666666666666666,0.15384615384615385,82,67,64,48,15
60601,2102,L,262,0.019083969465648856,0.09541984732824428,0.16030534351145037,0.2099236641221374,36,61,48,59,52
61293,2102,L,346,0.014450867052023121,0.03468208092485549,0.12716763005780346,0.2543352601156069,91,57,58,34,61
62443,2102,L,112,0.044642857142857144,0.07142857142857142,0.10714285714285714,0.25892857142857145,43,47,37,44,51
62510,2102,L,331,0.02416918429003021,0.09063444108761329,0.19939577039274925,0.19637462235649547,43,79,65,77,61
63964,2102,L,120,0.05,0.06666666666666667,0.21666666666666667,0.19166666666666668,59,60,44,49,60
64848,2102,L,243,0.024691358024691357,0.06584362139917696,0.11934156378600823,0.2674897119341564,50,65,55,37,31
65856,2102,L,159,0.012578616352201259,0.05660377358490566,0.13836477987421383,0.1761006289308176,70,50,48,41,50
66044,2102,L,93,0.010752688172043012,0.07526881720430108,0.16129032258064516,0.2903225806451613,48,60,57,69,8
66466,2102,L,88,0.056818181818181816,0.13636363636363635,0.09090909090909091,0.26136363636363635,36,58,44,34,70
69165,2102,L,112,0.05357142857142857,0.10714285714285714,0.24107142857142858,0.16071428571428573,45,43,43,63,22
70268,2102,L,35,0.05714285714285714,0.08571428571428572,0.05714285714285714,0.2857142857142857,37,54,24,60,65
70719,2102,L,90,0.011111111111111112,0.08888888888888889,0.15555555555555556,0.17777777777777778,53,57,72,42,17
70749,2102,L,328,0.009146341463414634,0.09451219512195122,0.14329268292682926,0.23780487804878048,88,53,88,27,26
70793,2102,L,76,0.013157894736842105,0.05263157894736842,0.07894736842105263,0.2894736842105263,46,53,62,49,32
70808,2102,L,154,0.05194805194805195,0.045454545454545456,0.16233766233766234,0.2727272727272727,56,54,66,44,74
70813,2102,L,44,0.022727272727272728,0.06818181818181818,0.2727272727272727,0.18181818181818182,28,56,62,106,17
70901,2102,L,113,0.035398230088495575,0.11504424778761062,0.168141592920354,0.23893805309734514,29,51,47,88,22
70983,2102,L,53,0.018867924528301886,0.09433962264150944,0.2830188679245283,0.18867924528301888,37,59,67,82,29
71023,2102,L,144,0.041666666666666664,0.09722222222222222,0.13194444444444445,0.2152777777777778,39,52,48,36,39
71088,2102,L,47,0.0,0.0425531914893617,0.2765957446808511,0.2553191489361702,49,61,48,105,13
71215,2102,L,267,0.04119850187265917,0.06741573033707865,0.1198501872659176,0.23595505617977527,57,48,54,66,50
71252,2102,L,109,0.01834862385321101,0.045871559633027525,0.24770642201834864,0.23853211009174313,57,59,61,68,58
71536,2102,L,62,0.016129032258064516,0.08064516129032258,0.20967741935483872,0.24193548387096775,40,70,46,71,31
71544,2102,L,90,0.011111111111111112,0.1,0.16666666666666666,0.2,25,56,29,67,13
71555,2102,L,68,0.04411764705882353,0.20588235294117646,0.08823529411764706,0.22058823529411764,19,48,31,31,92
71561,2102,L,88,0.0,0.07954545454545454,0.22727272727272727,0.19318181818181818,48,59,83,101,3
71589,2102,L,122,0.00819672131147541,0.07377049180327869,0.21311475409836064,0.18032786885245902,51,58,53,66,23
71593,2102,L,35,0.02857142857142857,0.05714285714285714,0.2,0.17142857142857143,46,58,40,40,82
71715,2102,L,291,0.03436426116838488,0.0859106529209622,0.16838487972508592,0.18556701030927836,54,63,46,78,92
71782,2102,L,60,0.0,0.03333333333333333,0.13333333333333333,0.35,64,40,56,80,29
71907,2102,L,120,0.016666666666666666,0.16666666666666666,0.15833333333333333,0.20833333333333334,36,45,48,43,46
71930,2102,L,38,0.02631578947368421,0.07894736842105263,0.18421052631578946,0.18421052631578946,39,48,25,63,25
72013,2102,L,129,0.015503875968992248,0.11627906976744186,0.17054263565891473,0.2248062015503876,38,71,45,95,53
72054,2102,L,367,0.021798365122615803,0.09809264305177112,0.11989100817438691,0.22070844686648503,32,53,60,36,80
72059,2102,L,303,0.026402640264026403,0.09900990099009901,0.21782178217821782,0.1848184818481848,45,66,47,77,51
72062,2102,L,64,0.015625,0.171875,0.125,0.21875,32,34,36,33,55
72139,2102,L,127,0.047244094488188976,0.07086614173228346,0.15748031496062992,0.12598425196850394,54,59,45,70,6
72364,2102,L,164,0.018292682926829267,0.08536585365853659,0.1951219512195122,0.21951219512195122,45,64,61,50,88
72366,2102,L,115,0.06956521739130435,0.14782608695652175,0.08695652173913043,0.25217391304347825,42,54,47,56,22
72434,2102,L,239,0.04602510460251046,0.13389121338912133,0.15481171548117154,0.19665271966527198,30,58,43,45,74
72458,2102,L,94,0.0425531914893617,0.0425531914893617,0.2978723404255319,0.13829787234042554,45,57,45,97,11
72517,2102,L,282,0.0035460992907801418,0.06382978723404255,0.13829787234042554,0.23049645390070922,48,62,48,61,39
72549,2102,L,128,0.0234375,0.0703125,0.1171875,0.2421875,59,52,67,34,18
72574,2102,L,46,0.0,0.13043478260869565,0.15217391304347827,0.2608695652173913,40,60,41,51,13
72603,2102,L,159,0.07547169811320754,0.0440251572327044,0.1949685534591195,0.20125786163522014,55,62,50,76,20
72646,2102,L,50,0.0,0.12,0.24,0.2,79,74,91,105,11
72679,2102,L,66,0.0,0.030303030303030304,0.2727272727272727,0.16666666666666666,54,63,67,87,31
72708,2102,L,279,0.017921146953405017,0.06093189964157706,0.21505376344086022,0.1827956989247312,48,47,56,52,74
72828,2102,L,31,0.06451612903225806,0.06451612903225806,0.16129032258064516,0.25806451612903225,51,53,38,39,61
72838,2102,L,52,0.019230769230769232,0.09615384615384616,0.2692307692307692,0.17307692307692307,65,53,73,56,43
72845,2102,L,391,0.020460358056265986,0.0792838874680307,0.1815856777493606,0.24040920716112532,54,60,59,72,91
72901,2102,L,92,0.10869565217391304,0.10869565217391304,0.09782608695652174,0.1956521739130435,33,56,35,25,60
73062,2102,L,78,0.01282051282051282,0.10256410256410256,0.10256410256410256,0.2564102564102564,42,58,40,51,75
73066,2102,L,169,0.03550295857988166,0.0650887573964497,0.1952662721893491,0.25443786982248523,62,57,45,35,70
73117,2102,L,48,0.041666666666666664,0.125,0.10416666666666667,0.2708333333333333,31,43,36,35,15
73132,2102,L,275,0.02909090909090909,0.07636363636363637,0.21454545454545454,0.1709090909090909,43,47,66,69,85
73141,2102,L,122,0.07377049180327869,0.08196721311475409,0.12295081967213115,0.16393442622950818,41,50,30,35,10
73148,2102,L,75,0.013333333333333334,0.10666666666666667,0.12,0.22666666666666666,32,42,26,23,24
73169,2102,L,153,0.0457516339869281,0.10457516339869281,0.1895424836601307,0.1503267973856209,36,67,33,53,70
73249,2102,L,226,0.04424778761061947,0.061946902654867256,0.09292035398230089,0.252212389380531,43,61,45,38,36
73288,2102,L,52,0.019230769230769232,0.09615384615384616,0.21153846153846154,0.17307692307692307,53,52,54,48,51
73393,2102,L,243,0.02880658436213992,0.0823045267489712,0.13168724279835392,0.21810699588477367,44,51,40,46,96
73659,2102,L,78,0.0641025641025641,0.14102564102564102,0.15384615384615385,0.2692307692307692,41,51,48,41,31
73812,2102,L,140,0.02857142857142857,0.07142857142857142,0.15714285714285714,0.29285714285714287,39,48,48,68,24
73822,2102,L,39,0.02564102564102564,0.10256410256410256,0.3076923076923077,0.15384615384615385,53,54,39,106,22
73837,2102,L,125,0.0,0.128,0.136,0.272,55,50,54,27,77
73851,2102,L,196,0.015306122448979591,0.11224489795918367,0.15306122448979592,0.1836734693877551,35,51,47,54,30
73863,2102,L,59,0.01694915254237288,0.06779661016949153,0.3220338983050847,0.13559322033898305,68,60,96,51,29
73873,2102,L,348,0.040229885057471264,0.09770114942528736,0.10919540229885058,0.22413793103448276,53,47,58,30,56
73935,2102,L,30,0.0,0.1,0.23333333333333334,0.1,39,58,42,36,63
73945,2102,L,379,0.023746701846965697,0.05804749340369393,0.16886543535620052,0.24010554089709762,82,65,88,62,90
73958,2102,L,356,0.019662921348314606,0.08146067415730338,0.15730337078651685,0.18258426966292135,62,56,62,39,65
73978,2102,L,34,0.0,0.23529411764705882,0.08823529411764706,0.29411764705882354,33,53,37,39,52
73990,2102,L,84,0.047619047619047616,0.2619047619047619,0.16666666666666666,0.14285714285714285,16,56,37,62,2
74043,2102,L,53,0.05660377358490566,0.05660377358490566,0.2641509433962264,0.1509433962264151,19,61,59,106,50
74053,2102,L,198,0.030303030303030304,0.1111111111111111,0.17676767676767677,0.23232323232323232,19,52,47,82,53
74104,2102,L,125,0.016,0.064,0.16,0.24,59,63,61,75,16
74120,2102,L,272,0.029411764705882353,0.07720588235294118,0.14338235294117646,0.19117647058823528,54,50,44,37,57
74123,2102,L,64,0.046875,0.0625,0.3125,0.15625,34,59,55,108,15
74139,2102,L,149,0.020134228187919462,0.10067114093959731,0.11409395973154363,0.21476510067114093,54,38,50,42,54
74182,2102,L,74,0.02702702702702703,0.10810810810810811,0.1891891891891892,0.10810810810810811,74,61,68,60,56
74187,2102,L,220,0.031818181818181815,0.06363636363636363,0.20454545454545456,0.18181818181818182,58,52,56,66,56
74295,2102,L,62,0.0,0.11290322580645161,0.24193548387096775,0.1774193548387097,20,60,55,96,14
74374,2102,L,159,0.018867924528301886,0.22641509433962265,0.1509433962264151,0.1761006289308176,2,43,31,96,67
74384,2102,L,118,0.01694915254237288,0.09322033898305085,0.211864406779661,0.1864406779661017,43,54,46,68,19
74405,2102,L,224,0.03125,0.15178571428571427,0.16964285714285715,0.20535714285714285,32,62,69,66,33
74436,2102,L,258,0.031007751937984496,0.05426356589147287,0.10465116279069768,0.2596899224806202,65,55,70,33,79
74459,2102,L,270,0.03333333333333333,0.1111111111111111,0.17777777777777778,0.23703703703703705,28,72,29,38,67
74488,2102,L,113,0.07964601769911504,0.07079646017699115,0.1415929203539823,0.19469026548672566,39,53,39,44,60
74490,2102,L,56,0.03571428571428571,0.08928571428571429,0.07142857142857142,0.30357142857142855,27,35,34,36,51
74555,2102,L,172,0.029069767441860465,0.10465116279069768,0.1744186046511628,0.18604651162790697,46,58,71,67,23
74611,2102,L,49,0.0,0.08163265306122448,0.2653061224489796,0.1836734693877551,37,54,52,70,4
74654,2102,L,69,0.014492753623188406,0.057971014492753624,0.14492753623188406,0.21739130434782608,75,61,61,32,19
74658,2102,L,47,0.06382978723404255,0.06382978723404255,0.3404255319148936,0.14893617021276595,42,71,65,111,20
74672,2102,L,286,0.006993006993006993,0.06293706293706294,0.13636363636363635,0.19230769230769232,56,55,42,36,97
75375,2102,L,286,0.017482517482517484,0.055944055944055944,0.2062937062937063,0.24475524475524477,70,56,56,60,58
75384,2102,L,261,0.0038314176245210726,0.06896551724137931,0.10344827586206896,0.23371647509578544,78,55,83,21,42
75821,2102,L,345,0.02608695652173913,0.06666666666666667,0.10144927536231885,0.26666666666666666,90,53,86,31,46
76089,2102,L,100,0.04,0.1,0.14,0.27,42,53,46,84,18
76191,2102,L,71,0.0,0.028169014084507043,0.28169014084507044,0.16901408450704225,38,59,68,85,6
77250,2102,L,114,0.008771929824561403,0.07017543859649122,0.23684210526315788,0.20175438596491227,55,54,59,106,20
77385,2102,L,40,0.025,0.1,0.2,0.175,32,55,48,54,21
77406,2102,L,130,0.015384615384615385,0.13076923076923078,0.13076923076923078,0.2846153846153846,45,56,62,48,13
77485,2102,L,125,0.04,0.08,0.176,0.2,64,48,53,76,15
78271,2102,L,75,0.013333333333333334,0.10666666666666667,0.2,0.2,45,39,49,65,24
78744,2102,L,323,0.015479876160990712,0.07739938080495357,0.13622291021671826,0.23839009287925697,45,60,69,42,72
78772,2102,L,87,0.04597701149425287,0.12643678160919541,0.22988505747126436,0.11494252873563218,35,58,47,84,18
78832,2102,L,113,0.05309734513274336,0.19469026548672566,0.20353982300884957,0.19469026548672566,9,39,35,88,21
78898,2102,L,53,0.018867924528301886,0.03773584905660377,0.24528301886792453,0.16981132075471697,34,52,50,58,13
78902,2102,L,38,0.05263157894736842,0.10526315789473684,0.21052631578947367,0.2631578947368421,39,57,61,68,26
78984,2102,L,102,0.058823529411764705,0.08823529411764706,0.058823529411764705,0.27450980392156865,63,52,56,18,78
79025,2102,L,50,0.0,0.1,0.28,0.18,39,37,40,82,11
79131,2102,L,131,0.06870229007633588,0.10687022900763359,0.1450381679389313,0.20610687022900764,44,61,56,57,24
79768,2102,L,44,0.0,0.06818181818181818,0.1590909090909091,0.29545454545454547,34,60,57,72,21
79791,2102,L,117,0.017094017094017096,0.1111111111111111,0.23931623931623933,0.19658119658119658,46,61,56,109,20
81347,2102,L,130,0.046153846153846156,0.11538461538461539,0.2153846153846154,0.24615384615384617,46,56,43,100,17
84762,2102,L,188,0.005319148936170213,0.010638297872340425,0.11170212765957446,0.25,104,63,115,31,81
84,2103,R,445,0.020224719101123594,0.07191011235955057,0.23595505617977527,0.1797752808988764,50,78,59,60,52
549,2103,R,173,0.023121387283236993,0.05202312138728324,0.23121387283236994,0.2138728323699422,43,55,41,102,16
699,2103,R,227,0.01762114537444934,0.07488986784140969,0.33480176211453744,0.14537444933920704,71,60,51,115,24
743,2103,R,104,0.08653846153846154,0.057692307692307696,0.21153846153846154,0.22115384615384615,63,58,43,96,12
1205,2103,R,46,0.0,0.08695652173913043,0.2391304347826087,0.1956521739130435,47,60,56,56,55
1258,2103,R,477,0.016771488469601678,0.05870020964360587,0.23060796645702306,0.1970649895178197,65,71,83,84,83
1330,2103,R,707,0.03818953323903819,0.08486562942008487,0.1485148514851485,0.2036775106082037,44,57,49,48,59
1444,2103,R,181,0.022099447513812154,0.12154696132596685,0.23756906077348067,0.20441988950276244,27,51,36,84,23
1472,2103,R,487,0.030800821355236138,0.08008213552361396,0.18275154004106775,0.22176591375770022,65,60,73,50,56
1479,2103,R,367,0.02997275204359673,0.0653950953678474,0.08991825613079019,0.2452316076294278,75,60,83,26,32
1528,2103,R,126,0.047619047619047616,0.0873015873015873,0.1111111111111111,0.2777777777777778,35,56,35,48,75
2113,2103,R,192,0.026041666666666668,0.06770833333333333,0.234375,0.19270833333333334,68,57,49,82,11
2150,2103,R,77,0.025974025974025976,0.11688311688311688,0.19480519480519481,0.2077922077922078,31,43,46,100,11
2236,2103,R,216,0.023148148148148147,0.08333333333333333,0.23148148148148148,0.2037037037037037,42,54,45,89,3
19365,2103,R,249,0.028112449799196786,0.08433734939759036,0.18875502008032127,0.18875502008032127,47,55,55,54,70
19581,2103,R,163,0.018404907975460124,0.0736196319018405,0.17791411042944785,0.2392638036809816,52,58,55,76,68
19835,2103,R,61,0.03278688524590164,0.08196721311475409,0.08196721311475409,0.2786885245901639,48,58,45,31,37
19899,2103,R,455,0.026373626373626374,0.07692307692307693,0.15384615384615385,0.22637362637362637,40,53,36,36,48
19974,2103,R,116,0.0603448275862069,0.08620689655172414,0.13793103448275862,0.2672413793103448,53,54,35,69,70
20022,2103,R,91,0.02197802197802198,0.13186813186813187,0.21978021978021978,0.26373626373626374,33,48,42,75,50
20076,2103,R,228,0.02631578947368421,0.09210526315789473,0.20614035087719298,0.2236842105263158,45,52,60,98,16
20383,2103,R,328,0.027439024390243903,0.04573170731707317,0.20121951219512196,0.23170731707317074,60,52,48,63,96
20402,2103,R,154,0.025974025974025976,0.07792207792207792,0.19480519480519481,0.18831168831168832,40,62,81,87,4
21174,2103,R,382,0.031413612565445025,0.06282722513089005,0.13612565445026178,0.18586387434554974,61,45,55,37,82
22319,2103,R,208,0.02403846153846154,0.028846153846153848,0.18269230769230768,0.1971153846153846,70,46,51,60,59
23003,2103,R,161,0.024844720496894408,0.08074534161490683,0.22981366459627328,0.21739130434782608,33,55,46,83,14
23608,2103,R,372,0.013440860215053764,0.056451612903225805,0.15591397849462366,0.25806451612903225,100,58,73,33,45
23652,2103,R,338,0.023668639053254437,0.0621301775147929,0.17751479289940827,0.23372781065088757,51,54,56,45,51
24129,2103,R,138,0.057971014492753624,0.09420289855072464,0.21014492753623187,0.21739130434782608,42,50,36,75,21
24224,2103,R,412,0.012135922330097087,0.06553398058252427,0.1796116504854369,0.22330097087378642,48,59,98,37,62
24273,2103,R,481,0.014553014553014554,0.08731808731808732,0.15592515592515593,0.22245322245322247,58,56,62,44,94
24360,2103,R,319,0.018808777429467086,0.08463949843260188,0.18808777429467086,0.25705329153605017,50,50,73,54,28
24506,2103,R,300,0.013333333333333334,0.056666666666666664,0.17,0.21666666666666667,57,65,69,48,58
25018,2103,R,189,0.010582010582010581,0.05291005291005291,0.1693121693121693,0.24867724867724866,47,52,79,37,9
25066,2103,R,88,0.022727272727272728,0.06818181818181818,0.13636363636363635,0.22727272727272727,41,50,40,55,20
25574,2103,R,329,0.0486322188449848,0.11550151975683891,0.14285714285714285,0.23708206686930092,45,67,44,47,59
25591,2103,R,155,0.0064516129032258064,0.04516129032258064,0.27741935483870966,0.1870967741935484,53,61,80,82,59
25768,2103,R,462,0.030303030303030304,0.09956709956709957,0.11688311688311688,0.22727272727272727,48,51,63,40,33
25904,2103,R,55,0.01818181818181818,0.03636363636363636,0.36363636363636365,0.2,38,57,72,73,62
25927,2103,R,521,0.03262955854126679,0.053742802303262956,0.16698656429942418,0.22840690978886757,82,54,58,52,59
26076,2103,R,140,0.014285714285714285,0.09285714285714286,0.15714285714285714,0.2,51,55,45,46,15
26089,2103,R,45,0.06666666666666667,0.022222222222222223,0.2222222222222222,0.13333333333333333,54,60,74,52,17
26168,2103,R,151,0.006622516556291391,0.059602649006622516,0.16556291390728478,0.271523178807947,59,52,53,37,51
26197,2103,R,204,0.04411764705882353,0.058823529411764705,0.24509803921568626,0.1715686274509804,54,58,50,70,16
26210,2103,R,236,0.0423728813559322,0.08050847457627118,0.17796610169491525,0.2033898305084746,48,72,48,97,7
26213,2103,R,216,0.027777777777777776,0.10185185185185185,0.14814814814814814,0.2037037037037037,37,57,58,44,51
26249,2103,R,233,0.017167381974248927,0.0815450643776824,0.19313304721030042,0.23605150214592274,46,58,56,59,64
26267,2103,R,282,0.014184397163120567,0.11702127659574468,0.20921985815602837,0.20567375886524822,47,55,58,101,11
26693,2103,R,77,0.05194805194805195,0.03896103896103896,0.09090909090909091,0.23376623376623376,57,39,55,48,30
26756,2103,R,207,0.033816425120772944,0.05314009661835749,0.178743961352657,0.26570048309178745,54,52,40,70,23
26811,2103,R,266,0.015037593984962405,0.08646616541353383,0.2518796992481203,0.19924812030075187,61,61,88,70,30
27038,2103,R,427,0.02810304449648712,0.07259953161592506,0.09836065573770492,0.2505854800936768,49,49,66,27,58
27363,2103,R,208,0.03365384615384615,0.09134615384615384,0.18269230769230768,0.1971153846153846,46,52,47,68,15
27642,2103,R,47,0.02127659574468085,0.0425531914893617,0.23404255319148937,0.10638297872340426,88,49,66,72,56
28586,2103,R,208,0.03365384615384615,0.08653846153846154,0.16346153846153846,0.22596153846153846,34,58,51,76,12
28596,2103,R,146,0.02054794520547945,0.0684931506849315,0.1917808219178082,0.19863013698630136,69,70,80,64,56
28604,2103,R,36,0.027777777777777776,0.25,0.1111111111111111,0.25,19,45,31,52,31
28753,2103,R,418,0.03110047846889952,0.11961722488038277,0.16507177033492823,0.21291866028708134,30,50,31,61,61
29100,2103,R,208,0.02403846153846154,0.08653846153846154,0.23076923076923078,0.17307692307692307,45,61,53,54,24
29480,2103,R,169,0.023668639053254437,0.07692307692307693,0.20710059171597633,0.23668639053254437,55,66,63,56,3
29533,2103,R,359,0.016713091922005572,0.06963788300835655,0.1309192200557103,0.2841225626740947,74,59,73,40,60
29618,2103,R,398,0.020100502512562814,0.052763819095477386,0.1457286432160804,0.26884422110552764,83,56,77,39,61
29894,2103,R,116,0.04310344827586207,0.08620689655172414,0.12931034482758622,0.21551724137931033,43,50,46,36,67
29958,2103,R,47,0.10638297872340426,0.06382978723404255,0.23404255319148937,0.23404255319148937,62,64,21,101,16
29980,2103,R,331,0.03323262839879154,0.06646525679758308,0.1933534743202417,0.24773413897280966,56,46,58,48,53
30142,2103,R,249,0.028112449799196786,0.08835341365461848,0.26506024096385544,0.18072289156626506,68,47,46,80,6
30148,2103,R,382,0.0549738219895288,0.06544502617801047,0.1518324607329843,0.2198952879581152,61,56,50,72,55
30208,2103,R,256,0.0078125,0.109375,0.19921875,0.17578125,24,58,81,75,33
30286,2103,R,333,0.015015015015015015,0.07807807807807808,0.1891891891891892,0.22822822822822822,58,43,53,63,40
30309,2103,R,35,0.02857142857142857,0.08571428571428572,0.22857142857142856,0.3142857142857143,32,47,58,64,8
30590,2103,R,367,0.02452316076294278,0.06267029972752043,0.18528610354223432,0.23160762942779292,48,63,65,78,44
30631,2103,R,152,0.019736842105263157,0.05263157894736842,0.2236842105263158,0.17763157894736842,59,51,46,58,26
30676,2103,R,437,0.032036613272311214,0.08009153318077804,0.16475972540045766,0.2471395881006865,77,66,54,70,66
30907,2103,R,148,0.033783783783783786,0.04054054054054054,0.23648648648648649,0.25675675675675674,64,63,57,108,8
31165,2103,R,76,0.039473684210526314,0.06578947368421052,0.21052631578947367,0.2236842105263158,39,46,46,90,4
31326,2103,R,333,0.02702702702702703,0.04804804804804805,0.17417417417417416,0.2072072072072072,49,51,73,53,21
31580,2103,R,209,0.028708133971291867,0.06698564593301436,0.15789473684210525,0.20095693779904306,48,58,33,70,33
31723,2103,R,381,0.02099737532808399,0.08136482939632546,0.2073490813648294,0.1942257217847769,51,55,51,48,58
31754,2103,R,438,0.0319634703196347,0.06621004566210045,0.19406392694063926,0.22602739726027396,50,62,41,63,85
31764,2103,R,324,0.012345679012345678,0.06790123456790123,0.16358024691358025,0.22530864197530864,55,56,48,54,40
31809,2103,R,121,0.01652892561983471,0.008264462809917356,0.36363636363636365,0.18181818181818182,57,67,46,108,15
31963,2103,R,494,0.01417004048582996,0.06680161943319839,0.15991902834008098,0.23076923076923078,59,60,81,51,54
31968,2103,R,427,0.03044496487119438,0.03981264637002342,0.13817330210772832,0.22716627634660422,91,46,73,30,29
32145,2103,R,255,0.01568627450980392,0.08235294117647059,0.1450980392156863,0.20784313725490197,41,53,64,49,59
32146,2103,R,132,0.022727272727272728,0.07575757575757576,0.24242424242424243,0.25,52,63,41,65,7
32185,2103,R,96,0.041666666666666664,0.07291666666666667,0.1875,0.21875,84,64,50,94,11
32255,2103,R,264,0.022727272727272728,0.07954545454545454,0.1553030303030303,0.2159090909090909,46,49,51,49,66
32306,2103,R,354,0.04519774011299435,0.0423728813559322,0.1638418079096045,0.22598870056497175,58,60,25,56,72
32341,2103,R,434,0.020737327188940093,0.0967741935483871,0.18202764976958524,0.2119815668202765,63,61,51,45,58
32500,2103,R,359,0.022284122562674095,0.10863509749303621,0.20612813370473537,0.23119777158774374,48,60,43,57,68
32511,2103,R,504,0.025793650793650792,0.06746031746031746,0.16666666666666666,0.24801587301587302,73,55,55,56,56
32538,2103,R,377,0.034482758620689655,0.10079575596816977,0.20954907161803712,0.20689655172413793,44,60,41,87,85
32539,2103,R,96,0.020833333333333332,0.03125,0.16666666666666666,0.28125,50,62,31,79,7
32548,2103,R,31,0.03225806451612903,0.12903225806451613,0.16129032258064516,0.2903225806451613,50,41,43,63,6
32672,2103,R,326,0.03680981595092025,0.08588957055214724,0.22699386503067484,0.2361963190184049,37,60,43,74,77
32720,2103,R,120,0.025,0.1,0.16666666666666666,0.18333333333333332,51,41,47,61,7
32821,2103,R,349,0.03151862464183381,0.08022922636103152,0.14040114613180515,0.2636103151862464,57,53,48,67,41
32909,2103,R,173,0.04046242774566474,0.06936416184971098,0.2138728323699422,0.24277456647398843,34,58,56,58,57
32954,2103,R,245,0.0326530612244898,0.0653061224489796,0.19183673469387755,0.22448979591836735,49,55,59,72,12
33013,2103,R,441,0.024943310657596373,0.09297052154195011,0.30612244897959184,0.1746031746031746,24,71,62,113,92
33185,2103,R,202,0.01485148514851485,0.04455445544554455,0.22277227722772278,0.2376237623762376,70,56,49,48,16
33251,2103,R,346,0.028901734104046242,0.09826589595375723,0.22254335260115607,0.20809248554913296,33,54,45,63,45
33368,2103,R,70,0.02857142857142857,0.08571428571428572,0.2857142857142857,0.21428571428571427,51,60,31,83,8
33431,2103,R,311,0.04823151125401929,0.04823151125401929,0.20257234726688103,0.22186495176848875,71,54,51,53,80
33509,2103,R,33,0.0,0.06060606060606061,0.21212121212121213,0.30303030303030304,68,59,42,72,36
33561,2103,R,114,0.02631578947368421,0.09649122807017543,0.10526315789473684,0.2631578947368421,42,48,63,26,65
33571,2103,R,295,0.030508474576271188,0.05084745762711865,0.24745762711864408,0.2033898305084746,78,58,59,59,84
33667,2103,R,179,0.0223463687150838,0.05027932960893855,0.2905027932960894,0.2346368715083799,45,64,39,104,5
33709,2103,R,95,0.021052631578947368,0.08421052631578947,0.25263157894736843,0.21052631578947367,56,56,45,72,15
33785,2103,R,182,0.02197802197802198,0.06043956043956044,0.3241758241758242,0.17582417582417584,60,60,73,109,14
33816,2103,R,409,0.029339853300733496,0.06845965770171149,0.20293398533007334,0.21026894865525672,47,52,63,64,49
33845,2103,R,130,0.015384615384615385,0.06923076923076923,0.16923076923076924,0.23846153846153847,60,52,49,53,47
33944,2103,R,106,0.02830188679245283,0.11320754716981132,0.19811320754716982,0.16037735849056603,39,56,50,74,15
33989,2103,R,428,0.018691588785046728,0.06542056074766354,0.19158878504672897,0.16355140186915887,54,59,62,55,63
34003,2103,R,89,0.011235955056179775,0.12359550561797752,0.1797752808988764,0.2247191011235955,37,46,46,65,9
34252,2103,R,455,0.02197802197802198,0.046153846153846156,0.25934065934065936,0.24395604395604395,51,69,50,90,61
34324,2103,R,32,0.0,0.125,0.1875,0.21875,33,64,57,80,57
34372,2103,R,112,0.03571428571428571,0.05357142857142857,0.16071428571428573,0.22321428571428573,50,53,49,59,4
34448,2103,R,438,0.02054794520547945,0.07534246575342465,0.1141552511415525,0.2602739726027397,57,52,47,30,78
34522,2103,R,283,0.03180212014134275,0.0706713780918728,0.1978798586572438,0.24734982332155478,52,51,67,64,26
34588,2103,R,105,0.01904761904761905,0.01904761904761905,0.19047619047619047,0.21904761904761905,53,62,36,54,39
34675,2103,R,292,0.04452054794520548,0.08561643835616438,0.1917808219178082,0.1678082191780822,51,63,36,47,51
34726,2103,R,328,0.039634146341463415,0.06707317073170732,0.18292682926829268,0.21036585365853658,45,55,55,48,55
35188,2103,R,157,0.03184713375796178,0.07643312101910828,0.18471337579617833,0.2929936305732484,37,52,45,54,30
35229,2103,R,209,0.03827751196172249,0.03827751196172249,0.15311004784688995,0.2679425837320574,76,68,83,57,11
35269,2103,R,396,0.03787878787878788,0.06565656565656566,0.20707070707070707,0.21717171717171718,55,45,41,67,42
35531,2103,R,99,0.06060606060606061,0.0707070707070707,0.2222222222222222,0.21212121212121213,55,59,31,86,8
35552,2103,R,216,0.009259259259259259,0.06944444444444445,0.26851851851851855,0.2175925925925926,42,67,49,101,19
35653,2103,R,62,0.04838709677419355,0.016129032258064516,0.0967741935483871,0.1774193548387097,74,66,60,44,41
35910,2103,R,127,0.015748031496062992,0.07874015748031496,0.15748031496062992,0.25196850393700787,41,56,50,77,67
35922,2103,R,362,0.022099447513812154,0.06629834254143646,0.1878453038674033,0.19337016574585636,50,51,47,48,54
36426,2103,R,371,0.016172506738544475,0.0646900269541779,0.16172506738544473,0.22641509433962265,50,62,74,69,63
36516,2103,R,181,0.03314917127071823,0.08839779005524862,0.1712707182320442,0.19337016574585636,46,62,23,69,59
36523,2103,R,215,0.009302325581395349,0.10697674418604651,0.16279069767441862,0.24186046511627907,51,66,68,53,40
36544,2103,R,208,0.019230769230769232,0.11057692307692307,0.15384615384615385,0.24519230769230768,48,41,48,59,14
36558,2103,R,262,0.022900763358778626,0.10305343511450382,0.17938931297709923,0.1946564885496183,46,44,52,50,41
36610,2103,R,186,0.016129032258064516,0.10215053763440861,0.16129032258064516,0.24193548387096775,44,49,74,60,24
36697,2103,R,273,0.029304029304029304,0.09157509157509157,0.21611721611721613,0.21611721611721613,50,60,51,57,56
36709,2103,R,412,0.03155339805825243,0.08495145631067962,0.15048543689320387,0.2621359223300971,48,52,42,43,61
36727,2103,R,401,0.02493765586034913,0.057356608478802994,0.1546134663341646,0.2543640897755611,47,55,50,37,29
36728,2103,R,125,0.008,0.056,0.2,0.288,56,57,52,65,32
36749,2103,R,435,0.04367816091954023,0.052873563218390804,0.2367816091954023,0.1839080459770115,79,70,51,84,58
36751,2103,R,255,0.0392156862745098,0.09019607843137255,0.23137254901960785,0.18823529411764706,53,52,40,65,33
36825,2103,R,198,0.06565656565656566,0.08080808080808081,0.18686868686868688,0.15656565656565657,51,50,40,55,46
36830,2103,R,189,0.0582010582010582,0.09523809523809523,0.15873015873015872,0.20634920634920634,49,49,32,56,56
36846,2103,R,577,0.02772963604852686,0.05199306759098787,0.18370883882149047,0.24436741767764297,76,75,73,59,28
36870,2103,R,85,0.047058823529411764,0.047058823529411764,0.27058823529411763,0.15294117647058825,58,61,28,75,38
36943,2103,R,142,0.035211267605633804,0.06338028169014084,0.24647887323943662,0.176056338028169,37,60,45,85,8
37007,2103,R,474,0.03164556962025317,0.05063291139240506,0.19831223628691982,0.1962025316455696,61,65,55,58,42
37032,2103,R,202,0.034653465346534656,0.06435643564356436,0.1782178217821782,0.22772277227722773,45,58,41,61,11
37102,2103,R,182,0.02197802197802198,0.054945054945054944,0.26373626373626374,0.16483516483516483,50,56,34,84,17
37193,2103,R,166,0.018072289156626505,0.0963855421686747,0.20481927710843373,0.18674698795180722,43,53,52,55,28
37282,2103,R,419,0.016706443914081145,0.059665871121718374,0.1766109785202864,0.1766109785202864,71,67,54,48,49
37349,2103,R,146,0.03424657534246575,0.07534246575342465,0.273972602739726,0.1643835616438356,48,58,65,69,18
37365,2103,R,33,0.06060606060606061,0.15151515151515152,0.24242424242424243,0.21212121212121213,50,62,58,56,23
37472,2103,R,457,0.037199124726477024,0.05908096280087528,0.17286652078774617,0.2647702407002188,73,53,38,61,64
37585,2103,R,84,0.023809523809523808,0.14285714285714285,0.19047619047619047,0.21428571428571427,45,57,58,54,33
37609,2103,R,567,0.012345679012345678,0.0582010582010582,0.24162257495590828,0.21516754850088182,82,84,98,91,77
37620,2103,R,442,0.01809954751131222,0.038461538461538464,0.21266968325791855,0.2171945701357466,66,75,83,55,61
37728,2103,R,417,0.02877697841726619,0.0671462829736211,0.15347721822541965,0.18944844124700239,45,64,56,44,74
37752,2103,R,32,0.0,0.0625,0.40625,0.1875,46,48,37,45,56
37785,2103,R,150,0.04,0.05333333333333334,0.17333333333333334,0.22,49,48,62,48,19
37967,2103,R,275,0.014545454545454545,0.02181818181818182,0.14545454545454545,0.26545454545454544,86,61,52,34,62
38104,2103,R,681,0.03671071953010279,0.08370044052863436,0.1512481644640235,0.19530102790014683,44,50,54,47,63
38161,2103,R,69,0.043478260869565216,0.11594202898550725,0.08695652173913043,0.2463768115942029,46,50,51,32,38
38269,2103,R,438,0.02054794520547945,0.0776255707762557,0.15753424657534246,0.2557077625570776,48,56,73,47,55
38342,2103,R,240,0.041666666666666664,0.04583333333333333,0.25416666666666665,0.1875,61,53,41,102,15
38348,2103,R,189,0.031746031746031744,0.12698412698412698,0.13227513227513227,0.20105820105820105,32,55,65,82,10
38363,2103,R,383,0.02610966057441253,0.057441253263707574,0.1514360313315927,0.2193211488250653,70,45,37,59,53
38377,2103,R,174,0.034482758620689655,0.04597701149425287,0.26436781609195403,0.1896551724137931,80,84,85,73,10
38466,2103,R,32,0.03125,0.09375,0.21875,0.28125,52,57,58,47,46
38512,2103,R,182,0.01098901098901099,0.054945054945054944,0.2967032967032967,0.1978021978021978,66,62,60,66,64
38576,2103,R,80,0.0625,0.075,0.1875,0.2375,65,37,32,43,31
38608,2103,R,87,0.0,0.08045977011494253,0.1839080459770115,0.1839080459770115,50,52,50,65,35
38611,2103,R,152,0.019736842105263157,0.06578947368421052,0.2894736842105263,0.19736842105263158,56,53,43,88,17
38640,2103,R,145,0.05517241379310345,0.09655172413793103,0.15172413793103448,0.25517241379310346,41,56,54,66,6
38750,2103,R,57,0.05263157894736842,0.08771929824561403,0.14035087719298245,0.14035087719298245,47,58,18,86,27
38763,2103,R,210,0.01904761904761905,0.04285714285714286,0.18571428571428572,0.24285714285714285,64,56,45,55,28
38795,2103,R,502,0.037848605577689244,0.0697211155378486,0.18127490039840638,0.20916334661354583,55,58,59,66,74
38807,2103,R,229,0.017467248908296942,0.0611353711790393,0.14847161572052403,0.24890829694323144,61,52,52,41,57
38836,2103,R,147,0.02040816326530612,0.10884353741496598,0.19047619047619047,0.1360544217687075,49,60,62,58,24
38852,2103,R,610,0.03114754098360656,0.06229508196721312,0.14590163934426228,0.22950819672131148,61,57,58,48,57
38898,2103,R,393,0.015267175572519083,0.05597964376590331,0.19338422391857507,0.26717557251908397,46,68,72,70,57
38937,2103,R,436,0.045871559633027525,0.08027522935779817,0.16055045871559634,0.21330275229357798,38,45,35,44,55
38955,2103,R,375,0.016,0.07466666666666667,0.23466666666666666,0.21066666666666667,49,64,76,65,47
38987,2103,R,503,0.015904572564612324,0.08151093439363817,0.20079522862823063,0.1908548707753479,49,46,67,58,55
38988,2103,R,429,0.039627039627039624,0.08624708624708624,0.2097902097902098,0.23543123543123542,39,56,45,70,60
39003,2103,R,244,0.012295081967213115,0.07377049180327869,0.20491803278688525,0.21311475409836064,53,49,49,70,32
39043,2103,R,378,0.026455026455026454,0.082010582010582,0.29365079365079366,0.17195767195767195,52,70,71,101,40
39049,2103,R,226,0.035398230088495575,0.06637168141592921,0.19911504424778761,0.19911504424778761,61,60,36,88,11
39106,2103,R,135,0.014814814814814815,0.07407407407407407,0.2,0.2222222222222222,39,54,71,52,56
39199,2103,R,103,0.02912621359223301,0.08737864077669903,0.13592233009708737,0.22330097087378642,48,59,72,57,39
39238,2103,R,374,0.0374331550802139,0.06417112299465241,0.18449197860962566,0.21657754010695188,46,57,56,45,31
39261,2103,R,258,0.03488372093023256,0.06201550387596899,0.2248062015503876,0.24031007751937986,61,51,43,57,18
39300,2103,R,681,0.023494860499265784,0.07342143906020558,0.11600587371512482,0.25844346549192365,40,77,70,34,46
39327,2103,R,343,0.01749271137026239,0.08163265306122448,0.17201166180758018,0.23615160349854228,40,52,63,49,56
39745,2103,R,421,0.030878859857482184,0.07125890736342043,0.14014251781472684,0.26365795724465557,52,56,65,46,54
39769,2103,R,420,0.016666666666666666,0.09047619047619047,0.19523809523809524,0.21428571428571427,33,75,84,48,62
39822,2103,R,210,0.07142857142857142,0.0761904761904762,0.22857142857142856,0.19523809523809524,58,59,26,104,11
40097,2103,R,165,0.03636363636363636,0.07272727272727272,0.17575757575757575,0.18787878787878787,53,61,46,67,12
40156,2103,R,126,0.031746031746031744,0.14285714285714285,0.24603174603174602,0.16666666666666666,39,62,48,71,19
40434,2103,R,217,0.018433179723502304,0.04608294930875576,0.15668202764976957,0.2304147465437788,68,62,62,60,8
40526,2103,R,129,0.046511627906976744,0.08527131782945736,0.18604651162790697,0.23255813953488372,32,67,42,75,42
40533,2103,R,475,0.04,0.06947368421052631,0.15789473684210525,0.2505263157894737,67,53,36,65,37
40592,2103,R,329,0.030395136778115502,0.0668693009118541,0.1337386018237082,0.22492401215805471,58,48,50,37,55
40606,2103,R,108,0.018518518518518517,0.05555555555555555,0.18518518518518517,0.19444444444444445,63,55,68,58,9
40617,2103,R,318,0.025157232704402517,0.1289308176100629,0.16981132075471697,0.22012578616352202,37,48,61,58,27
40711,2103,R,419,0.016706443914081145,0.08353221957040573,0.12649164677804295,0.24343675417661098,53,55,63,36,23
41194,2103,R,211,0.04739336492890995,0.08530805687203792,0.14218009478672985,0.24170616113744076,55,45,47,48,26
41203,2103,R,312,0.04487179487179487,0.07051282051282051,0.1762820512820513,0.1858974358974359,51,57,47,52,30
41231,2103,R,234,0.021367521367521368,0.0811965811965812,0.1581196581196581,0.2094017094017094,42,61,67,47,48
41297,2103,R,208,0.057692307692307696,0.07692307692307693,0.20192307692307693,0.20192307692307693,66,60,34,91,25
41324,2103,R,54,0.018518518518518517,0.12962962962962962,0.24074074074074073,0.25925925925925924,44,63,67,96,11
41332,2103,R,208,0.038461538461538464,0.09134615384615384,0.27884615384615385,0.15865384615384615,55,64,34,103,13
41396,2103,R,348,0.040229885057471264,0.09195402298850575,0.13505747126436782,0.22701149425287356,36,54,41,40,55
41548,2103,R,137,0.029197080291970802,0.10948905109489052,0.2116788321167883,0.1897810218978102,36,60,42,58,65
41559,2103,R,174,0.04597701149425287,0.08045977011494253,0.27586206896551724,0.1839080459770115,41,54,62,84,11
41578,2103,R,152,0.02631578947368421,0.09868421052631579,0.19736842105263158,0.23026315789473684,39,56,61,53,11
41697,2103,R,630,0.022222222222222223,0.09365079365079365,0.13015873015873017,0.20476190476190476,71,52,58,32,67
41722,2103,R,35,0.05714285714285714,0.08571428571428572,0.11428571428571428,0.22857142857142856,41,47,36,44,54
41771,2103,R,96,0.010416666666666666,0.125,0.07291666666666667,0.3020833333333333,49,57,49,50,9
41895,2103,R,190,0.015789473684210527,0.11052631578947368,0.21578947368421053,0.1736842105263158,47,60,44,83,11
41966,2103,R,150,0.04,0.08666666666666667,0.12666666666666668,0.23333333333333334,49,53,48,37,54
41995,2103,R,195,0.020512820512820513,0.07692307692307693,0.1641025641025641,0.26666666666666666,60,58,48,31,38
42001,2103,R,343,0.029154518950437316,0.05830903790087463,0.18075801749271136,0.21574344023323616,48,57,44,47,27
42013,2103,R,78,0.01282051282051282,0.07692307692307693,0.15384615384615385,0.21794871794871795,48,45,59,51,59
42124,2103,R,271,0.02214022140221402,0.05904059040590406,0.2029520295202952,0.22140221402214022,87,63,96,58,26
42158,2103,R,163,0.012269938650306749,0.07975460122699386,0.2331288343558282,0.1901840490797546,46,49,54,81,11
42177,2103,R,325,0.03076923076923077,0.08615384615384615,0.2153846153846154,0.25846153846153846,39,53,50,63,63
42206,2103,R,532,0.018796992481203006,0.06203007518796992,0.17481203007518797,0.18796992481203006,67,68,77,70,59
42228,2103,R,183,0.060109289617486336,0.08196721311475409,0.09289617486338798,0.26229508196721313,58,59,37,54,84
42311,2103,R,317,0.00946372239747634,0.08517350157728706,0.15772870662460567,0.20189274447949526,45,63,49,52,59
42322,2103,R,227,0.02643171806167401,0.07048458149779736,0.28634361233480177,0.19823788546255505,65,61,40,71,24
42326,2103,R,179,0.0223463687150838,0.01675977653631285,0.31843575418994413,0.20670391061452514,66,59,75,93,12
42423,2103,R,596,0.04697986577181208,0.07885906040268456,0.17114093959731544,0.20302013422818793,72,52,36,61,37
42470,2103,R,480,0.0125,0.06458333333333334,0.17291666666666666,0.25,52,57,49,48,58
42519,2103,R,391,0.028132992327365727,0.09462915601023018,0.15089514066496162,0.19437340153452684,43,57,60,46,88
42575,2103,R,420,0.011904761904761904,0.05238095238095238,0.18095238095238095,0.23333333333333334,63,55,57,39,72
42599,2103,R,115,0.02608695652173913,0.08695652173913043,0.21739130434782608,0.20869565217391303,39,50,53,79,12
42610,2103,R,289,0.020761245674740483,0.08996539792387544,0.17301038062283736,0.21107266435986158,46,59,44,55,32
42631,2103,R,195,0.0,0.041025641025641026,0.23076923076923078,0.2205128205128205,46,63,42,77,71
42667,2103,R,403,0.022332506203473945,0.0794044665012407,0.21836228287841192,0.21339950372208435,53,57,60,53,36
42746,2103,R,247,0.024291497975708502,0.048582995951417005,0.24696356275303644,0.1862348178137652,90,59,52,74,10
42784,2103,R,104,0.019230769230769232,0.0673076923076923,0.16346153846153846,0.23076923076923078,43,57,44,70,55
42846,2103,R,178,0.033707865168539325,0.12359550561797752,0.1797752808988764,0.2303370786516854,28,58,43,71,16
42863,2103,R,392,0.017857142857142856,0.05612244897959184,0.22959183673469388,0.24489795918367346,88,60,64,55,72
42865,2103,R,184,0.021739130434782608,0.08695652173913043,0.16304347826086957,0.27717391304347827,43,52,49,65,12
42930,2103,R,265,0.04150943396226415,0.12830188679245283,0.15849056603773584,0.2,36,64,73,52,55
43089,2103,R,420,0.02142857142857143,0.05476190476190476,0.09285714285714286,0.2761904761904762,65,39,57,16,54
43107,2103,R,353,0.019830028328611898,0.09631728045325778,0.18696883852691218,0.19830028328611898,37,61,42,57,57
43119,2103,R,237,0.029535864978902954,0.05063291139240506,0.1350210970464135,0.22784810126582278,60,49,70,45,84
43181,2103,R,469,0.02771855010660981,0.06183368869936034,0.17484008528784648,0.24946695095948826,54,77,48,50,37
43256,2103,R,123,0.016260162601626018,0.10569105691056911,0.17886178861788618,0.21951219512195122,56,56,48,88,10
43269,2103,R,337,0.011869436201780416,0.06231454005934718,0.1572700296735905,0.2344213649851632,47,57,74,40,53
43271,2103,R,94,0.02127659574468085,0.07446808510638298,0.09574468085106383,0.2978723404255319,37,57,50,56,14
43311,2103,R,415,0.02650602409638554,0.07710843373493977,0.163855421686747,0.2,50,56,41,40,58
43325,2103,R,347,0.025936599423631124,0.05187319884726225,0.21037463976945245,0.19596541786743515,78,70,72,74,28
43416,2103,R,230,0.034782608695652174,0.06521739130434782,0.1608695652173913,0.20869565217391303,60,54,25,46,55
43544,2103,R,421,0.023752969121140142,0.08788598574821853,0.19002375296912113,0.2042755344418052,45,56,50,80,54
43566,2103,R,160,0.01875,0.09375,0.0875,0.26875,46,57,70,32,40
43658,2103,R,182,0.016483516483516484,0.06043956043956044,0.15384615384615385,0.26373626373626374,61,52,59,38,54
43680,2103,R,119,0.008403361344537815,0.07563025210084033,0.23529411764705882,0.19327731092436976,35,64,65,105,3
43810,2103,R,41,0.0975609756097561,0.0975609756097561,0.2926829268292683,0.14634146341463414,66,54,34,102,14
44330,2103,R,60,0.016666666666666666,0.03333333333333333,0.08333333333333333,0.2833333333333333,77,53,54,34,30
44429,2103,R,345,0.05217391304347826,0.08115942028985507,0.13043478260869565,0.25507246376811593,36,46,44,49,37
44510,2103,R,158,0.04430379746835443,0.10759493670886076,0.1518987341772152,0.23417721518987342,43,60,57,58,54
44530,2103,R,609,0.034482758620689655,0.10180623973727422,0.1839080459770115,0.18883415435139572,42,53,51,64,57
44565,2103,R,36,0.027777777777777776,0.19444444444444445,0.1111111111111111,0.2777777777777778,47,46,62,32,57
44730,2103,R,399,0.02756892230576441,0.06516290726817042,0.17543859649122806,0.22305764411027568,63,53,75,39,25
44772,2103,R,100,0.03,0.09,0.21,0.18,49,56,54,47,34
44789,2103,R,283,0.045936395759717315,0.08833922261484099,0.1696113074204947,0.17314487632508835,39,57,43,63,69
44812,2103,R,283,0.014134275618374558,0.053003533568904596,0.21554770318021202,0.19434628975265017,62,61,64,68,54
44827,2103,R,253,0.011857707509881422,0.10276679841897234,0.20948616600790515,0.17786561264822134,65,61,70,49,50
44890,2103,R,128,0.0234375,0.078125,0.2421875,0.203125,74,55,47,71,20
44913,2103,R,225,0.008888888888888889,0.044444444444444446,0.17333333333333334,0.2222222222222222,82,53,49,39,42
44998,2103,R,216,0.023148148148148147,0.07407407407407407,0.12037037037037036,0.22685185185185186,76,52,69,31,26
45024,2103,R,204,0.03431372549019608,0.03431372549019608,0.16666666666666666,0.2107843137254902,74,44,36,37,61
45080,2103,R,74,0.06756756756756757,0.06756756756756757,0.1891891891891892,0.24324324324324326,54,57,40,71,63
45081,2103,R,67,0.014925373134328358,0.05970149253731343,0.208955223880597,0.1791044776119403,59,56,43,42,42
45107,2103,R,251,0.0199203187250996,0.043824701195219126,0.16733067729083664,0.250996015936255,53,64,50,54,53
45113,2103,R,768,0.01953125,0.05078125,0.22526041666666666,0.21354166666666666,71,75,88,84,48
45151,2103,R,173,0.023121387283236993,0.12138728323699421,0.26011560693641617,0.12716763005780346,22,60,71,99,13
45202,2103,R,34,0.029411764705882353,0.058823529411764705,0.3235294117647059,0.20588235294117646,42,66,69,80,62
45204,2103,R,459,0.010893246187363835,0.06318082788671024,0.18736383442265794,0.23529411764705882,49,64,48,56,54
45235,2103,R,194,0.010309278350515464,0.06701030927835051,0.18041237113402062,0.21649484536082475,57,60,56,45,56
45238,2103,R,656,0.0350609756097561,0.09451219512195122,0.15396341463414634,0.20579268292682926,48,41,55,57,39
45487,2103,R,188,0.05319148936170213,0.07446808510638298,0.1595744680851064,0.2127659574468085,45,55,37,45,61
45511,2103,R,371,0.02425876010781671,0.0862533692722372,0.15633423180592992,0.24528301886792453,40,73,64,37,53
45765,2103,R,381,0.03412073490813648,0.09448818897637795,0.15485564304461943,0.2047244094488189,55,52,48,57,66
45826,2103,R,631,0.025356576862123614,0.06497622820919176,0.1473851030110935,0.23613312202852615,49,52,54,48,62
45909,2103,R,307,0.03908794788273615,0.05211726384364821,0.23778501628664495,0.21172638436482086,60,67,71,81,30
46061,2103,R,111,0.02702702702702703,0.09009009009009009,0.21621621621621623,0.18018018018018017,45,54,49,56,37
46096,2103,R,89,0.0449438202247191,0.056179775280898875,0.12359550561797752,0.25842696629213485,37,58,49,54,55
46229,2103,R,284,0.035211267605633804,0.09507042253521127,0.15140845070422534,0.2007042253521127,57,56,46,36,39
46232,2103,R,110,0.02727272727272727,0.11818181818181818,0.16363636363636364,0.2727272727272727,43,60,67,46,37
46234,2103,R,360,0.027777777777777776,0.10555555555555556,0.20277777777777778,0.20555555555555555,34,63,48,43,57
46260,2103,R,467,0.014989293361884369,0.047109207708779445,0.17558886509635974,0.20556745182012848,62,66,54,53,54
46324,2103,R,386,0.031088082901554404,0.07253886010362694,0.16839378238341968,0.20984455958549222,71,75,82,59,61
46391,2103,R,618,0.03398058252427184,0.0744336569579288,0.15372168284789645,0.23948220064724918,53,56,46,53,61
46397,2103,R,242,0.02066115702479339,0.08264462809917356,0.26859504132231404,0.17768595041322313,53,62,57,73,30
46418,2103,R,80,0.025,0.0875,0.1625,0.275,33,50,70,55,35
46449,2103,R,189,0.026455026455026454,0.06349206349206349,0.15343915343915343,0.23809523809523808,49,63,60,52,38
46534,2103,R,163,0.03067484662576687,0.0736196319018405,0.24539877300613497,0.18404907975460122,51,70,46,59,60
46819,2103,R,89,0.0,0.06741573033707865,0.15730337078651685,0.19101123595505617,51,50,63,50,54
46928,2103,R,450,0.015555555555555555,0.08444444444444445,0.21555555555555556,0.19333333333333333,34,83,63,65,63
46941,2103,R,312,0.04807692307692308,0.05448717948717949,0.1794871794871795,0.27884615384615385,73,59,61,44,63
46952,2103,R,202,0.04455445544554455,0.06930693069306931,0.19306930693069307,0.17326732673267325,44,67,49,50,96
46997,2103,R,372,0.03494623655913978,0.0967741935483871,0.23655913978494625,0.21505376344086022,40,77,58,87,71
47026,2103,R,372,0.021505376344086023,0.10215053763440861,0.14516129032258066,0.22043010752688172,49,55,50,44,65
47140,2103,R,630,0.01904761904761905,0.1,0.12857142857142856,0.22063492063492063,48,57,60,46,86
47305,2103,R,144,0.020833333333333332,0.09722222222222222,0.3055555555555556,0.19444444444444445,54,72,67,112,4
47473,2103,R,377,0.04774535809018567,0.1246684350132626,0.15915119363395225,0.23607427055702918,29,56,39,52,49
47585,2103,R,95,0.021052631578947368,0.06315789473684211,0.3368421052631579,0.2,45,58,30,94,55
47684,2103,R,168,0.005952380952380952,0.08333333333333333,0.20238095238095238,0.22023809523809523,45,63,72,62,11
47778,2103,R,185,0.05405405405405406,0.0972972972972973,0.17297297297297298,0.22702702702702704,43,45,43,71,12
47781,2103,R,370,0.02702702702702703,0.04054054054054054,0.22432432432432434,0.23513513513513515,65,56,36,73,40
47807,2103,R,218,0.01834862385321101,0.06880733944954129,0.22935779816513763,0.2018348623853211,54,58,43,57,44
48004,2103,R,252,0.007936507936507936,0.0992063492063492,0.18253968253968253,0.20238095238095238,41,63,67,50,25
48184,2103,R,526,0.028517110266159697,0.07984790874524715,0.23193916349809887,0.19391634980988592,63,62,64,65,58
48249,2103,R,180,0.03333333333333333,0.10555555555555556,0.21666666666666667,0.19444444444444445,58,55,33,78,23
48259,2103,R,623,0.03531300160513644,0.11075441412520064,0.16693418940609953,0.20706260032102727,41,57,38,61,58
48450,2103,R,429,0.023310023310023312,0.07925407925407925,0.18181818181818182,0.16083916083916083,52,72,54,52,40
48547,2103,R,84,0.047619047619047616,0.023809523809523808,0.16666666666666666,0.19047619047619047,65,47,34,59,8
49274,2103,R,413,0.026634382566585957,0.08232445520581114,0.15254237288135594,0.26150121065375304,58,69,64,49,70
49355,2103,R,202,0.04455445544554455,0.12871287128712872,0.14356435643564355,0.19306930693069307,26,43,27,43,78
49418,2103,R,45,0.08888888888888889,0.044444444444444446,0.17777777777777778,0.2222222222222222,50,50,42,75,14
49518,2103,R,204,0.014705882352941176,0.04411764705882353,0.2107843137254902,0.24509803921568626,47,56,60,67,8
49549,2103,R,381,0.023622047244094488,0.08661417322834646,0.11023622047244094,0.23622047244094488,48,51,62,41,65
49830,2103,R,187,0.0213903743315508,0.08021390374331551,0.1711229946524064,0.22994652406417113,34,52,50,48,74
49924,2103,R,271,0.04059040590405904,0.07011070110701106,0.15498154981549817,0.2029520295202952,55,58,66,31,34
50176,2103,R,134,0.022388059701492536,0.07462686567164178,0.17164179104477612,0.208955223880597,70,82,42,48,61
50273,2103,R,455,0.02197802197802198,0.08131868131868132,0.14285714285714285,0.21318681318681318,54,71,36,49,59
51206,2103,R,444,0.018018018018018018,0.07207207207207207,0.17342342342342343,0.20495495495495494,71,59,73,36,43
55233,2103,R,281,0.03202846975088968,0.046263345195729534,0.16370106761565836,0.21708185053380782,76,63,63,45,21
55292,2103,R,211,0.037914691943127965,0.06635071090047394,0.14218009478672985,0.1895734597156398,68,56,45,67,10
55591,2103,R,194,0.05154639175257732,0.061855670103092786,0.17525773195876287,0.23195876288659795,43,76,57,59,57
55921,2103,R,287,0.013937282229965157,0.10452961672473868,0.22996515679442509,0.21254355400696864,44,54,74,72,39
56101,2103,R,393,0.017811704834605598,0.08142493638676845,0.18575063613231552,0.2544529262086514,45,56,59,44,57
60398,2103,R,86,0.03488372093023256,0.046511627906976744,0.23255813953488372,0.16279069767441862,85,68,61,46,15
60601,2103,R,361,0.024930747922437674,0.11357340720221606,0.2188365650969529,0.2077562326869806,36,60,48,53,53
61293,2103,R,485,0.018556701030927835,0.04742268041237113,0.16907216494845362,0.2309278350515464,92,57,60,34,57
62055,2103,R,421,0.019002375296912115,0.09026128266033254,0.19477434679334918,0.23515439429928742,45,61,51,54,62
62371,2103,R,108,0.027777777777777776,0.06481481481481481,0.1574074074074074,0.2222222222222222,58,40,60,37,61
62510,2103,R,414,0.01932367149758454,0.0748792270531401,0.1932367149758454,0.1859903381642512,44,78,68,61,55
63964,2103,R,90,0.044444444444444446,0.022222222222222223,0.2111111111111111,0.24444444444444444,59,55,43,47,59
64848,2103,R,170,0.029411764705882353,0.052941176470588235,0.19411764705882353,0.20588235294117646,55,74,64,53,30
65856,2103,R,88,0.022727272727272728,0.07954545454545454,0.14772727272727273,0.26136363636363635,76,53,51,38,53
66466,2103,R,338,0.029585798816568046,0.08579881656804733,0.12721893491124261,0.20118343195266272,45,59,45,36,58
69165,2103,R,171,0.03508771929824561,0.05847953216374269,0.18128654970760233,0.21637426900584794,43,51,48,75,23
70719,2103,R,164,0.012195121951219513,0.07317073170731707,0.22560975609756098,0.2621951219512195,50,64,73,55,17
70749,2103,R,293,0.006825938566552901,0.06143344709897611,0.10921501706484642,0.2627986348122867,91,65,98,35,22
70793,2103,R,303,0.0165016501650165,0.0627062706270627,0.20462046204620463,0.24422442244224424,45,55,72,48,28
70808,2103,R,327,0.012232415902140673,0.039755351681957186,0.20795107033639143,0.21712538226299694,64,56,65,45,73
70813,2103,R,133,0.022556390977443608,0.06766917293233082,0.23308270676691728,0.2556390977443609,30,57,66,106,16
70861,2103,R,117,0.05982905982905983,0.05128205128205128,0.28205128205128205,0.18803418803418803,40,69,28,99,16
70901,2103,R,259,0.03088803088803089,0.0888030888030888,0.26640926640926643,0.21235521235521235,31,54,47,96,21
70905,2103,R,81,0.04938271604938271,0.09876543209876543,0.24691358024691357,0.20987654320987653,28,46,43,72,29
70983,2103,R,107,0.018691588785046728,0.14953271028037382,0.14018691588785046,0.18691588785046728,35,52,48,48,32
71088,2103,R,205,0.05365853658536585,0.1073170731707317,0.21951219512195122,0.2048780487804878,47,52,35,64,14
71215,2103,R,453,0.013245033112582781,0.0640176600441501,0.16556291390728478,0.23620309050772628,56,49,55,61,54
71536,2103,R,55,0.09090909090909091,0.14545454545454545,0.09090909090909091,0.2,36,49,31,35,30
71548,2103,R,558,0.03046594982078853,0.10752688172043011,0.14695340501792115,0.23655913978494625,39,59,43,57,56
71561,2103,R,225,0.013333333333333334,0.07111111111111111,0.14222222222222222,0.21777777777777776,42,50,66,64,4
71593,2103,R,407,0.04914004914004914,0.07616707616707617,0.17936117936117937,0.2457002457002457,51,62,46,48,58
71608,2103,R,146,0.03424657534246575,0.0958904109589041,0.136986301369863,0.2465753424657534,43,58,50,50,12
71624,2103,R,653,0.03215926493108729,0.10107197549770292,0.1562021439509954,0.23583460949464014,36,59,41,48,67
71715,2103,R,486,0.030864197530864196,0.03909465020576132,0.24074074074074073,0.20781893004115226,54,66,50,96,92
71740,2103,R,64,0.0,0.125,0.140625,0.21875,40,45,47,43,65
71766,2103,R,318,0.05660377358490566,0.11320754716981132,0.22327044025157233,0.18867924528301888,52,56,33,72,57
71775,2103,R,262,0.026717557251908396,0.07633587786259542,0.22519083969465647,0.18702290076335878,47,53,57,53,25
71782,2103,R,179,0.027932960893854747,0.07262569832402235,0.20670391061452514,0.24581005586592178,74,42,54,73,28
71785,2103,R,46,0.0,0.043478260869565216,0.17391304347826086,0.2391304347826087,37,58,48,33,58
71800,2103,R,157,0.08917197452229299,0.09554140127388536,0.11464968152866242,0.2611464968152866,36,61,32,39,75
71816,2103,R,88,0.011363636363636364,0.09090909090909091,0.20454545454545456,0.2840909090909091,37,65,50,79,12
71823,2103,R,312,0.03205128205128205,0.08333333333333333,0.16346153846153846,0.1987179487179487,30,66,66,45,36
71907,2103,R,428,0.018691588785046728,0.12383177570093458,0.18691588785046728,0.21962616822429906,39,50,49,49,47
71911,2103,R,73,0.0821917808219178,0.0958904109589041,0.0684931506849315,0.2054794520547945,57,50,28,42,64
71930,2103,R,148,0.033783783783783786,0.07432432432432433,0.2905405405405405,0.17567567567567569,48,63,30,103,23
72013,2103,R,694,0.02881844380403458,0.1239193083573487,0.1484149855907781,0.2478386167146974,40,63,44,51,54
72037,2103,R,400,0.0225,0.0625,0.18,0.185,65,58,48,46,70
72054,2103,R,512,0.013671875,0.123046875,0.193359375,0.173828125,35,59,67,49,82
72059,2103,R,369,0.037940379403794036,0.0921409214092141,0.2791327913279133,0.17073170731707318,68,74,67,105,54
72062,2103,R,121,0.05785123966942149,0.09090909090909091,0.1322314049586777,0.2231404958677686,33,39,37,38,55
72065,2103,R,91,0.0989010989010989,0.12087912087912088,0.12087912087912088,0.2857142857142857,36,58,24,44,51
72081,2103,R,31,0.0,0.06451612903225806,0.12903225806451613,0.3548387096774194,55,49,49,57,16
72139,2103,R,131,0.03816793893129771,0.04580152671755725,0.20610687022900764,0.19083969465648856,67,63,58,96,7
72187,2103,R,198,0.005050505050505051,0.08080808080808081,0.12626262626262627,0.22727272727272727,46,47,64,36,70
72364,2103,R,86,0.023255813953488372,0.05813953488372093,0.16279069767441862,0.27906976744186046,48,70,76,54,32
72366,2103,R,62,0.016129032258064516,0.11290322580645161,0.20967741935483872,0.16129032258064516,43,57,48,63,23
72434,2103,R,338,0.011834319526627219,0.08579881656804733,0.1863905325443787,0.20414201183431951,29,59,39,49,71
72458,2103,R,116,0.04310344827586207,0.04310344827586207,0.3620689655172414,0.19827586206896552,52,66,75,115,7
72517,2103,R,187,0.0481283422459893,0.08021390374331551,0.15508021390374332,0.23529411764705882,50,63,50,66,37
72534,2103,R,60,0.03333333333333333,0.11666666666666667,0.06666666666666667,0.3,34,47,38,36,46
72536,2103,R,359,0.05013927576601671,0.055710306406685235,0.1894150417827298,0.20334261838440112,45,61,30,57,65
72549,2103,R,217,0.009216589861751152,0.041474654377880185,0.21658986175115208,0.2488479262672811,72,71,91,62,17
72570,2103,R,33,0.06060606060606061,0.030303030303030304,0.18181818181818182,0.15151515151515152,56,57,48,39,46
72574,2103,R,145,0.020689655172413793,0.09655172413793103,0.15862068965517243,0.22758620689655173,41,60,38,52,12
72646,2103,R,247,0.012145748987854251,0.07692307692307693,0.22267206477732793,0.23076923076923078,81,74,84,86,14
72669,2103,R,324,0.012345679012345678,0.09567901234567901,0.17592592592592593,0.16666666666666666,48,51,38,38,56
72679,2103,R,305,0.02622950819672131,0.06885245901639345,0.16393442622950818,0.18032786885245902,47,53,48,49,30
72701,2103,R,490,0.004081632653061225,0.05714285714285714,0.17551020408163265,0.24285714285714285,60,62,81,36,56
72708,2103,R,242,0.01652892561983471,0.05785123966942149,0.1859504132231405,0.23140495867768596,49,53,70,65,73
72718,2103,R,83,0.012048192771084338,0.14457831325301204,0.12048192771084337,0.21686746987951808,37,56,56,37,12
72739,2103,R,32,0.0625,0.09375,0.21875,0.21875,29,58,64,45,72
72828,2103,R,242,0.028925619834710745,0.09504132231404959,0.21487603305785125,0.2190082644628099,50,58,45,55,61
72838,2103,R,536,0.016791044776119403,0.0708955223880597,0.1623134328358209,0.24440298507462688,61,51,64,57,43
72845,2103,R,427,0.02810304449648712,0.06088992974238876,0.23185011709601874,0.20140515222482436,76,62,85,74,92
72888,2103,R,112,0.026785714285714284,0.09821428571428571,0.30357142857142855,0.14285714285714285,35,59,34,115,11
72901,2103,R,399,0.022556390977443608,0.09523809523809523,0.09273182957393483,0.2606516290726817,36,69,47,39,42
72996,2103,R,350,0.04,0.09428571428571429,0.19428571428571428,0.18857142857142858,33,64,69,71,24
73023,2103,R,51,0.0196078431372549,0.0784313725490196,0.13725490196078433,0.17647058823529413,35,54,37,31,59
73031,2103,R,63,0.12698412698412698,0.07936507936507936,0.14285714285714285,0.1746031746031746,21,54,1,44,17
73062,2103,R,479,0.027139874739039668,0.0918580375782881,0.18580375782881003,0.24634655532359082,48,62,48,70,62
73066,2103,R,430,0.020930232558139535,0.08139534883720931,0.1744186046511628,0.20232558139534884,63,62,44,39,67
73085,2103,R,155,0.025806451612903226,0.05161290322580645,0.15483870967741936,0.22580645161290322,41,52,25,38,28
73099,2103,R,37,0.10810810810810811,0.10810810810810811,0.24324324324324326,0.16216216216216217,30,60,26,79,27
73124,2103,R,226,0.04424778761061947,0.11061946902654868,0.12389380530973451,0.252212389380531,48,54,26,39,54
73132,2103,R,361,0.01662049861495845,0.08587257617728532,0.19113573407202217,0.24653739612188366,47,48,62,70,88
73138,2103,R,681,0.032305433186490456,0.07488986784140969,0.13509544787077826,0.24082232011747431,48,60,54,35,59
73141,2103,R,207,0.03864734299516908,0.08695652173913043,0.1932367149758454,0.18840579710144928,48,74,51,86,9
73162,2103,R,119,0.07563025210084033,0.12605042016806722,0.10084033613445378,0.15966386554621848,26,52,27,38,60
73169,2103,R,433,0.06697459584295612,0.08775981524249422,0.21016166281755197,0.20092378752886836,51,70,28,68,72
73173,2103,R,63,0.031746031746031744,0.06349206349206349,0.1111111111111111,0.2222222222222222,44,55,72,35,57
73249,2103,R,294,0.023809523809523808,0.08843537414965986,0.1870748299319728,0.23809523809523808,48,73,54,64,38
73270,2103,R,150,0.013333333333333334,0.07333333333333333,0.16666666666666666,0.18666666666666668,54,57,61,59,35
73288,2103,R,407,0.022113022113022112,0.051597051597051594,0.17444717444717445,0.2285012285012285,67,56,87,58,56
73345,2103,R,344,0.02616279069767442,0.13662790697674418,0.2005813953488372,0.21220930232558138,33,57,67,87,37
73393,2103,R,391,0.030690537084398978,0.08184143222506395,0.1585677749360614,0.21227621483375958,52,54,46,53,97
73452,2103,R,248,0.04032258064516129,0.07661290322580645,0.15725806451612903,0.23387096774193547,51,50,54,43,55
73631,2103,R,171,0.029239766081871343,0.05847953216374269,0.21637426900584794,0.1286549707602339,59,39,51,88,9
73658,2103,R,64,0.03125,0.109375,0.09375,0.1875,29,56,35,22,14
73684,2103,R,179,0.0335195530726257,0.12290502793296089,0.0782122905027933,0.26256983240223464,35,49,44,33,22
73812,2103,R,222,0.036036036036036036,0.06756756756756757,0.23423423423423423,0.1981981981981982,49,62,66,103,26
73822,2103,R,269,0.048327137546468404,0.10408921933085502,0.18587360594795538,0.22304832713754646,44,48,33,87,21
73837,2103,R,170,0.041176470588235294,0.06470588235294118,0.17058823529411765,0.2235294117647059,61,55,56,33,71
73841,2103,R,33,0.06060606060606061,0.06060606060606061,0.09090909090909091,0.3333333333333333,45,67,43,48,16
73851,2103,R,361,0.0110803324099723,0.10249307479224377,0.2520775623268698,0.2188365650969529,39,59,55,75,30
73863,2103,R,567,0.015873015873015872,0.07760141093474426,0.09347442680776014,0.27336860670194,58,60,82,33,25
73873,2103,R,403,0.019851116625310174,0.08188585607940446,0.1687344913151365,0.20843672456575682,51,54,60,32,55
73915,2103,R,33,0.06060606060606061,0.18181818181818182,0.09090909090909091,0.2727272727272727,9,64,34,58,27
73942,2103,R,447,0.04697986577181208,0.06263982102908278,0.1297539149888143,0.25279642058165547,39,50,33,46,44
73944,2103,R,58,0.05172413793103448,0.10344827586206896,0.25862068965517243,0.15517241379310345,36,63,54,52,7
73945,2103,R,492,0.014227642276422764,0.042682926829268296,0.22154471544715448,0.22967479674796748,82,68,78,55,78
73958,2103,R,344,0.020348837209302327,0.0755813953488372,0.14825581395348839,0.22674418604651161,67,70,76,60,65
73990,2103,R,212,0.02830188679245283,0.14622641509433962,0.20754716981132076,0.19339622641509435,20,70,50,103,1
74043,2103,R,440,0.013636363636363636,0.175,0.20681818181818182,0.17954545454545454,18,53,42,84,52
74053,2103,R,407,0.0171990171990172,0.12285012285012285,0.25061425061425063,0.16216216216216217,25,59,55,104,56
74104,2103,R,213,0.03286384976525822,0.06572769953051644,0.2112676056338028,0.18309859154929578,45,63,50,67,21
74120,2103,R,199,0.005025125628140704,0.07537688442211055,0.23618090452261306,0.19597989949748743,63,61,59,63,49
74123,2103,R,140,0.05,0.09285714285714286,0.19285714285714287,0.17142857142857143,30,49,44,84,16
74156,2103,R,38,0.0,0.07894736842105263,0.13157894736842105,0.15789473684210525,48,61,68,41,12
74182,2103,R,177,0.02824858757062147,0.05649717514124294,0.192090395480226,0.2542372881355932,63,56,47,46,56
74187,2103,R,297,0.037037037037037035,0.05387205387205387,0.1447811447811448,0.25252525252525254,65,51,66,49,56
74213,2103,R,140,0.03571428571428571,0.10714285714285714,0.20714285714285716,0.2571428571428571,31,60,42,76,11
74219,2103,R,137,0.014598540145985401,0.10948905109489052,0.2116788321167883,0.21897810218978103,37,65,35,52,87
74284,2103,R,45,0.0,0.06666666666666667,0.24444444444444444,0.3111111111111111,36,51,40,67,13
74295,2103,R,268,0.033582089552238806,0.17537313432835822,0.20149253731343283,0.1791044776119403,21,60,49,88,21
74384,2103,R,172,0.040697674418604654,0.0755813953488372,0.2441860465116279,0.19767441860465115,41,54,45,62,18
74455,2103,R,370,0.02972972972972973,0.07027027027027027,0.1,0.25135135135135134,45,33,55,28,59
74473,2103,R,370,0.04594594594594595,0.051351351351351354,0.20270270270270271,0.22162162162162163,52,54,43,73,72
74478,2103,R,60,0.016666666666666666,0.06666666666666667,0.15,0.26666666666666666,38,65,69,41,21
74488,2103,R,70,0.0,0.07142857142857142,0.17142857142857143,0.2857142857142857,43,51,42,46,62
74490,2103,R,75,0.02666666666666667,0.18666666666666668,0.18666666666666668,0.17333333333333334,34,56,46,72,46
74555,2103,R,199,0.020100502512562814,0.07537688442211055,0.20603015075376885,0.21608040201005024,50,64,79,74,24
74563,2103,R,34,0.11764705882352941,0.08823529411764706,0.17647058823529413,0.23529411764705882,35,54,32,78,8
74611,2103,R,93,0.03225806451612903,0.07526881720430108,0.25806451612903225,0.13978494623655913,46,62,72,101,3
74645,2103,R,135,0.022222222222222223,0.1259259259259259,0.1111111111111111,0.2,35,55,54,48,36
74652,2103,R,162,0.006172839506172839,0.08641975308641975,0.2716049382716049,0.19135802469135801,50,56,47,104,11
74654,2103,R,143,0.006993006993006993,0.006993006993006993,0.11888111888111888,0.24475524475524477,88,71,80,38,20
74658,2103,R,98,0.08163265306122448,0.11224489795918367,0.1836734693877551,0.1836734693877551,38,62,39,74,20
74672,2103,R,429,0.037296037296037296,0.06060606060606061,0.1561771561771562,0.24475524475524477,62,54,45,40,99
74732,2103,R,269,0.026022304832713755,0.09293680297397769,0.2788104089219331,0.21189591078066913,22,59,45,108,52
74744,2103,R,265,0.01509433962264151,0.045283018867924525,0.18490566037735848,0.22264150943396227,89,56,73,32,38
74783,2103,R,176,0.056818181818181816,0.09659090909090909,0.19886363636363635,0.16477272727272727,35,49,48,44,70
74846,2103,R,101,0.0594059405940594,0.0594059405940594,0.16831683168316833,0.2376237623762376,35,60,38,37,82
74910,2103,R,36,0.027777777777777776,0.08333333333333333,0.05555555555555555,0.3333333333333333,37,46,33,47,10
74984,2103,R,395,0.03291139240506329,0.06329113924050633,0.17468354430379746,0.2582278481012658,66,60,45,58,33
75375,2103,R,461,0.010845986984815618,0.052060737527114966,0.2017353579175705,0.17787418655097614,69,58,47,61,55
75384,2103,R,387,0.023255813953488372,0.04392764857881137,0.1524547803617571,0.23255813953488372,85,63,100,28,37
75443,2103,R,163,0.018404907975460124,0.07975460122699386,0.1411042944785276,0.22699386503067484,59,49,92,37,63
75614,2103,R,49,0.04081632653061224,0.10204081632653061,0.1836734693877551,0.22448979591836735,40,60,68,60,57
75703,2103,R,157,0.05732484076433121,0.09554140127388536,0.10828025477707007,0.21019108280254778,57,53,38,43,17
75821,2103,R,538,0.01486988847583643,0.031598513011152414,0.15055762081784388,0.22490706319702602,93,55,95,33,48
76104,2103,R,377,0.029177718832891247,0.1273209549071618,0.11140583554376658,0.22015915119363394,36,62,41,37,22
76134,2103,R,212,0.03773584905660377,0.07547169811320754,0.22641509433962265,0.19811320754716982,33,62,46,97,6
76149,2103,R,312,0.04487179487179487,0.11538461538461539,0.15064102564102563,0.1891025641025641,16,43,29,33,78
76191,2103,R,204,0.0196078431372549,0.12254901960784313,0.21568627450980393,0.19607843137254902,42,63,96,93,8
76199,2103,R,41,0.024390243902439025,0.0975609756097561,0.04878048780487805,0.2926829268292683,37,56,63,37,75
76399,2103,R,104,0.04807692307692308,0.1346153846153846,0.08653846153846154,0.22115384615384615,31,42,33,32,88
76534,2103,R,45,0.022222222222222223,0.28888888888888886,0.2,0.13333333333333333,17,52,30,107,20
76737,2103,R,41,0.024390243902439025,0.2926829268292683,0.14634146341463414,0.1951219512195122,33,46,38,60,101
77113,2103,R,154,0.01948051948051948,0.15584415584415584,0.2922077922077922,0.2077922077922078,8,68,34,118,7
77250,2103,R,209,0.03827751196172249,0.07655502392344497,0.2679425837320574,0.21052631578947367,56,48,47,102,20
77261,2103,R,32,0.03125,0.34375,0.15625,0.09375,1,41,21,55,25
77298,2103,R,222,0.05405405405405406,0.07207207207207207,0.16666666666666666,0.22972972972972974,37,59,30,39,30
77310,2103,R,265,0.011320754716981131,0.06415094339622641,0.13962264150943396,0.25660377358490566,41,68,58,48,28
77385,2103,R,219,0.0365296803652968,0.1278538812785388,0.1324200913242009,0.2191780821917808,32,54,44,48,23
77406,2103,R,146,0.0,0.07534246575342465,0.1780821917808219,0.21232876712328766,45,56,66,48,14
77485,2103,R,147,0.027210884353741496,0.061224489795918366,0.22448979591836735,0.17687074829931973,62,48,54,74,16
77497,2103,R,78,0.038461538461538464,0.08974358974358974,0.08974358974358974,0.2564102564102564,92,56,85,21,51
77510,2103,R,117,0.02564102564102564,0.08547008547008547,0.1794871794871795,0.1794871794871795,37,64,36,43,77
77521,2103,R,252,0.03571428571428571,0.11507936507936507,0.19047619047619047,0.21428571428571427,49,51,36,78,33
78271,2103,R,214,0.04205607476635514,0.06542056074766354,0.19626168224299065,0.22429906542056074,43,40,46,69,21
78744,2103,R,404,0.0297029702970297,0.07673267326732673,0.16584158415841585,0.19554455445544555,48,62,69,47,73
78772,2103,R,137,0.014598540145985401,0.11678832116788321,0.18248175182481752,0.23357664233576642,37,57,64,75,18
78780,2103,R,95,0.042105263157894736,0.12631578947368421,0.24210526315789474,0.22105263157894736,37,47,51,103,11
78832,2103,R,214,0.018691588785046728,0.10747663551401869,0.26635514018691586,0.2102803738317757,13,62,58,116,22
78898,2103,R,84,0.03571428571428571,0.10714285714285714,0.16666666666666666,0.14285714285714285,34,53,51,64,12
78902,2103,R,147,0.013605442176870748,0.14285714285714285,0.17687074829931973,0.23809523809523808,39,55,63,65,24
78984,2103,R,258,0.023255813953488372,0.06976744186046512,0.08527131782945736,0.32170542635658916,60,57,47,16,61
79025,2103,R,76,0.06578947368421052,0.05263157894736842,0.23684210526315788,0.19736842105263158,34,39,37,81,16
79078,2103,R,256,0.015625,0.0703125,0.1875,0.2265625,62,57,81,34,23
79093,2103,R,32,0.0,0.21875,0.125,0.1875,36,41,48,60,22
79115,2103,R,41,0.024390243902439025,0.04878048780487805,0.21951219512195122,0.2682926829268293,45,57,69,86,28
79127,2103,R,435,0.034482758620689655,0.11264367816091954,0.13333333333333333,0.22758620689655173,33,56,34,62,40
79131,2103,R,37,0.02702702702702703,0.13513513513513514,0.24324324324324326,0.21621621621621623,51,60,89,73,19
79655,2103,R,434,0.06221198156682028,0.10138248847926268,0.10599078341013825,0.18433179723502305,34,51,40,39,69
79758,2103,R,66,0.0,0.030303030303030304,0.16666666666666666,0.24242424242424243,47,57,97,39,11
79786,2103,R,278,0.02877697841726619,0.10071942446043165,0.1474820143884892,0.24100719424460432,30,40,36,36,38
79791,2103,R,39,0.0,0.05128205128205128,0.3076923076923077,0.20512820512820512,52,61,49,106,21
80909,2103,R,192,0.0625,0.08333333333333333,0.234375,0.171875,44,54,45,88,8
81347,2103,R,201,0.024875621890547265,0.0845771144278607,0.31343283582089554,0.1890547263681592,44,53,39,91,22
81430,2103,R,188,0.015957446808510637,0.10106382978723404,0.22340425531914893,0.19680851063829788,42,58,47,76,27
82951,2103,R,215,0.03255813953488372,0.2186046511627907,0.3023255813953488,0.14418604651162792,7,64,90,115,19
83445,2103,R,106,0.009433962264150943,0.04716981132075472,0.18867924528301888,0.2358490566037736,68,60,95,34,44
84762,2103,R,724,0.016574585635359115,0.05386740331491713,0.1132596685082873,0.26795580110497236,87,55,94,21,83
85007,2103,R,264,0.026515151515151516,0.11742424242424243,0.12121212121212122,0.20833333333333334,26,45,45,41,59
87013,2103,R,70,0.08571428571428572,0.07142857142857142,0.2857142857142857,0.15714285714285714,30,50,35,94,24
84,2103,L,284,0.02112676056338028,0.06690140845070422,0.19718309859154928,0.22535211267605634,50,70,52,47,52
549,2103,L,135,0.037037037037037035,0.0962962962962963,0.21481481481481482,0.1925925925925926,43,50,39,82,16
699,2103,L,177,0.03954802259887006,0.06779661016949153,0.23163841807909605,0.13559322033898305,67,53,41,101,24
1205,2103,L,37,0.02702702702702703,0.16216216216216217,0.13513513513513514,0.21621621621621623,45,54,48,39,55
1258,2103,L,354,0.01694915254237288,0.09322033898305085,0.17231638418079095,0.2175141242937853,60,63,71,60,83
1330,2103,L,105,0.02857142857142857,0.05714285714285714,0.19047619047619047,0.19047619047619047,43,57,48,54,59
1444,2103,L,32,0.03125,0.21875,0.28125,0.125,27,51,36,81,23
1472,2103,L,345,0.017391304347826087,0.07246376811594203,0.1681159420289855,0.2608695652173913,66,62,76,53,56
1479,2103,L,82,0.0,0.07317073170731707,0.13414634146341464,0.2682926829268293,82,70,99,32,32
2113,2103,L,105,0.0,0.0761904761904762,0.2,0.23809523809523808,64,50,42,59,11
2150,2103,L,36,0.027777777777777776,0.16666666666666666,0.2222222222222222,0.2777777777777778,31,45,47,103,11
2236,2103,L,47,0.02127659574468085,0.06382978723404255,0.19148936170212766,0.2127659574468085,43,54,46,90,3
19365,2103,L,190,0.015789473684210527,0.08947368421052632,0.14210526315789473,0.26842105263157895,45,50,47,44,70
19581,2103,L,124,0.04838709677419355,0.10483870967741936,0.16129032258064516,0.16129032258064516,50,50,46,49,68
19835,2103,L,36,0.05555555555555555,0.027777777777777776,0.19444444444444445,0.2777777777777778,45,50,38,24,37
19899,2103,L,291,0.058419243986254296,0.06529209621993128,0.15463917525773196,0.28865979381443296,41,53,36,36,48
19974,2103,L,83,0.024096385542168676,0.07228915662650602,0.20481927710843373,0.18072289156626506,47,37,25,37,70
20076,2103,L,48,0.0,0.08333333333333333,0.3958333333333333,0.1875,52,72,92,125,16
20383,2103,L,199,0.06030150753768844,0.10050251256281408,0.16080402010050251,0.20100502512562815,59,49,47,56,96
20402,2103,L,114,0.02631578947368421,0.07894736842105263,0.20175438596491227,0.22807017543859648,40,63,82,91,4
21174,2103,L,63,0.015873015873015872,0.047619047619047616,0.2698412698412698,0.2222222222222222,62,48,61,41,82
22319,2103,L,157,0.025477707006369428,0.050955414012738856,0.12738853503184713,0.27388535031847133,66,38,45,45,59
23003,2103,L,129,0.031007751937984496,0.11627906976744186,0.17054263565891473,0.2248062015503876,32,47,37,61,14
23608,2103,L,250,0.016,0.04,0.092,0.304,90,48,53,21,45
23652,2103,L,246,0.036585365853658534,0.0975609756097561,0.14227642276422764,0.24796747967479674,52,56,60,48,51
24129,2103,L,35,0.0,0.02857142857142857,0.42857142857142855,0.17142857142857143,47,62,48,111,21
24224,2103,L,284,0.01056338028169014,0.09154929577464789,0.11267605633802817,0.20774647887323944,47,56,93,32,62
24273,2103,L,400,0.025,0.08,0.1475,0.21,54,51,52,36,94
24360,2103,L,219,0.0365296803652968,0.0502283105022831,0.2009132420091324,0.228310502283105,49,47,68,47,28
24506,2103,L,208,0.03365384615384615,0.09134615384615384,0.15384615384615385,0.21153846153846154,52,53,50,33,58
25018,2103,L,111,0.009009009009009009,0.11711711711711711,0.11711711711711711,0.25225225225225223,48,53,81,39,9
25066,2103,L,49,0.02040816326530612,0.04081632653061224,0.2653061224489796,0.1836734693877551,45,59,48,90,20
25574,2103,L,248,0.04032258064516129,0.11290322580645161,0.13709677419354838,0.23790322580645162,44,64,42,44,59
25591,2103,L,122,0.01639344262295082,0.06557377049180328,0.20491803278688525,0.22950819672131148,49,54,67,60,59
25768,2103,L,78,0.02564102564102564,0.10256410256410256,0.20512820512820512,0.21794871794871795,50,56,74,51,33
25904,2103,L,33,0.09090909090909091,0.12121212121212122,0.12121212121212122,0.12121212121212122,37,54,66,54,62
25927,2103,L,334,0.020958083832335328,0.0748502994011976,0.15568862275449102,0.2754491017964072,84,50,56,45,59
26076,2103,L,123,0.056910569105691054,0.13821138211382114,0.11382113821138211,0.18699186991869918,46,43,37,35,15
26089,2103,L,34,0.058823529411764705,0.20588235294117646,0.08823529411764706,0.14705882352941177,46,48,49,38,17
26168,2103,L,97,0.010309278350515464,0.10309278350515463,0.10309278350515463,0.23711340206185566,59,52,53,37,51
26197,2103,L,117,0.0,0.05982905982905983,0.11965811965811966,0.26495726495726496,56,60,57,80,16
26210,2103,L,137,0.072992700729927,0.0948905109489051,0.10948905109489052,0.22627737226277372,42,53,33,47,7
26213,2103,L,39,0.0,0.20512820512820512,0.23076923076923078,0.28205128205128205,37,56,57,42,51
26249,2103,L,143,0.006993006993006993,0.11888111888111888,0.11888111888111888,0.2097902097902098,43,51,45,43,64
26267,2103,L,48,0.041666666666666664,0.125,0.3333333333333333,0.14583333333333334,47,59,63,108,11
26756,2103,L,120,0.058333333333333334,0.08333333333333333,0.16666666666666666,0.24166666666666667,54,52,40,70,23
26811,2103,L,171,0.017543859649122806,0.07602339181286549,0.10526315789473684,0.2807017543859649,56,51,64,46,30
27038,2103,L,331,0.015105740181268883,0.08761329305135952,0.07250755287009064,0.24169184290030213,47,42,57,17,58
27363,2103,L,105,0.01904761904761905,0.06666666666666667,0.2,0.23809523809523808,46,53,48,69,15
27642,2103,L,35,0.0,0.02857142857142857,0.08571428571428572,0.2857142857142857,78,35,47,41,56
28586,2103,L,149,0.053691275167785234,0.09395973154362416,0.11409395973154363,0.2483221476510067,33,52,46,57,12
28596,2103,L,80,0.0125,0.025,0.2,0.2875,66,65,73,51,56
28753,2103,L,229,0.048034934497816595,0.10043668122270742,0.1572052401746725,0.18340611353711792,29,46,30,57,61
29100,2103,L,116,0.0603448275862069,0.10344827586206896,0.14655172413793102,0.16379310344827586,45,62,55,59,24
29480,2103,L,134,0.029850746268656716,0.08208955223880597,0.1791044776119403,0.16417910447761194,56,67,63,59,3
29533,2103,L,272,0.014705882352941176,0.08455882352941177,0.08088235294117647,0.2426470588235294,71,55,66,36,60
29618,2103,L,67,0.014925373134328358,0.029850746268656716,0.208955223880597,0.22388059701492538,92,65,94,64,61
29667,2103,L,34,0.0,0.029411764705882353,0.3235294117647059,0.29411764705882354,62,46,39,54,31
29894,2103,L,30,0.06666666666666667,0.03333333333333333,0.1,0.26666666666666666,43,48,46,38,67
29980,2103,L,249,0.012048192771084338,0.060240963855421686,0.14859437751004015,0.30522088353413657,57,48,62,50,53
30142,2103,L,65,0.06153846153846154,0.046153846153846156,0.27692307692307694,0.13846153846153847,68,44,45,73,6
30148,2103,L,67,0.029850746268656716,0.07462686567164178,0.16417910447761194,0.26865671641791045,62,56,53,75,55
30208,2103,L,168,0.005952380952380952,0.1488095238095238,0.16071428571428573,0.25595238095238093,24,57,80,74,33
30286,2103,L,296,0.037162162162162164,0.08445945945945946,0.1554054054054054,0.20608108108108109,58,45,55,65,40
30590,2103,L,291,0.027491408934707903,0.061855670103092786,0.10309278350515463,0.25773195876288657,45,51,49,45,44
30631,2103,L,91,0.02197802197802198,0.03296703296703297,0.17582417582417584,0.1978021978021978,58,49,45,56,26
30676,2103,L,69,0.014492753623188406,0.043478260869565216,0.34782608695652173,0.15942028985507245,82,72,70,101,66
30907,2103,L,113,0.008849557522123894,0.061946902654867256,0.23008849557522124,0.1592920353982301,60,55,46,85,8
31165,2103,L,51,0.0196078431372549,0.11764705882352941,0.3333333333333333,0.21568627450980393,40,48,48,96,4
31326,2103,L,243,0.0411522633744856,0.04938271604938271,0.102880658436214,0.23045267489711935,46,45,58,41,21
31580,2103,L,158,0.03164556962025317,0.056962025316455694,0.13924050632911392,0.2468354430379747,50,57,33,70,33
31723,2103,L,266,0.03383458646616541,0.06766917293233082,0.16165413533834586,0.19548872180451127,47,45,45,34,58
31754,2103,L,313,0.03194888178913738,0.07667731629392971,0.14696485623003194,0.21725239616613418,48,58,38,50,85
31764,2103,L,226,0.022123893805309734,0.0752212389380531,0.16371681415929204,0.23008849557522124,54,55,47,53,40
31809,2103,L,121,0.01652892561983471,0.05785123966942149,0.17355371900826447,0.17355371900826447,52,56,37,83,15
31963,2103,L,318,0.015723270440251572,0.07861635220125786,0.14465408805031446,0.25157232704402516,58,60,80,51,54
31968,2103,L,241,0.012448132780082987,0.04149377593360996,0.11618257261410789,0.2572614107883817,91,46,73,30,29
32145,2103,L,198,0.04040404040404041,0.11616161616161616,0.10606060606060606,0.24242424242424243,36,33,41,28,59
32146,2103,L,100,0.04,0.07,0.17,0.2,50,59,39,52,7
32185,2103,L,66,0.015151515151515152,0.10606060606060606,0.21212121212121213,0.21212121212121213,80,58,43,73,11
32255,2103,L,157,0.025477707006369428,0.11464968152866242,0.12101910828025478,0.20382165605095542,45,46,48,40,66
32306,2103,L,295,0.030508474576271188,0.0847457627118644,0.17966101694915254,0.2677966101694915,59,63,28,62,72
32341,2103,L,302,0.033112582781456956,0.0695364238410596,0.10927152317880795,0.23178807947019867,60,57,45,39,58
32500,2103,L,234,0.042735042735042736,0.06837606837606838,0.1581196581196581,0.2094017094017094,47,60,43,58,68
32511,2103,L,240,0.04583333333333333,0.0625,0.13333333333333333,0.2375,72,53,52,52,56
32538,2103,L,230,0.02608695652173913,0.13478260869565217,0.22608695652173913,0.15217391304347827,45,62,42,97,85
32539,2103,L,67,0.05970149253731343,0.11940298507462686,0.1791044776119403,0.16417910447761194,46,53,26,51,7
32672,2103,L,258,0.050387596899224806,0.08914728682170543,0.17829457364341086,0.2248062015503876,37,56,37,61,77
32720,2103,L,51,0.0196078431372549,0.09803921568627451,0.19607843137254902,0.27450980392156865,51,41,47,61,7
32821,2103,L,90,0.03333333333333333,0.06666666666666667,0.13333333333333333,0.24444444444444444,57,51,47,65,41
32909,2103,L,87,0.022988505747126436,0.14942528735632185,0.12643678160919541,0.26436781609195403,35,58,59,59,57
32954,2103,L,52,0.019230769230769232,0.057692307692307696,0.28846153846153844,0.15384615384615385,50,54,58,71,12
33013,2103,L,306,0.029411764705882353,0.12091503267973856,0.22549019607843138,0.17320261437908496,23,66,52,106,92
33185,2103,L,109,0.01834862385321101,0.05504587155963303,0.11926605504587157,0.24770642201834864,71,57,50,53,16
33251,2103,L,172,0.040697674418604654,0.13372093023255813,0.21511627906976744,0.23837209302325582,34,54,45,63,45
33368,2103,L,45,0.1111111111111111,0.06666666666666667,0.08888888888888889,0.26666666666666666,47,50,25,50,8
33431,2103,L,238,0.03361344537815126,0.08823529411764706,0.1638655462184874,0.2647058823529412,66,47,43,39,80
33571,2103,L,169,0.05325443786982249,0.07100591715976332,0.14201183431952663,0.21893491124260356,72,50,48,42,84
33667,2103,L,131,0.03816793893129771,0.0916030534351145,0.17557251908396945,0.22137404580152673,39,45,32,54,5
33709,2103,L,68,0.029411764705882353,0.08823529411764706,0.3235294117647059,0.14705882352941177,57,58,48,84,15
33785,2103,L,121,0.03305785123966942,0.09090909090909091,0.15702479338842976,0.19834710743801653,55,51,58,85,14
33816,2103,L,300,0.016666666666666666,0.08333333333333333,0.16666666666666666,0.27,46,43,55,43,49
33845,2103,L,108,0.027777777777777776,0.10185185185185185,0.14814814814814814,0.23148148148148148,57,46,45,45,47
33944,2103,L,99,0.030303030303030304,0.1111111111111111,0.20202020202020202,0.1919191919191919,37,51,46,56,15
33989,2103,L,304,0.013157894736842105,0.049342105263157895,0.1513157894736842,0.2565789473684211,48,45,48,37,63
34003,2103,L,55,0.03636363636363636,0.07272727272727272,0.09090909090909091,0.2909090909090909,37,36,42,46,9
34252,2103,L,300,0.05,0.06333333333333334,0.16666666666666666,0.23333333333333334,45,54,36,48,61
34372,2103,L,82,0.036585365853658534,0.06097560975609756,0.2804878048780488,0.18292682926829268,52,55,53,66,4
34448,2103,L,85,0.047058823529411764,0.10588235294117647,0.10588235294117647,0.2235294117647059,62,59,65,36,78
34522,2103,L,198,0.025252525252525252,0.0707070707070707,0.12626262626262627,0.20707070707070707,52,43,60,52,26
34588,2103,L,59,0.06779661016949153,0.03389830508474576,0.2033898305084746,0.15254237288135594,52,59,34,45,39
34675,2103,L,194,0.03608247422680412,0.061855670103092786,0.0979381443298969,0.28865979381443296,50,61,34,43,51
34726,2103,L,61,0.01639344262295082,0.04918032786885246,0.18032786885245902,0.21311475409836064,47,59,63,59,55
35188,2103,L,120,0.016666666666666666,0.1,0.13333333333333333,0.2,36,48,42,46,30
35229,2103,L,124,0.016129032258064516,0.056451612903225805,0.056451612903225805,0.3064516129032258,64,57,62,36,11
35269,2103,L,78,0.01282051282051282,0.038461538461538464,0.14102564102564102,0.16666666666666666,61,56,53,96,42
35531,2103,L,59,0.05084745762711865,0.11864406779661017,0.1694915254237288,0.2542372881355932,50,49,27,51,8
35552,2103,L,121,0.04132231404958678,0.1322314049586777,0.2066115702479339,0.21487603305785125,37,55,36,57,19
35653,2103,L,69,0.07246376811594203,0.028985507246376812,0.13043478260869565,0.2463768115942029,73,65,58,40,41
35910,2103,L,83,0.04819277108433735,0.060240963855421686,0.13253012048192772,0.2891566265060241,40,54,49,74,67
35922,2103,L,253,0.039525691699604744,0.05533596837944664,0.1976284584980237,0.22134387351778656,50,46,48,49,54
36426,2103,L,290,0.027586206896551724,0.07586206896551724,0.12758620689655173,0.23448275862068965,49,51,68,62,63
36516,2103,L,146,0.06164383561643835,0.10273972602739725,0.18493150684931506,0.2328767123287671,47,56,24,70,59
36523,2103,L,108,0.018518518518518517,0.09259259259259259,0.1574074074074074,0.26851851851851855,49,50,53,43,40
36544,2103,L,141,0.014184397163120567,0.06382978723404255,0.2198581560283688,0.24822695035460993,48,45,50,60,14
36558,2103,L,215,0.018604651162790697,0.07441860465116279,0.14883720930232558,0.2,46,46,53,50,41
36610,2103,L,132,0.007575757575757576,0.06060606060606061,0.1590909090909091,0.23484848484848486,44,49,74,59,24
36697,2103,L,187,0.0374331550802139,0.11229946524064172,0.1711229946524064,0.1925133689839572,50,61,52,58,56
36709,2103,L,294,0.02040816326530612,0.07482993197278912,0.11224489795918367,0.23809523809523808,48,53,43,44,61
36727,2103,L,91,0.0,0.06593406593406594,0.23076923076923078,0.26373626373626374,48,57,57,45,29
36728,2103,L,83,0.024096385542168676,0.10843373493975904,0.21686746987951808,0.24096385542168675,55,54,50,62,32
36749,2103,L,330,0.01818181818181818,0.0696969696969697,0.17575757575757575,0.20606060606060606,76,63,48,77,58
36751,2103,L,49,0.08163265306122448,0.04081632653061224,0.14285714285714285,0.20408163265306123,54,54,41,68,33
36825,2103,L,127,0.047244094488188976,0.06299212598425197,0.14960629921259844,0.28346456692913385,48,32,36,43,46
36830,2103,L,87,0.0,0.11494252873563218,0.19540229885057472,0.22988505747126436,53,67,39,74,56
36846,2103,L,111,0.018018018018018018,0.05405405405405406,0.13513513513513514,0.23423423423423423,77,78,76,62,28
36870,2103,L,68,0.014705882352941176,0.07352941176470588,0.3088235294117647,0.14705882352941177,56,57,27,72,38
36943,2103,L,96,0.020833333333333332,0.11458333333333333,0.22916666666666666,0.25,36,52,44,80,8
37007,2103,L,335,0.014925373134328358,0.050746268656716415,0.16716417910447762,0.26865671641791045,60,63,50,54,42
37032,2103,L,154,0.01948051948051948,0.05844155844155844,0.23376623376623376,0.22077922077922077,44,53,40,58,11
37102,2103,L,138,0.057971014492753624,0.06521739130434782,0.1956521739130435,0.2391304347826087,48,46,31,77,17
37193,2103,L,115,0.017391304347826087,0.10434782608695652,0.21739130434782608,0.17391304347826086,43,54,55,56,28
37282,2103,L,307,0.029315960912052116,0.06188925081433225,0.15309446254071662,0.20846905537459284,71,67,51,47,49
37349,2103,L,132,0.03787878787878788,0.09848484848484848,0.22727272727272727,0.2803030303030303,46,43,56,61,18
37472,2103,L,88,0.03409090909090909,0.06818181818181818,0.14772727272727273,0.19318181818181818,79,66,47,74,64
37585,2103,L,57,0.0,0.12280701754385964,0.14035087719298245,0.21052631578947367,45,54,55,52,33
37609,2103,L,381,0.01837270341207349,0.06036745406824147,0.1837270341207349,0.28083989501312334,80,72,91,84,77
37620,2103,L,279,0.021505376344086023,0.07168458781362007,0.17204301075268819,0.23297491039426524,63,62,74,46,61
37728,2103,L,309,0.025889967637540454,0.08737864077669903,0.14563106796116504,0.21035598705501618,45,59,54,44,74
37785,2103,L,50,0.02,0.02,0.18,0.26,53,63,73,58,19
37967,2103,L,197,0.050761421319796954,0.025380710659898477,0.07614213197969544,0.26903553299492383,85,58,50,34,62
38104,2103,L,114,0.0,0.07894736842105263,0.22807017543859648,0.17543859649122806,49,61,71,77,63
38269,2103,L,310,0.02903225806451613,0.08064516129032258,0.14516129032258066,0.23225806451612904,48,58,74,48,55
38342,2103,L,48,0.0,0.10416666666666667,0.3125,0.25,66,65,49,111,15
38348,2103,L,59,0.01694915254237288,0.05084745762711865,0.2711864406779661,0.1694915254237288,32,53,63,79,10
38363,2103,L,224,0.044642857142857144,0.07589285714285714,0.13839285714285715,0.20982142857142858,72,46,38,61,53
38377,2103,L,121,0.01652892561983471,0.049586776859504134,0.18181818181818182,0.21487603305785125,73,56,70,54,10
38512,2103,L,150,0.04,0.1,0.13333333333333333,0.22,63,49,49,57,64
38608,2103,L,35,0.0,0.08571428571428572,0.17142857142857143,0.22857142857142856,50,53,51,66,35
38611,2103,L,65,0.03076923076923077,0.06153846153846154,0.24615384615384617,0.13846153846153847,56,51,43,88,17
38640,2103,L,31,0.0,0.0967741935483871,0.22580645161290322,0.12903225806451613,43,63,61,74,6
38763,2103,L,122,0.040983606557377046,0.07377049180327869,0.16393442622950818,0.3442622950819672,64,56,45,54,28
38795,2103,L,90,0.022222222222222223,0.044444444444444446,0.16666666666666666,0.26666666666666666,55,56,58,63,74
38807,2103,L,149,0.020134228187919462,0.087248322147651,0.1610738255033557,0.30201342281879195,61,46,52,40,57
38836,2103,L,40,0.025,0.025,0.075,0.325,50,63,65,62,24
38852,2103,L,134,0.014925373134328358,0.07462686567164178,0.2537313432835821,0.1417910447761194,63,66,66,53,57
38898,2103,L,317,0.015772870662460567,0.1167192429022082,0.22397476340694006,0.2334384858044164,46,62,70,70,57
38937,2103,L,112,0.026785714285714284,0.03571428571428571,0.19642857142857142,0.21428571428571427,39,51,36,49,55
38955,2103,L,231,0.008658008658008658,0.12121212121212122,0.16017316017316016,0.23809523809523808,48,54,70,59,47
38987,2103,L,275,0.025454545454545455,0.07636363636363637,0.1890909090909091,0.29818181818181816,48,43,65,56,55
38988,2103,L,355,0.030985915492957747,0.10704225352112676,0.17183098591549295,0.22253521126760564,39,50,43,68,60
39003,2103,L,156,0.04487179487179487,0.05128205128205128,0.16025641025641027,0.20512820512820512,56,51,58,79,32
39043,2103,L,184,0.021739130434782608,0.08695652173913043,0.21739130434782608,0.21739130434782608,52,66,71,100,40
39049,2103,L,131,0.022900763358778626,0.09923664122137404,0.26717557251908397,0.183206106870229,58,39,32,72,11
39106,2103,L,93,0.010752688172043012,0.0967741935483871,0.21505376344086022,0.17204301075268819,38,40,67,48,56
39199,2103,L,70,0.02857142857142857,0.15714285714285714,0.15714285714285714,0.21428571428571427,47,52,68,53,39
39238,2103,L,274,0.021897810218978103,0.06569343065693431,0.18248175182481752,0.20802919708029197,47,62,59,47,31
39261,2103,L,60,0.03333333333333333,0.06666666666666667,0.21666666666666667,0.15,61,51,43,58,18
39300,2103,L,113,0.02654867256637168,0.05309734513274336,0.23008849557522124,0.2831858407079646,40,80,72,35,46
39327,2103,L,265,0.011320754716981131,0.09433962264150944,0.17358490566037735,0.2,40,53,63,49,56
39745,2103,L,285,0.0456140350877193,0.08771929824561403,0.14035087719298245,0.3333333333333333,54,52,67,47,54
39769,2103,L,275,0.01818181818181818,0.10545454545454545,0.16727272727272727,0.19272727272727272,33,65,83,46,62
39822,2103,L,36,0.027777777777777776,0.1111111111111111,0.3611111111111111,0.16666666666666666,59,60,27,105,11
40097,2103,L,105,0.047619047619047616,0.05714285714285714,0.13333333333333333,0.21904761904761905,53,61,46,69,12
40156,2103,L,118,0.01694915254237288,0.13559322033898305,0.17796610169491525,0.19491525423728814,39,63,47,70,19
40434,2103,L,70,0.04285714285714286,0.1,0.18571428571428572,0.2857142857142857,67,61,62,60,8
40526,2103,L,61,0.03278688524590164,0.09836065573770492,0.14754098360655737,0.2786885245901639,32,60,38,59,42
40533,2103,L,78,0.05128205128205128,0.038461538461538464,0.15384615384615385,0.19230769230769232,70,54,38,67,37
40592,2103,L,226,0.03982300884955752,0.09292035398230089,0.13274336283185842,0.25663716814159293,58,49,50,39,55
40606,2103,L,62,0.016129032258064516,0.12903225806451613,0.14516129032258066,0.1935483870967742,63,54,65,56,9
40617,2103,L,88,0.011363636363636364,0.10227272727272728,0.11363636363636363,0.2840909090909091,37,48,60,57,27
40711,2103,L,89,0.011235955056179775,0.0449438202247191,0.14606741573033707,0.23595505617977527,55,58,70,43,23
41194,2103,L,57,0.017543859649122806,0.10526315789473684,0.2807017543859649,0.12280701754385964,57,43,48,48,26
41203,2103,L,182,0.08241758241758242,0.07142857142857142,0.12087912087912088,0.2032967032967033,48,51,41,39,30
41231,2103,L,189,0.015873015873015872,0.12698412698412698,0.1693121693121693,0.20105820105820105,42,57,62,45,48
41332,2103,L,111,0.04504504504504504,0.06306306306306306,0.22522522522522523,0.2072072072072072,47,43,24,49,13
41396,2103,L,82,0.0,0.0975609756097561,0.24390243902439024,0.18292682926829268,38,58,46,59,55
41548,2103,L,93,0.03225806451612903,0.08602150537634409,0.12903225806451613,0.2903225806451613,35,56,39,48,65
41559,2103,L,76,0.06578947368421052,0.10526315789473684,0.17105263157894737,0.13157894736842105,41,54,63,86,11
41697,2103,L,126,0.023809523809523808,0.05555555555555555,0.14285714285714285,0.18253968253968253,73,57,61,33,67
41771,2103,L,61,0.01639344262295082,0.04918032786885246,0.19672131147540983,0.29508196721311475,51,60,53,57,9
41895,2103,L,130,0.046153846153846156,0.09230769230769231,0.16153846153846155,0.18461538461538463,43,46,35,47,11
41966,2103,L,118,0.025423728813559324,0.1016949152542373,0.09322033898305085,0.15254237288135594,48,43,43,31,54
41995,2103,L,134,0.03731343283582089,0.09701492537313433,0.06716417910447761,0.208955223880597,58,45,46,29,38
42001,2103,L,195,0.041025641025641026,0.06153846153846154,0.14871794871794872,0.23076923076923078,48,59,45,48,27
42013,2103,L,43,0.023255813953488372,0.11627906976744186,0.11627906976744186,0.3023255813953488,47,41,55,47,59
42124,2103,L,144,0.04861111111111111,0.06944444444444445,0.1597222222222222,0.20833333333333334,84,54,89,51,26
42158,2103,L,108,0.009259259259259259,0.08333333333333333,0.14814814814814814,0.12962962962962962,46,52,56,82,11
42177,2103,L,161,0.006211180124223602,0.07453416149068323,0.22981366459627328,0.19875776397515527,38,45,47,58,63
42206,2103,L,91,0.01098901098901099,0.03296703296703297,0.2967032967032967,0.13186813186813187,71,82,87,83,59
42311,2103,L,253,0.04743083003952569,0.08300395256916997,0.19367588932806323,0.2015810276679842,45,60,48,50,59
42322,2103,L,132,0.07575757575757576,0.05303030303030303,0.25,0.22727272727272727,63,53,38,64,24
42326,2103,L,117,0.03418803418803419,0.06837606837606838,0.17094017094017094,0.23931623931623933,64,56,70,88,12
42423,2103,L,125,0.016,0.072,0.248,0.24,76,61,42,71,37
42470,2103,L,321,0.024922118380062305,0.08722741433021806,0.2087227414330218,0.19003115264797507,53,59,50,50,58
42519,2103,L,276,0.021739130434782608,0.07608695652173914,0.18115942028985507,0.2318840579710145,42,50,53,42,88
42575,2103,L,265,0.03018867924528302,0.07547169811320754,0.13584905660377358,0.23773584905660378,64,54,59,41,72
42599,2103,L,32,0.03125,0.0,0.3125,0.21875,39,50,53,78,12
42610,2103,L,211,0.037914691943127965,0.12796208530805686,0.16113744075829384,0.21800947867298578,47,58,47,57,32
42631,2103,L,119,0.01680672268907563,0.07563025210084033,0.226890756302521,0.20168067226890757,45,51,37,69,71
42667,2103,L,348,0.017241379310344827,0.05459770114942529,0.16954022988505746,0.26436781609195403,53,55,60,54,36
42746,2103,L,44,0.022727272727272728,0.06818181818181818,0.22727272727272727,0.2727272727272727,89,56,50,71,10
42784,2103,L,89,0.033707865168539325,0.11235955056179775,0.20224719101123595,0.2247191011235955,41,51,37,59,55
42846,2103,L,113,0.061946902654867256,0.12389380530973451,0.13274336283185842,0.19469026548672566,28,60,43,72,16
42863,2103,L,237,0.03375527426160337,0.0759493670886076,0.19831223628691982,0.22362869198312235,87,57,61,52,72
42865,2103,L,123,0.016260162601626018,0.0975609756097561,0.2032520325203252,0.22764227642276422,43,53,49,65,12
42930,2103,L,75,0.013333333333333334,0.09333333333333334,0.16,0.28,37,66,74,54,55
43089,2103,L,298,0.03691275167785235,0.05704697986577181,0.07046979865771812,0.2953020134228188,66,41,58,17,54
43107,2103,L,238,0.037815126050420166,0.10084033613445378,0.20168067226890757,0.23949579831932774,37,61,41,58,57
43119,2103,L,131,0.022900763358778626,0.07633587786259542,0.13740458015267176,0.22137404580152673,51,35,48,32,84
43181,2103,L,341,0.017595307917888565,0.08797653958944282,0.15542521994134897,0.2756598240469208,54,78,49,50,37
43256,2103,L,56,0.05357142857142857,0.14285714285714285,0.23214285714285715,0.17857142857142858,56,58,49,89,10
43269,2103,L,167,0.017964071856287425,0.10778443113772455,0.1497005988023952,0.25149700598802394,47,60,76,41,53
43271,2103,L,69,0.043478260869565216,0.057971014492753624,0.2028985507246377,0.15942028985507245,37,54,49,55,14
43311,2103,L,308,0.025974025974025976,0.12987012987012986,0.12987012987012986,0.2077922077922078,49,54,40,39,58
43325,2103,L,101,0.009900990099009901,0.07920792079207921,0.24752475247524752,0.1782178217821782,77,66,70,71,28
43416,2103,L,61,0.03278688524590164,0.11475409836065574,0.14754098360655737,0.21311475409836064,60,53,24,45,55
43544,2103,L,302,0.023178807947019868,0.11589403973509933,0.17880794701986755,0.22847682119205298,45,56,49,76,54
43566,2103,L,39,0.02564102564102564,0.05128205128205128,0.07692307692307693,0.20512820512820512,47,56,70,32,40
43658,2103,L,109,0.009174311926605505,0.10091743119266056,0.11926605504587157,0.27522935779816515,60,46,55,37,54
43680,2103,L,83,0.024096385542168676,0.13253012048192772,0.26506024096385544,0.20481927710843373,34,54,58,101,3
43810,2103,L,46,0.021739130434782608,0.08695652173913043,0.1956521739130435,0.2608695652173913,59,39,26,59,14
44429,2103,L,71,0.04225352112676056,0.014084507042253521,0.18309859154929578,0.18309859154929578,46,56,74,59,37
44510,2103,L,39,0.0,0.07692307692307693,0.1794871794871795,0.28205128205128205,43,60,56,57,54
44530,2103,L,100,0.04,0.09,0.21,0.17,37,53,49,57,57
44730,2103,L,252,0.03968253968253968,0.06746031746031746,0.12698412698412698,0.2222222222222222,61,54,73,40,25
44772,2103,L,66,0.015151515151515152,0.045454545454545456,0.09090909090909091,0.3181818181818182,45,51,47,41,34
44789,2103,L,72,0.013888888888888888,0.09722222222222222,0.18055555555555555,0.19444444444444445,43,63,54,73,69
44812,2103,L,239,0.029288702928870293,0.04602510460251046,0.17573221757322174,0.24267782426778242,58,53,50,56,54
44827,2103,L,196,0.015306122448979591,0.0663265306122449,0.1836734693877551,0.18877551020408162,47,50,44,37,50
44890,2103,L,85,0.03529411764705882,0.08235294117647059,0.17647058823529413,0.18823529411764706,67,54,43,76,20
44913,2103,L,141,0.028368794326241134,0.05673758865248227,0.06382978723404255,0.24822695035460993,87,53,50,40,42
44998,2103,L,132,0.007575757575757576,0.08333333333333333,0.1590909090909091,0.18181818181818182,70,42,56,25,26
45024,2103,L,156,0.057692307692307696,0.09615384615384616,0.11538461538461539,0.24358974358974358,62,45,34,37,61
45080,2103,L,30,0.0,0.03333333333333333,0.23333333333333334,0.26666666666666666,62,59,45,73,63
45107,2103,L,158,0.03164556962025317,0.06329113924050633,0.16455696202531644,0.189873417721519,48,63,45,53,53
45113,2103,L,150,0.02666666666666667,0.07333333333333333,0.31333333333333335,0.17333333333333334,82,76,98,78,48
45151,2103,L,129,0.023255813953488372,0.11627906976744186,0.18604651162790697,0.18604651162790697,19,59,59,97,13
45204,2103,L,280,0.02857142857142857,0.075,0.18214285714285713,0.21071428571428572,49,61,50,53,54
45235,2103,L,132,0.022727272727272728,0.06818181818181818,0.13636363636363635,0.2196969696969697,52,52,45,42,56
45238,2103,L,116,0.017241379310344827,0.0603448275862069,0.21551724137931033,0.25862068965517243,53,55,78,75,39
45511,2103,L,255,0.023529411764705882,0.09411764705882353,0.1568627450980392,0.24705882352941178,40,76,65,38,53
45765,2103,L,78,0.0,0.038461538461538464,0.32051282051282054,0.23076923076923078,55,53,48,59,66
45826,2103,L,103,0.019417475728155338,0.04854368932038835,0.27184466019417475,0.1941747572815534,48,51,53,47,62
45909,2103,L,192,0.036458333333333336,0.0625,0.171875,0.19270833333333334,57,48,57,66,30
46061,2103,L,30,0.0,0.1,0.3,0.2,46,59,54,61,37
46229,2103,L,63,0.0,0.031746031746031744,0.2222222222222222,0.2698412698412698,69,60,52,39,39
46232,2103,L,89,0.033707865168539325,0.10112359550561797,0.1348314606741573,0.2247191011235955,42,56,55,41,37
46234,2103,L,251,0.027888446215139442,0.10358565737051793,0.15139442231075698,0.250996015936255,31,61,41,40,57
46260,2103,L,306,0.029411764705882353,0.05555555555555555,0.1830065359477124,0.20261437908496732,58,67,48,53,54
46324,2103,L,273,0.014652014652014652,0.08424908424908426,0.13553113553113552,0.20146520146520147,65,71,74,60,61
46391,2103,L,112,0.044642857142857144,0.05357142857142857,0.1875,0.22321428571428573,52,54,44,50,61
46397,2103,L,123,0.024390243902439025,0.11382113821138211,0.18699186991869918,0.25203252032520324,50,52,46,55,30
46418,2103,L,56,0.03571428571428571,0.03571428571428571,0.17857142857142858,0.375,31,35,47,40,35
46449,2103,L,138,0.021739130434782608,0.06521739130434782,0.12318840579710146,0.2391304347826087,47,55,53,47,38
46534,2103,L,116,0.017241379310344827,0.0603448275862069,0.27586206896551724,0.14655172413793102,42,57,36,43,60
46819,2103,L,55,0.05454545454545454,0.07272727272727272,0.18181818181818182,0.16363636363636364,49,45,58,46,54
46928,2103,L,326,0.027607361963190184,0.12269938650306748,0.18404907975460122,0.15030674846625766,33,74,50,54,63
46941,2103,L,251,0.043824701195219126,0.06374501992031872,0.12350597609561753,0.28286852589641437,65,60,55,44,63
46952,2103,L,116,0.034482758620689655,0.07758620689655173,0.1810344827586207,0.21551724137931033,46,66,51,49,96
46997,2103,L,254,0.01968503937007874,0.0984251968503937,0.1968503937007874,0.18110236220472442,37,75,52,85,71
47026,2103,L,99,0.020202020202020204,0.06060606060606061,0.21212121212121213,0.1717171717171717,52,55,56,44,65
47140,2103,L,133,0.0,0.07518796992481203,0.24060150375939848,0.2857142857142857,48,57,61,48,86
47305,2103,L,112,0.044642857142857144,0.125,0.14285714285714285,0.23214285714285715,44,50,42,65,4
47473,2103,L,114,0.017543859649122806,0.12280701754385964,0.22807017543859648,0.14912280701754385,33,60,49,57,49
47585,2103,L,66,0.10606060606060606,0.10606060606060606,0.2727272727272727,0.22727272727272727,43,55,27,79,55
47684,2103,L,123,0.032520325203252036,0.04065040650406504,0.1951219512195122,0.25203252032520324,43,52,63,52,11
47778,2103,L,43,0.0,0.023255813953488372,0.23255813953488372,0.27906976744186046,43,44,44,67,12
47781,2103,L,202,0.034653465346534656,0.07425742574257425,0.15346534653465346,0.24752475247524752,63,54,33,58,40
47807,2103,L,142,0.0,0.07746478873239436,0.20422535211267606,0.23943661971830985,54,60,44,59,44
48004,2103,L,175,0.017142857142857144,0.09714285714285714,0.21714285714285714,0.24,39,58,56,43,25
48184,2103,L,290,0.027586206896551724,0.06206896551724138,0.18620689655172415,0.22413793103448276,64,63,66,72,58
48249,2103,L,125,0.04,0.088,0.224,0.256,61,55,34,79,23
48259,2103,L,107,0.037383177570093455,0.06542056074766354,0.22429906542056074,0.17757009345794392,51,57,50,61,58
48450,2103,L,332,0.015060240963855422,0.07530120481927711,0.1746987951807229,0.2289156626506024,43,68,45,47,40
48547,2103,L,59,0.0847457627118644,0.06779661016949153,0.2542372881355932,0.2033898305084746,64,47,34,59,8
49274,2103,L,328,0.006097560975609756,0.054878048780487805,0.13719512195121952,0.3018292682926829,56,62,52,37,70
49355,2103,L,164,0.06097560975609756,0.17073170731707318,0.10365853658536585,0.1951219512195122,25,36,23,36,78
49518,2103,L,135,0.037037037037037035,0.0962962962962963,0.16296296296296298,0.21481481481481482,49,56,63,67,8
49549,2103,L,84,0.011904761904761904,0.05952380952380952,0.16666666666666666,0.17857142857142858,56,58,80,49,65
49830,2103,L,138,0.021739130434782608,0.13768115942028986,0.13043478260869565,0.21739130434782608,31,49,42,45,74
49924,2103,L,195,0.02564102564102564,0.07692307692307693,0.13846153846153847,0.22564102564102564,47,61,58,32,34
50176,2103,L,76,0.02631578947368421,0.11842105263157894,0.19736842105263158,0.19736842105263158,64,69,36,39,61
50273,2103,L,131,0.03816793893129771,0.061068702290076333,0.1450381679389313,0.22900763358778625,54,72,36,50,59
51206,2103,L,294,0.027210884353741496,0.0782312925170068,0.1598639455782313,0.24489795918367346,67,53,60,34,43
55233,2103,L,194,0.03608247422680412,0.05670103092783505,0.19072164948453607,0.23195876288659795,80,63,66,45,21
55292,2103,L,63,0.0,0.06349206349206349,0.25396825396825395,0.2698412698412698,69,57,46,68,10
55591,2103,L,159,0.025157232704402517,0.0880503144654088,0.13836477987421383,0.20125786163522014,43,70,55,55,57
55921,2103,L,175,0.03428571428571429,0.12,0.18285714285714286,0.18285714285714286,45,52,73,66,39
56101,2103,L,323,0.02476780185758514,0.07739938080495357,0.17337461300309598,0.21671826625386997,43,53,54,41,57
60398,2103,L,82,0.024390243902439025,0.07317073170731707,0.08536585365853659,0.21951219512195122,84,67,58,46,15
60601,2103,L,281,0.03914590747330961,0.1103202846975089,0.13523131672597866,0.19217081850533807,35,61,48,54,53
61293,2103,L,331,0.0030211480362537764,0.027190332326283987,0.1419939577039275,0.229607250755287,88,57,55,34,57
62055,2103,L,321,0.04361370716510903,0.09968847352024922,0.16822429906542055,0.205607476635514,38,56,40,47,62
62510,2103,L,298,0.006711409395973154,0.08389261744966443,0.1912751677852349,0.174496644295302,42,78,65,62,55
63964,2103,L,52,0.019230769230769232,0.057692307692307696,0.21153846153846154,0.2692307692307692,59,60,45,49,59
64848,2103,L,81,0.0,0.1111111111111111,0.13580246913580246,0.2222222222222222,51,65,51,39,30
65856,2103,L,36,0.027777777777777776,0.05555555555555555,0.16666666666666666,0.2777777777777778,69,50,46,37,53
66466,2103,L,231,0.03896103896103896,0.08225108225108226,0.13852813852813853,0.23376623376623376,46,58,45,36,58
69165,2103,L,110,0.01818181818181818,0.1,0.2,0.21818181818181817,42,44,43,62,23
70719,2103,L,121,0.024793388429752067,0.09090909090909091,0.11570247933884298,0.2644628099173554,47,57,63,41,17
70749,2103,L,253,0.03557312252964427,0.07509881422924901,0.06324110671936758,0.233201581027668,84,55,82,28,22
70793,2103,L,170,0.011764705882352941,0.11764705882352941,0.13529411764705881,0.21764705882352942,43,53,66,44,28
70808,2103,L,167,0.04790419161676647,0.041916167664670656,0.11377245508982035,0.2275449101796407,63,54,61,44,73
70861,2103,L,82,0.036585365853658534,0.04878048780487805,0.2682926829268293,0.07317073170731707,40,67,27,89,16
70901,2103,L,166,0.006024096385542169,0.13253012048192772,0.1566265060240964,0.23493975903614459,31,51,45,88,21
70983,2103,L,42,0.0,0.14285714285714285,0.14285714285714285,0.19047619047619047,37,60,65,79,32
71088,2103,L,50,0.02,0.08,0.26,0.08,52,65,47,104,14
71215,2103,L,297,0.04377104377104377,0.0707070707070707,0.2053872053872054,0.2255892255892256,57,50,56,62,54
71548,2103,L,118,0.01694915254237288,0.0423728813559322,0.211864406779661,0.17796610169491525,41,63,47,69,56
71561,2103,L,69,0.028985507246376812,0.07246376811594203,0.21739130434782608,0.15942028985507245,46,58,81,99,4
71593,2103,L,345,0.04057971014492753,0.08115942028985507,0.14202898550724638,0.20579710144927535,48,58,43,41,58
71608,2103,L,93,0.053763440860215055,0.08602150537634409,0.0967741935483871,0.22580645161290322,41,51,43,38,12
71624,2103,L,113,0.02654867256637168,0.08849557522123894,0.23893805309734514,0.23008849557522124,36,60,41,51,67
71715,2103,L,337,0.026706231454005934,0.04451038575667656,0.16913946587537093,0.23738872403560832,54,63,49,85,92
71766,2103,L,180,0.022222222222222223,0.09444444444444444,0.15555555555555556,0.24444444444444444,51,51,31,56,57
71775,2103,L,159,0.018867924528301886,0.10062893081761007,0.09433962264150944,0.25157232704402516,43,36,43,33,25
71782,2103,L,43,0.0,0.09302325581395349,0.32558139534883723,0.09302325581395349,75,42,53,74,28
71800,2103,L,115,0.008695652173913044,0.05217391304347826,0.12173913043478261,0.23478260869565218,37,61,33,40,75
71816,2103,L,54,0.05555555555555555,0.09259259259259259,0.1111111111111111,0.24074074074074073,38,63,50,78,12
71823,2103,L,175,0.017142857142857144,0.08571428571428572,0.14857142857142858,0.21142857142857144,28,57,48,35,36
71907,2103,L,308,0.05519480519480519,0.09415584415584416,0.16233766233766234,0.19480519480519481,38,45,45,45,47
71930,2103,L,121,0.049586776859504134,0.0743801652892562,0.15702479338842976,0.2727272727272727,43,50,24,60,23
72013,2103,L,134,0.0,0.11194029850746269,0.23134328358208955,0.1791044776119403,41,70,49,80,54
72037,2103,L,262,0.06870229007633588,0.12213740458015267,0.1450381679389313,0.22137404580152673,60,48,41,33,70
72054,2103,L,292,0.03424657534246575,0.08561643835616438,0.14726027397260275,0.24315068493150685,34,54,55,37,82
72059,2103,L,258,0.01937984496124031,0.09689922480620156,0.2054263565891473,0.22868217054263565,65,66,53,77,54
72062,2103,L,104,0.04807692307692308,0.11538461538461539,0.11538461538461539,0.2403846153846154,32,34,35,32,55
72139,2103,L,115,0.043478260869565216,0.05217391304347826,0.20869565217391303,0.16521739130434782,58,59,48,77,7
72187,2103,L,31,0.0,0.16129032258064516,0.12903225806451613,0.3548387096774194,46,47,64,37,70
72364,2103,L,59,0.05084745762711865,0.05084745762711865,0.1016949152542373,0.2033898305084746,46,66,70,48,32
72366,2103,L,39,0.07692307692307693,0.07692307692307693,0.2564102564102564,0.07692307692307693,42,54,46,54,23
72434,2103,L,172,0.040697674418604654,0.1511627906976744,0.20348837209302326,0.20348837209302326,30,58,40,49,71
72458,2103,L,63,0.047619047619047616,0.031746031746031744,0.20634920634920634,0.20634920634920634,49,57,51,93,7
72517,2103,L,127,0.031496062992125984,0.08661417322834646,0.13385826771653545,0.2440944881889764,49,62,49,63,37
72534,2103,L,31,0.0967741935483871,0.06451612903225806,0.06451612903225806,0.22580645161290322,35,49,39,37,46
72536,2103,L,280,0.039285714285714285,0.075,0.17142857142857143,0.20357142857142857,44,59,29,52,65
72549,2103,L,129,0.05426356589147287,0.10077519379844961,0.10077519379844961,0.21705426356589147,64,54,62,34,17
72574,2103,L,40,0.0,0.075,0.125,0.15,42,60,39,51,12
72646,2103,L,30,0.06666666666666667,0.03333333333333333,0.23333333333333334,0.3,82,74,85,101,14
72669,2103,L,180,0.05,0.06666666666666667,0.15,0.18888888888888888,49,50,38,36,56
72679,2103,L,85,0.023529411764705882,0.058823529411764705,0.2,0.23529411764705882,53,63,67,85,30
72701,2103,L,280,0.014285714285714285,0.08928571428571429,0.08928571428571429,0.26071428571428573,52,41,53,21,56
72708,2103,L,178,0.016853932584269662,0.0898876404494382,0.1853932584269663,0.24157303370786518,48,47,57,48,73
72828,2103,L,140,0.014285714285714285,0.11428571428571428,0.12142857142857143,0.24285714285714285,46,52,38,38,61
72838,2103,L,103,0.019417475728155338,0.0970873786407767,0.17475728155339806,0.18446601941747573,64,53,69,61,43
72845,2103,L,342,0.017543859649122806,0.07017543859649122,0.2222222222222222,0.23391812865497075,76,60,83,71,92
72888,2103,L,46,0.021739130434782608,0.10869565217391304,0.13043478260869565,0.17391304347826086,33,46,30,85,11
72901,2103,L,327,0.03669724770642202,0.11926605504587157,0.10091743119266056,0.24770642201834864,34,56,37,28,42
72996,2103,L,76,0.013157894736842105,0.09210526315789473,0.17105263157894737,0.19736842105263158,33,62,69,65,24
73031,2103,L,44,0.09090909090909091,0.1590909090909091,0.06818181818181818,0.20454545454545456,21,55,1,45,17
73062,2103,L,280,0.025,0.11785714285714285,0.15714285714285714,0.2,47,58,45,53,62
73066,2103,L,303,0.052805280528052806,0.07260726072607261,0.11221122112211221,0.2508250825082508,62,58,41,36,67
73085,2103,L,128,0.0390625,0.078125,0.1484375,0.234375,42,54,26,41,28
73124,2103,L,189,0.05291005291005291,0.10582010582010581,0.18518518518518517,0.21693121693121692,51,55,27,42,54
73132,2103,L,184,0.03260869565217391,0.11413043478260869,0.19021739130434784,0.16847826086956522,47,48,61,68,88
73138,2103,L,71,0.056338028169014086,0.08450704225352113,0.18309859154929578,0.23943661971830985,49,67,66,41,59
73141,2103,L,121,0.024793388429752067,0.09917355371900827,0.10743801652892562,0.256198347107438,39,49,32,35,9
73162,2103,L,119,0.05042016806722689,0.15966386554621848,0.12605042016806722,0.2773109243697479,26,50,25,35,60
73169,2103,L,322,0.049689440993788817,0.07453416149068323,0.18322981366459629,0.22981366459627328,50,67,26,63,72
73249,2103,L,206,0.043689320388349516,0.0970873786407767,0.14563106796116504,0.24271844660194175,45,61,42,39,38
73270,2103,L,80,0.0,0.1125,0.175,0.2875,52,52,55,47,35
73288,2103,L,292,0.0273972602739726,0.07534246575342465,0.17123287671232876,0.2226027397260274,65,52,74,50,56
73345,2103,L,216,0.032407407407407406,0.09722222222222222,0.1712962962962963,0.24074074074074073,32,53,59,76,37
73393,2103,L,265,0.026415094339622643,0.07924528301886792,0.15471698113207547,0.24528301886792453,52,51,44,49,97
73452,2103,L,55,0.05454545454545454,0.01818181818181818,0.2,0.07272727272727272,53,53,59,49,55
73631,2103,L,119,0.05042016806722689,0.09243697478991597,0.18487394957983194,0.18487394957983194,59,42,53,95,9
73658,2103,L,48,0.041666666666666664,0.0625,0.10416666666666667,0.2708333333333333,28,52,33,18,14
73684,2103,L,54,0.018518518518518517,0.07407407407407407,0.16666666666666666,0.2037037037037037,37,59,53,48,22
73812,2103,L,118,0.025423728813559324,0.11016949152542373,0.1440677966101695,0.211864406779661,41,50,43,64,26
73822,2103,L,66,0.030303030303030304,0.12121212121212122,0.2727272727272727,0.16666666666666666,50,54,39,105,21
73837,2103,L,102,0.0392156862745098,0.09803921568627451,0.1568627450980392,0.2647058823529412,59,52,50,31,71
73851,2103,L,298,0.040268456375838924,0.08053691275167785,0.13087248322147652,0.2080536912751678,36,51,43,53,30
73863,2103,L,104,0.019230769230769232,0.09615384615384616,0.19230769230769232,0.2403846153846154,67,62,94,35,25
73873,2103,L,313,0.012779552715654952,0.08626198083067092,0.08626198083067092,0.21725239616613418,45,48,47,24,55
73942,2103,L,295,0.023728813559322035,0.09491525423728814,0.16271186440677965,0.2305084745762712,40,51,33,51,44
73944,2103,L,35,0.05714285714285714,0.05714285714285714,0.08571428571428572,0.42857142857142855,36,55,46,40,7
73945,2103,L,385,0.01038961038961039,0.04155844155844156,0.16363636363636364,0.2077922077922078,82,68,80,56,78
73958,2103,L,256,0.0234375,0.0703125,0.09765625,0.2421875,58,57,54,38,65
73990,2103,L,134,0.04477611940298507,0.12686567164179105,0.21641791044776118,0.23880597014925373,16,54,37,57,1
74043,2103,L,101,0.0297029702970297,0.1485148514851485,0.3069306930693069,0.12871287128712872,20,62,52,111,52
74053,2103,L,332,0.02108433734939759,0.13855421686746988,0.21385542168674698,0.16265060240963855,24,53,46,83,56
74104,2103,L,129,0.007751937984496124,0.09302325581395349,0.12403100775193798,0.24031007751937986,48,66,56,74,21
74120,2103,L,165,0.012121212121212121,0.08484848484848485,0.11515151515151516,0.28484848484848485,52,50,41,37,49
74123,2103,L,39,0.0,0.05128205128205128,0.20512820512820512,0.4358974358974359,32,59,57,108,16
74182,2103,L,65,0.03076923076923077,0.03076923076923077,0.2923076923076923,0.18461538461538463,74,62,66,66,56
74187,2103,L,180,0.016666666666666666,0.07777777777777778,0.17777777777777778,0.18333333333333332,62,51,62,48,56
74213,2103,L,79,0.0759493670886076,0.11392405063291139,0.13924050632911392,0.189873417721519,27,40,33,38,11
74219,2103,L,130,0.015384615384615385,0.15384615384615385,0.12307692307692308,0.15384615384615385,36,60,33,43,87
74284,2103,L,36,0.05555555555555555,0.05555555555555555,0.1111111111111111,0.4166666666666667,35,47,37,58,13
74295,2103,L,90,0.022222222222222223,0.13333333333333333,0.25555555555555554,0.17777777777777778,21,60,50,95,21
74384,2103,L,118,0.03389830508474576,0.13559322033898305,0.1440677966101695,0.2288135593220339,45,55,49,65,18
74455,2103,L,60,0.016666666666666666,0.05,0.16666666666666666,0.2,50,37,69,34,59
74473,2103,L,219,0.0547945205479452,0.0502283105022831,0.1598173515981735,0.2785388127853881,48,48,38,52,72
74478,2103,L,47,0.02127659574468085,0.2127659574468085,0.10638297872340426,0.2127659574468085,36,59,56,35,21
74555,2103,L,151,0.039735099337748346,0.08609271523178808,0.2052980132450331,0.18543046357615894,45,62,70,65,24
74611,2103,L,43,0.046511627906976744,0.09302325581395349,0.20930232558139536,0.37209302325581395,42,55,56,74,3
74645,2103,L,31,0.0,0.0,0.1935483870967742,0.25806451612903225,37,61,66,68,36
74652,2103,L,99,0.0,0.09090909090909091,0.2828282828282828,0.1919191919191919,47,57,45,106,11
74654,2103,L,115,0.0,0.06956521739130435,0.1565217391304348,0.2608695652173913,78,61,63,32,20
74672,2103,L,295,0.05423728813559322,0.05423728813559322,0.15254237288135594,0.26440677966101694,63,55,46,39,99
74732,2103,L,156,0.038461538461538464,0.11538461538461539,0.1858974358974359,0.21153846153846154,20,51,36,78,52
74744,2103,L,165,0.030303030303030304,0.08484848484848485,0.13333333333333333,0.21212121212121213,81,49,61,27,38
74783,2103,L,142,0.007042253521126761,0.06338028169014084,0.06338028169014084,0.28169014084507044,34,50,48,44,70
74846,2103,L,74,0.013513513513513514,0.08108108108108109,0.12162162162162163,0.25675675675675674,36,64,40,42,82
74984,2103,L,318,0.03773584905660377,0.0660377358490566,0.15723270440251572,0.2358490566037736,60,54,37,42,33
75375,2103,L,318,0.0220125786163522,0.06918238993710692,0.20440251572327045,0.18867924528301888,67,55,45,49,55
75384,2103,L,256,0.02734375,0.05078125,0.11328125,0.2265625,78,55,83,21,37
75443,2103,L,95,0.010526315789473684,0.11578947368421053,0.08421052631578947,0.25263157894736843,57,46,85,33,63
75614,2103,L,45,0.022222222222222223,0.08888888888888889,0.15555555555555556,0.2222222222222222,37,48,48,35,57
75703,2103,L,40,0.025,0.125,0.25,0.225,70,71,61,86,17
75821,2103,L,329,0.00911854103343465,0.0486322188449848,0.10638297872340426,0.2765957446808511,90,53,86,31,48
76104,2103,L,103,0.019417475728155338,0.0970873786407767,0.18446601941747573,0.27184466019417475,37,65,44,41,22
76134,2103,L,91,0.04395604395604396,0.06593406593406594,0.08791208791208792,0.34065934065934067,28,40,33,44,6
76149,2103,L,255,0.03529411764705882,0.17254901960784313,0.12156862745098039,0.2627450980392157,15,39,25,31,78
76191,2103,L,40,0.025,0.025,0.25,0.3,43,59,92,82,8
76399,2103,L,72,0.027777777777777776,0.1388888888888889,0.1111111111111111,0.2222222222222222,31,37,31,30,88
76534,2103,L,34,0.058823529411764705,0.11764705882352941,0.2647058823529412,0.14705882352941177,17,52,30,110,20
77113,2103,L,106,0.0660377358490566,0.1320754716981132,0.2358490566037736,0.1509433962264151,5,49,22,82,7
77250,2103,L,133,0.022556390977443608,0.06766917293233082,0.2556390977443609,0.17293233082706766,58,53,52,105,20
77298,2103,L,149,0.08053691275167785,0.087248322147651,0.1342281879194631,0.20134228187919462,37,56,28,37,30
77310,2103,L,106,0.018867924528301886,0.10377358490566038,0.03773584905660377,0.27358490566037735,34,51,36,33,28
77385,2103,L,72,0.027777777777777776,0.09722222222222222,0.19444444444444445,0.1527777777777778,33,59,52,57,23
77406,2103,L,99,0.0,0.08080808080808081,0.15151515151515152,0.2222222222222222,45,55,63,46,14
77485,2103,L,87,0.011494252873563218,0.05747126436781609,0.1724137931034483,0.2413793103448276,62,48,54,75,16
77510,2103,L,56,0.017857142857142856,0.05357142857142857,0.23214285714285715,0.16071428571428573,37,67,36,47,77
77521,2103,L,179,0.03910614525139665,0.11731843575418995,0.16759776536312848,0.17318435754189945,49,52,37,87,33
78271,2103,L,53,0.0,0.1320754716981132,0.1509433962264151,0.18867924528301888,46,40,50,66,21
78744,2103,L,362,0.019337016574585635,0.0856353591160221,0.1298342541436464,0.2430939226519337,45,57,57,42,73
78772,2103,L,116,0.017241379310344827,0.09482758620689655,0.20689655172413793,0.1896551724137931,38,58,68,77,18
78780,2103,L,63,0.031746031746031744,0.1111111111111111,0.15873015873015872,0.25396825396825395,37,47,52,101,11
78832,2103,L,116,0.0603448275862069,0.15517241379310345,0.1896551724137931,0.20689655172413793,9,39,36,79,22
78898,2103,L,52,0.019230769230769232,0.1346153846153846,0.15384615384615385,0.28846153846153844,34,52,49,57,12
78902,2103,L,81,0.012345679012345678,0.09876543209876543,0.18518518518518517,0.2345679012345679,40,57,68,76,24
78984,2103,L,161,0.012422360248447204,0.055900621118012424,0.06832298136645963,0.2795031055900621,61,52,45,13,61
79078,2103,L,72,0.0,0.06944444444444445,0.1388888888888889,0.2361111111111111,68,62,96,41,23
79115,2103,L,30,0.1,0.1,0.1,0.2,43,42,52,59,28
79127,2103,L,84,0.023809523809523808,0.09523809523809523,0.14285714285714285,0.30952380952380953,34,56,35,63,40
79655,2103,L,66,0.0,0.06060606060606061,0.18181818181818182,0.15151515151515152,36,55,45,43,69
79786,2103,L,160,0.025,0.075,0.1,0.20625,28,35,33,32,38
79791,2103,L,31,0.0967741935483871,0.03225806451612903,0.1935483870967742,0.3548387096774194,53,62,51,107,21
80909,2103,L,122,0.03278688524590164,0.13934426229508196,0.1721311475409836,0.22131147540983606,41,50,39,72,8
81347,2103,L,100,0.01,0.12,0.25,0.16,45,55,41,97,22
81430,2103,L,143,0.03496503496503497,0.09090909090909091,0.1888111888111888,0.22377622377622378,41,59,47,79,27
82951,2103,L,113,0.017699115044247787,0.19469026548672566,0.3008849557522124,0.168141592920354,7,63,88,118,19
83445,2103,L,61,0.0,0.03278688524590164,0.14754098360655737,0.2786885245901639,68,57,92,33,44
84762,2103,L,112,0.0,0.026785714285714284,0.14285714285714285,0.24107142857142858,103,66,114,29,83
85007,2103,L,167,0.04790419161676647,0.11377245508982035,0.1497005988023952,0.2155688622754491,24,45,43,42,59
87013,2103,L,35,0.08571428571428572,0.17142857142857143,0.17142857142857143,0.11428571428571428,29,49,34,91,24
84,2104,R,433,0.020785219399538105,0.06697459584295612,0.20092378752886836,0.20785219399538107,50,78,56,56,54
549,2104,R,95,0.021052631578947368,0.05263157894736842,0.30526315789473685,0.17894736842105263,44,55,42,102,13
699,2104,R,247,0.02834008097165992,0.05668016194331984,0.3967611336032389,0.145748987854251,71,60,58,117,25
743,2104,R,245,0.036734693877551024,0.07346938775510205,0.19591836734693877,0.27755102040816326,64,58,46,91,11
1205,2104,R,424,0.02830188679245283,0.0660377358490566,0.18632075471698112,0.17452830188679244,47,60,60,55,56
1258,2104,R,469,0.017057569296375266,0.06183368869936034,0.21748400852878466,0.24093816631130063,65,71,80,83,80
1330,2104,R,472,0.023305084745762712,0.08898305084745763,0.13135593220338984,0.2563559322033898,46,58,49,61,58
1386,2104,R,420,0.02857142857142857,0.10476190476190476,0.15714285714285714,0.22142857142857142,32,59,29,41,71
1472,2104,R,300,0.03,0.07333333333333333,0.16666666666666666,0.25666666666666665,62,60,67,45,55
1479,2104,R,379,0.026385224274406333,0.06596306068601583,0.15303430079155672,0.22163588390501318,78,60,86,26,33
1528,2104,R,177,0.03954802259887006,0.10734463276836158,0.15819209039548024,0.2598870056497175,35,56,31,57,76
1681,2104,R,270,0.022222222222222223,0.08888888888888889,0.16666666666666666,0.21481481481481482,47,31,63,51,49
2113,2104,R,198,0.025252525252525252,0.03535353535353535,0.21212121212121213,0.2474747474747475,66,56,48,83,11
2121,2104,R,101,0.06930693069306931,0.039603960396039604,0.1188118811881188,0.18811881188118812,70,52,81,45,23
2150,2104,R,243,0.024691358024691357,0.10699588477366255,0.20987654320987653,0.1934156378600823,30,43,44,95,12
2236,2104,R,188,0.02127659574468085,0.06382978723404255,0.19680851063829788,0.23404255319148937,43,54,48,89,2
19148,2104,R,333,0.03003003003003003,0.09009009009009009,0.21621621621621623,0.1891891891891892,50,59,31,73,55
19365,2104,R,359,0.022284122562674095,0.0807799442896936,0.17270194986072424,0.22841225626740946,48,55,56,54,70
19581,2104,R,228,0.039473684210526314,0.08771929824561403,0.18859649122807018,0.21052631578947367,51,57,58,80,58
19835,2104,R,30,0.13333333333333333,0.06666666666666667,0.16666666666666666,0.3,49,58,44,31,35
19899,2104,R,75,0.013333333333333334,0.12,0.2,0.17333333333333334,39,53,35,37,37
19974,2104,R,288,0.03819444444444445,0.0763888888888889,0.18055555555555555,0.21875,53,54,35,70,70
20022,2104,R,301,0.019933554817275746,0.10963455149501661,0.16611295681063123,0.23588039867109634,33,49,42,75,53
20076,2104,R,239,0.0041841004184100415,0.09205020920502092,0.25523012552301255,0.17154811715481172,45,52,60,99,16
20312,2104,R,435,0.034482758620689655,0.07586206896551724,0.15402298850574714,0.2045977011494253,55,53,44,56,35
20383,2104,R,485,0.020618556701030927,0.08247422680412371,0.2288659793814433,0.2020618556701031,60,52,48,63,95
20402,2104,R,33,0.0,0.030303030303030304,0.18181818181818182,0.24242424242424243,40,63,79,87,4
20404,2104,R,85,0.011764705882352941,0.11764705882352941,0.16470588235294117,0.3176470588235294,37,45,40,48,18
21174,2104,R,329,0.04559270516717325,0.0790273556231003,0.11854103343465046,0.2857142857142857,59,44,55,37,85
21234,2104,R,159,0.03773584905660377,0.03773584905660377,0.12578616352201258,0.23270440251572327,63,62,49,43,49
21292,2104,R,218,0.022935779816513763,0.07339449541284404,0.18807339449541285,0.1834862385321101,46,66,47,43,10
22319,2104,R,165,0.04242424242424243,0.04242424242424243,0.2,0.23030303030303031,66,47,52,60,53
22569,2104,R,391,0.023017902813299233,0.043478260869565216,0.1329923273657289,0.2659846547314578,81,47,55,30,24
22939,2104,R,352,0.036931818181818184,0.08522727272727272,0.16761363636363635,0.20454545454545456,32,60,32,42,58
23003,2104,R,32,0.0,0.09375,0.28125,0.15625,33,55,48,82,9
23608,2104,R,389,0.010282776349614395,0.043701799485861184,0.15424164524421594,0.2544987146529563,97,58,76,34,45
23652,2104,R,399,0.02506265664160401,0.07518796992481203,0.18045112781954886,0.2506265664160401,50,56,55,43,51
23983,2104,R,174,0.06321839080459771,0.05172413793103448,0.25287356321839083,0.19540229885057472,71,55,30,78,36
24110,2104,R,301,0.03986710963455149,0.08305647840531562,0.23255813953488372,0.2159468438538206,52,62,52,75,51
24129,2104,R,125,0.008,0.128,0.176,0.2,41,50,37,72,19
24224,2104,R,402,0.024875621890547265,0.07213930348258707,0.14925373134328357,0.19402985074626866,48,58,97,36,64
24273,2104,R,537,0.020484171322160148,0.0595903165735568,0.17690875232774675,0.22346368715083798,56,58,60,43,95
24360,2104,R,314,0.012738853503184714,0.054140127388535034,0.15605095541401273,0.23885350318471338,50,50,73,54,29
24506,2104,R,75,0.02666666666666667,0.09333333333333334,0.14666666666666667,0.26666666666666666,56,65,73,47,60
25018,2104,R,60,0.016666666666666666,0.1,0.13333333333333333,0.2,47,52,73,37,12
25066,2104,R,229,0.05240174672489083,0.12663755458515283,0.1222707423580786,0.2314410480349345,40,50,40,55,20
25574,2104,R,325,0.027692307692307693,0.07076923076923076,0.14461538461538462,0.2246153846153846,44,67,44,47,51
25591,2104,R,88,0.022727272727272728,0.09090909090909091,0.20454545454545456,0.26136363636363635,52,61,76,82,59
25669,2104,R,246,0.036585365853658534,0.09349593495934959,0.14227642276422764,0.2032520325203252,28,48,36,49,45
25768,2104,R,127,0.03937007874015748,0.06299212598425197,0.13385826771653545,0.2047244094488189,50,51,64,39,33
25904,2104,R,93,0.010752688172043012,0.043010752688172046,0.22580645161290322,0.15053763440860216,39,58,77,71,63
25927,2104,R,427,0.04215456674473068,0.0468384074941452,0.20843091334894615,0.18969555035128804,82,54,58,52,60
26076,2104,R,155,0.012903225806451613,0.01935483870967742,0.12903225806451613,0.2645161290322581,50,56,45,47,14
26168,2104,R,469,0.03624733475479744,0.042643923240938165,0.11727078891257996,0.2537313432835821,63,52,54,37,52
26197,2104,R,197,0.005076142131979695,0.06091370558375635,0.17258883248730963,0.18781725888324874,56,58,56,70,18
26210,2104,R,236,0.029661016949152543,0.05508474576271186,0.2457627118644068,0.2796610169491525,50,72,52,96,7
26249,2104,R,258,0.015503875968992248,0.09689922480620156,0.1744186046511628,0.2248062015503876,46,59,59,58,63
26267,2104,R,239,0.05439330543933055,0.08368200836820083,0.21338912133891214,0.17154811715481172,45,55,53,92,9
26811,2104,R,297,0.006734006734006734,0.06397306397306397,0.25925925925925924,0.1750841750841751,61,61,88,72,30
27363,2104,R,81,0.037037037037037035,0.06172839506172839,0.12345679012345678,0.19753086419753085,47,52,47,68,17
27642,2104,R,281,0.014234875444839857,0.05338078291814947,0.15302491103202848,0.2313167259786477,88,49,65,53,58
28586,2104,R,319,0.02821316614420063,0.11285266457680251,0.11285266457680251,0.27586206896551724,34,59,50,76,12
28596,2104,R,52,0.0,0.038461538461538464,0.11538461538461539,0.25,65,70,84,77,41
28753,2104,R,270,0.02962962962962963,0.13333333333333333,0.13333333333333333,0.26666666666666666,31,51,30,64,60
29100,2104,R,63,0.06349206349206349,0.07936507936507936,0.19047619047619047,0.25396825396825395,45,61,53,54,26
29480,2104,R,173,0.017341040462427744,0.09826589595375723,0.2138728323699422,0.1791907514450867,55,66,63,56,4
29533,2104,R,455,0.02197802197802198,0.06373626373626373,0.14725274725274726,0.2153846153846154,75,59,72,41,59
29618,2104,R,641,0.0187207488299532,0.0514820592823713,0.1357254290171607,0.2589703588143526,84,57,75,38,58
29667,2104,R,277,0.010830324909747292,0.06498194945848375,0.22382671480144403,0.20577617328519857,66,57,47,69,31
29958,2104,R,194,0.07216494845360824,0.06701030927835051,0.27835051546391754,0.23195876288659795,62,64,18,101,17
29980,2104,R,415,0.033734939759036145,0.07710843373493977,0.17590361445783131,0.19036144578313252,54,47,51,47,53
30142,2104,R,246,0.036585365853658534,0.10569105691056911,0.21951219512195122,0.21138211382113822,70,47,46,78,6
30148,2104,R,382,0.05235602094240838,0.07329842931937172,0.18324607329842932,0.2094240837696335,65,56,54,75,55
30208,2104,R,231,0.0,0.12987012987012986,0.19480519480519481,0.22943722943722944,23,58,83,76,34
30231,2104,R,241,0.016597510373443983,0.1078838174273859,0.17842323651452283,0.17842323651452283,35,62,69,51,66
30286,2104,R,411,0.0170316301703163,0.06326034063260341,0.18248175182481752,0.24574209245742093,50,43,45,50,40
30590,2104,R,305,0.029508196721311476,0.07213114754098361,0.23278688524590163,0.18360655737704917,50,66,62,78,45
30676,2104,R,674,0.025222551928783383,0.05934718100890208,0.18694362017804153,0.21364985163204747,75,66,55,70,69
30820,2104,R,122,0.00819672131147541,0.08196721311475409,0.30327868852459017,0.1885245901639344,53,51,50,74,9
30907,2104,R,145,0.06896551724137931,0.06206896551724138,0.23448275862068965,0.21379310344827587,62,64,50,108,8
31165,2104,R,174,0.040229885057471264,0.09770114942528736,0.21839080459770116,0.1896551724137931,38,46,43,88,7
31257,2104,R,416,0.028846153846153848,0.057692307692307696,0.17307692307692307,0.25721153846153844,68,48,62,54,57
31321,2104,R,162,0.037037037037037035,0.08024691358024691,0.30864197530864196,0.2037037037037037,46,57,67,109,4
31580,2104,R,68,0.058823529411764705,0.04411764705882353,0.1323529411764706,0.20588235294117646,47,58,29,67,33
31723,2104,R,153,0.0196078431372549,0.09803921568627451,0.1830065359477124,0.26143790849673204,51,55,47,48,56
31754,2104,R,386,0.018134715025906734,0.07253886010362694,0.19689119170984457,0.21243523316062177,50,62,39,60,87
31764,2104,R,483,0.024844720496894408,0.08074534161490683,0.18426501035196688,0.20910973084886128,55,56,48,46,36
31805,2104,R,123,0.032520325203252036,0.10569105691056911,0.17073170731707318,0.24390243902439024,47,50,38,50,41
31809,2104,R,135,0.014814814814814815,0.0962962962962963,0.32592592592592595,0.13333333333333333,55,67,45,107,14
31904,2104,R,104,0.009615384615384616,0.07692307692307693,0.11538461538461539,0.22115384615384615,72,52,35,47,63
31963,2104,R,423,0.02127659574468085,0.07801418439716312,0.17257683215130024,0.1867612293144208,62,60,80,50,56
31968,2104,R,367,0.01634877384196185,0.051771117166212535,0.16076294277929154,0.23160762942779292,93,47,72,30,28
32146,2104,R,118,0.025423728813559324,0.09322033898305085,0.2457627118644068,0.22033898305084745,52,62,39,64,7
32185,2104,R,97,0.061855670103092786,0.041237113402061855,0.23711340206185566,0.24742268041237114,82,64,50,94,13
32306,2104,R,322,0.037267080745341616,0.059006211180124224,0.21428571428571427,0.20496894409937888,63,61,27,52,71
32341,2104,R,408,0.029411764705882353,0.051470588235294115,0.13970588235294118,0.20833333333333334,64,59,55,51,58
32500,2104,R,449,0.0334075723830735,0.08463251670378619,0.16258351893095768,0.24944320712694878,49,60,45,57,67
32511,2104,R,482,0.014522821576763486,0.08091286307053942,0.21784232365145229,0.1908713692946058,76,55,56,55,53
32538,2104,R,527,0.04743833017077799,0.07590132827324478,0.2504743833017078,0.18026565464895636,45,61,41,87,85
32548,2104,R,207,0.024154589371980676,0.06280193236714976,0.16908212560386474,0.18357487922705315,51,42,43,61,9
32574,2104,R,192,0.057291666666666664,0.08333333333333333,0.109375,0.2552083333333333,63,54,41,58,31
32672,2104,R,214,0.056074766355140186,0.08878504672897196,0.2523364485981308,0.18691588785046728,37,60,40,73,78
32821,2104,R,124,0.04032258064516129,0.03225806451612903,0.10483870967741936,0.3064516129032258,55,53,47,52,42
32954,2104,R,289,0.02422145328719723,0.11764705882352941,0.17301038062283736,0.22491349480968859,47,55,60,72,12
33013,2104,R,466,0.019313304721030045,0.10515021459227468,0.30686695278969955,0.16738197424892703,25,71,66,112,92
33185,2104,R,176,0.028409090909090908,0.07954545454545454,0.19886363636363635,0.14204545454545456,69,56,50,48,11
33251,2104,R,58,0.05172413793103448,0.034482758620689655,0.27586206896551724,0.06896551724137931,33,54,43,62,37
33368,2104,R,109,0.06422018348623854,0.05504587155963303,0.11926605504587157,0.1834862385321101,52,60,30,61,9
33431,2104,R,341,0.04105571847507331,0.05865102639296188,0.19648093841642228,0.21407624633431085,71,54,51,53,81
33509,2104,R,60,0.0,0.03333333333333333,0.18333333333333332,0.18333333333333332,68,59,40,72,37
33571,2104,R,299,0.016722408026755852,0.07357859531772576,0.22073578595317725,0.2040133779264214,71,58,49,58,82
33667,2104,R,197,0.030456852791878174,0.07106598984771574,0.27411167512690354,0.17766497461928935,44,64,41,104,4
33709,2104,R,157,0.01910828025477707,0.08280254777070063,0.19745222929936307,0.21019108280254778,56,58,45,71,16
33785,2104,R,112,0.026785714285714284,0.07142857142857142,0.2857142857142857,0.20535714285714285,57,61,72,108,14
33816,2104,R,442,0.03619909502262444,0.07013574660633484,0.19457013574660634,0.2398190045248869,45,53,64,63,49
33845,2104,R,462,0.01948051948051948,0.047619047619047616,0.18398268398268397,0.22727272727272727,64,53,47,53,50
33861,2104,R,65,0.015384615384615385,0.1076923076923077,0.1076923076923077,0.2153846153846154,31,53,53,53,59
33989,2104,R,342,0.014619883040935672,0.04678362573099415,0.1871345029239766,0.21929824561403508,53,60,56,54,64
34252,2104,R,403,0.02977667493796526,0.062034739454094295,0.21339950372208435,0.21836228287841192,51,69,50,93,62
34372,2104,R,86,0.011627906976744186,0.03488372093023256,0.22093023255813954,0.18604651162790697,50,56,49,59,7
34489,2104,R,365,0.03561643835616438,0.08767123287671233,0.136986301369863,0.2356164383561644,55,53,49,51,28
34584,2104,R,102,0.0196078431372549,0.10784313725490197,0.18627450980392157,0.19607843137254902,53,56,48,31,50
34588,2104,R,97,0.05154639175257732,0.030927835051546393,0.12371134020618557,0.21649484536082475,53,60,34,54,40
34651,2104,R,177,0.01694915254237288,0.0847457627118644,0.1638418079096045,0.20903954802259886,51,63,80,48,64
34675,2104,R,431,0.04176334106728538,0.09048723897911833,0.13921113689095127,0.2482598607888631,51,63,37,48,50
35103,2104,R,62,0.03225806451612903,0.08064516129032258,0.2903225806451613,0.12903225806451613,59,60,36,64,3
35188,2104,R,146,0.0547945205479452,0.14383561643835616,0.1780821917808219,0.2191780821917808,35,52,44,53,30
35229,2104,R,232,0.0,0.06896551724137931,0.21982758620689655,0.16379310344827586,78,68,87,60,10
35269,2104,R,53,0.03773584905660377,0.07547169811320754,0.1509433962264151,0.32075471698113206,53,45,39,73,41
35552,2104,R,249,0.040160642570281124,0.06827309236947791,0.26104417670682734,0.20883534136546184,45,67,51,102,19
35653,2104,R,163,0.012269938650306749,0.06748466257668712,0.15337423312883436,0.2883435582822086,73,66,58,44,38
35922,2104,R,99,0.020202020202020204,0.09090909090909091,0.16161616161616163,0.2222222222222222,50,52,48,62,54
36426,2104,R,384,0.033854166666666664,0.057291666666666664,0.1640625,0.18229166666666666,50,62,78,52,63
36516,2104,R,223,0.05829596412556054,0.06726457399103139,0.18385650224215247,0.19730941704035873,45,62,23,67,57
36523,2104,R,186,0.010752688172043012,0.10215053763440861,0.11290322580645161,0.21505376344086022,52,66,68,52,31
36544,2104,R,218,0.013761467889908258,0.06880733944954129,0.20642201834862386,0.22018348623853212,48,41,49,56,13
36558,2104,R,291,0.03436426116838488,0.07216494845360824,0.16494845360824742,0.21305841924398625,46,44,51,49,42
36610,2104,R,251,0.0398406374501992,0.07569721115537849,0.1952191235059761,0.250996015936255,43,49,75,60,22
36683,2104,R,111,0.009009009009009009,0.0990990990990991,0.14414414414414414,0.27927927927927926,31,50,40,42,39
36697,2104,R,462,0.021645021645021644,0.06060606060606061,0.14935064935064934,0.24675324675324675,51,60,49,54,61
36709,2104,R,100,0.05,0.06,0.18,0.22,47,51,41,43,60
36728,2104,R,72,0.013888888888888888,0.06944444444444445,0.1527777777777778,0.2361111111111111,53,57,50,64,30
36749,2104,R,460,0.015217391304347827,0.05,0.2391304347826087,0.19782608695652174,80,70,53,82,57
36751,2104,R,561,0.023172905525846704,0.0873440285204991,0.17825311942959002,0.22103386809269163,52,52,39,65,34
36846,2104,R,547,0.029250457038391225,0.054844606946983544,0.13711151736745886,0.2522851919561243,76,74,70,58,31
36870,2104,R,124,0.04838709677419355,0.13709677419354838,0.25,0.18548387096774194,60,61,28,55,38
36943,2104,R,109,0.027522935779816515,0.10091743119266056,0.1743119266055046,0.1743119266055046,37,60,42,84,5
37007,2104,R,471,0.027600849256900213,0.08067940552016985,0.18259023354564755,0.2059447983014862,59,65,61,57,36
37032,2104,R,242,0.049586776859504134,0.07851239669421488,0.16942148760330578,0.24793388429752067,44,58,42,62,11
37078,2104,R,111,0.0,0.08108108108108109,0.14414414414414414,0.27927927927927926,57,62,51,53,24
37102,2104,R,206,0.05825242718446602,0.05339805825242718,0.24757281553398058,0.1941747572815534,52,59,32,86,17
37193,2104,R,113,0.04424778761061947,0.061946902654867256,0.17699115044247787,0.23893805309734514,45,53,55,67,27
37282,2104,R,443,0.020316027088036117,0.060948081264108354,0.1580135440180587,0.23024830699774265,70,67,54,47,49
37349,2104,R,144,0.006944444444444444,0.08333333333333333,0.2638888888888889,0.2013888888888889,48,57,64,68,19
37472,2104,R,106,0.04716981132075472,0.04716981132075472,0.14150943396226415,0.3018867924528302,70,54,37,52,66
37609,2104,R,462,0.01948051948051948,0.05194805194805195,0.23809523809523808,0.2077922077922078,84,84,100,91,76
37620,2104,R,301,0.026578073089700997,0.07308970099667775,0.18604651162790697,0.2026578073089701,65,74,84,55,62
37728,2104,R,253,0.03557312252964427,0.10276679841897234,0.1383399209486166,0.2608695652173913,43,65,51,44,75
37785,2104,R,197,0.03553299492385787,0.07614213197969544,0.16243654822335024,0.20812182741116753,50,49,59,48,19
37967,2104,R,321,0.03426791277258567,0.037383177570093455,0.13707165109034267,0.22429906542056074,86,61,52,36,64
38104,2104,R,111,0.04504504504504504,0.08108108108108109,0.16216216216216217,0.22522522522522523,44,50,49,40,64
38269,2104,R,450,0.03111111111111111,0.07555555555555556,0.18888888888888888,0.18666666666666668,47,56,72,47,54
38342,2104,R,236,0.01694915254237288,0.06779661016949153,0.2627118644067797,0.1694915254237288,66,53,39,102,18
38348,2104,R,200,0.025,0.135,0.19,0.18,32,56,68,82,9
38363,2104,R,232,0.03879310344827586,0.08189655172413793,0.15086206896551724,0.1939655172413793,68,45,38,60,53
38377,2104,R,204,0.00980392156862745,0.0392156862745098,0.24509803921568626,0.18627450980392157,80,84,86,73,11
38466,2104,R,162,0.043209876543209874,0.07407407407407407,0.2037037037037037,0.1728395061728395,51,57,56,46,47
38512,2104,R,234,0.021367521367521368,0.06837606837606838,0.21367521367521367,0.25213675213675213,67,62,56,65,62
38608,2104,R,97,0.010309278350515464,0.020618556701030927,0.15463917525773196,0.29896907216494845,48,52,49,65,37
38611,2104,R,145,0.04827586206896552,0.07586206896551724,0.2,0.19310344827586207,60,52,43,87,18
38728,2104,R,336,0.047619047619047616,0.07142857142857142,0.1488095238095238,0.2767857142857143,43,57,37,66,59
38763,2104,R,240,0.03333333333333333,0.05,0.25833333333333336,0.25,62,56,45,56,27
38795,2104,R,713,0.030855539971949508,0.07713884992987377,0.18513323983169705,0.22861150070126227,54,58,58,64,74
38807,2104,R,236,0.0211864406779661,0.025423728813559324,0.1483050847457627,0.2584745762711864,61,52,52,40,48
38836,2104,R,363,0.027548209366391185,0.06060606060606061,0.19008264462809918,0.20385674931129477,48,60,59,58,25
38852,2104,R,268,0.029850746268656716,0.08208955223880597,0.1791044776119403,0.21641791044776118,60,57,55,47,37
38923,2104,R,119,0.025210084033613446,0.1092436974789916,0.13445378151260504,0.21008403361344538,47,47,57,30,51
38955,2104,R,407,0.022113022113022112,0.07125307125307126,0.16216216216216217,0.19901719901719903,51,63,73,62,47
38968,2104,R,201,0.05472636815920398,0.07960199004975124,0.14925373134328357,0.23383084577114427,62,58,26,47,63
38987,2104,R,145,0.027586206896551724,0.04827586206896552,0.21379310344827587,0.25517241379310346,49,46,67,58,54
38988,2104,R,488,0.022540983606557378,0.0860655737704918,0.17827868852459017,0.20901639344262296,39,56,45,70,51
39003,2104,R,241,0.04149377593360996,0.07468879668049792,0.18672199170124482,0.2074688796680498,53,49,49,70,34
39043,2104,R,364,0.03296703296703297,0.0989010989010989,0.21428571428571427,0.24725274725274726,53,71,67,101,41
39049,2104,R,192,0.026041666666666668,0.057291666666666664,0.2760416666666667,0.1875,62,60,36,88,10
39199,2104,R,289,0.020761245674740483,0.08650519031141868,0.1903114186851211,0.1453287197231834,48,59,76,56,39
39238,2104,R,281,0.02491103202846975,0.0711743772241993,0.11743772241992882,0.2526690391459075,47,57,53,46,32
39261,2104,R,281,0.028469750889679714,0.07829181494661921,0.14590747330960854,0.21708185053380782,60,52,40,58,17
39266,2104,R,199,0.01507537688442211,0.07035175879396985,0.11557788944723618,0.1507537688442211,48,47,60,37,35
39300,2104,R,645,0.021705426356589147,0.07596899224806201,0.14883720930232558,0.25426356589147286,40,78,66,34,48
39327,2104,R,179,0.03910614525139665,0.0893854748603352,0.09497206703910614,0.21787709497206703,40,52,63,48,56
39745,2104,R,328,0.024390243902439025,0.09146341463414634,0.14634146341463414,0.25,52,57,66,45,55
39769,2104,R,326,0.012269938650306749,0.11042944785276074,0.16257668711656442,0.21779141104294478,33,75,84,48,60
39822,2104,R,246,0.06097560975609756,0.08536585365853659,0.24796747967479674,0.21544715447154472,58,59,26,103,12
40097,2104,R,152,0.046052631578947366,0.10526315789473684,0.21052631578947367,0.19078947368421054,54,61,46,67,11
40434,2104,R,272,0.04411764705882353,0.06985294117647059,0.19117647058823528,0.22794117647058823,70,62,59,59,6
40526,2104,R,234,0.042735042735042736,0.11965811965811966,0.21794871794871795,0.1581196581196581,33,68,37,62,38
40533,2104,R,457,0.03938730853391685,0.08096280087527352,0.18161925601750548,0.212253829321663,63,53,36,63,30
40592,2104,R,313,0.02875399361022364,0.054313099041533544,0.17252396166134185,0.21725239616613418,57,48,50,37,55
40606,2104,R,181,0.016574585635359115,0.03314917127071823,0.18232044198895028,0.2596685082872928,63,55,65,60,11
40617,2104,R,252,0.03968253968253968,0.10714285714285714,0.1349206349206349,0.23809523809523808,36,48,57,58,28
40694,2104,R,202,0.04455445544554455,0.07425742574257425,0.13861386138613863,0.21782178217821782,36,45,34,39,62
40711,2104,R,407,0.051597051597051594,0.09582309582309582,0.11547911547911548,0.2727272727272727,55,55,61,42,24
41194,2104,R,371,0.04043126684636118,0.07816711590296496,0.16711590296495957,0.215633423180593,55,45,47,40,26
41231,2104,R,264,0.01893939393939394,0.09090909090909091,0.1893939393939394,0.16666666666666666,42,61,64,45,49
41297,2104,R,442,0.033936651583710405,0.05429864253393665,0.2081447963800905,0.2647058823529412,66,60,34,81,26
41332,2104,R,158,0.03164556962025317,0.10126582278481013,0.2974683544303797,0.1962025316455696,53,64,31,102,12
41396,2104,R,300,0.02666666666666667,0.09,0.13666666666666666,0.22333333333333333,36,54,44,41,55
41548,2104,R,127,0.031496062992125984,0.11023622047244094,0.30708661417322836,0.14960629921259844,35,60,42,67,66
41559,2104,R,93,0.021505376344086023,0.08602150537634409,0.16129032258064516,0.23655913978494625,42,53,63,83,14
41697,2104,R,400,0.03,0.0775,0.105,0.2725,73,52,53,36,65
41722,2104,R,70,0.04285714285714286,0.08571428571428572,0.18571428571428572,0.24285714285714285,41,47,35,36,54
41895,2104,R,91,0.04395604395604396,0.10989010989010989,0.24175824175824176,0.15384615384615385,45,60,43,77,14
42001,2104,R,400,0.0325,0.0825,0.1875,0.19,48,57,41,48,28
42124,2104,R,277,0.02888086642599278,0.04693140794223827,0.17328519855595667,0.22743682310469315,88,63,99,57,28
42158,2104,R,194,0.05154639175257732,0.05670103092783505,0.1958762886597938,0.16494845360824742,44,49,55,79,10
42206,2104,R,690,0.015942028985507246,0.06811594202898551,0.19855072463768117,0.2144927536231884,63,68,72,65,57
42228,2104,R,362,0.03314917127071823,0.0856353591160221,0.13535911602209943,0.21823204419889503,57,59,34,51,83
42251,2104,R,204,0.0196078431372549,0.06862745098039216,0.18627450980392157,0.2549019607843137,56,59,49,57,12
42322,2104,R,169,0.047337278106508875,0.05917159763313609,0.24260355029585798,0.14201183431952663,65,62,39,68,24
42326,2104,R,173,0.046242774566473986,0.08092485549132948,0.23121387283236994,0.1907514450867052,66,59,70,92,12
42423,2104,R,556,0.046762589928057555,0.05575539568345324,0.18525179856115107,0.22302158273381295,68,52,34,59,36
42470,2104,R,464,0.032327586206896554,0.07543103448275862,0.1896551724137931,0.22413793103448276,52,57,45,47,56
42575,2104,R,320,0.021875,0.05,0.159375,0.221875,63,55,57,39,73
42599,2104,R,166,0.012048192771084338,0.09036144578313253,0.19879518072289157,0.2289156626506024,39,50,49,79,12
42610,2104,R,422,0.04028436018957346,0.07109004739336493,0.2109004739336493,0.1848341232227488,45,59,43,51,24
42631,2104,R,240,0.0375,0.0625,0.24166666666666667,0.19166666666666668,46,64,41,75,70
42656,2104,R,241,0.04149377593360996,0.04564315352697095,0.11203319502074689,0.24066390041493776,66,54,50,33,50
42667,2104,R,419,0.03579952267303103,0.06205250596658711,0.21957040572792363,0.1718377088305489,52,58,60,53,29
42671,2104,R,370,0.021621621621621623,0.062162162162162166,0.12972972972972974,0.2810810810810811,52,45,83,32,44
42705,2104,R,320,0.034375,0.084375,0.18125,0.21875,42,54,36,43,58
42746,2104,R,192,0.041666666666666664,0.036458333333333336,0.21875,0.2760416666666667,91,58,58,74,9
42784,2104,R,235,0.03829787234042553,0.0851063829787234,0.17872340425531916,0.24680851063829787,42,57,41,69,56
42863,2104,R,478,0.029288702928870293,0.060669456066945605,0.200836820083682,0.20711297071129708,88,60,58,52,73
42865,2104,R,203,0.03940886699507389,0.09852216748768473,0.15270935960591134,0.21182266009852216,43,52,49,65,12
42867,2104,R,226,0.022123893805309734,0.0752212389380531,0.168141592920354,0.18141592920353983,57,53,29,60,51
42891,2104,R,110,0.045454545454545456,0.07272727272727272,0.21818181818181817,0.14545454545454545,46,67,45,80,12
42922,2104,R,156,0.019230769230769232,0.057692307692307696,0.1794871794871795,0.2692307692307692,45,49,54,50,64
42930,2104,R,233,0.030042918454935622,0.12017167381974249,0.15021459227467812,0.1888412017167382,36,64,72,50,56
43119,2104,R,471,0.03821656050955414,0.06794055201698514,0.1613588110403397,0.21231422505307856,68,49,77,47,84
43181,2104,R,434,0.027649769585253458,0.08064516129032258,0.16820276497695852,0.2465437788018433,54,77,48,48,38
43226,2104,R,61,0.0,0.06557377049180328,0.21311475409836064,0.21311475409836064,36,62,45,65,8
43256,2104,R,218,0.027522935779816515,0.07339449541284404,0.19724770642201836,0.23853211009174313,52,56,48,89,8
43269,2104,R,208,0.009615384615384616,0.08173076923076923,0.16346153846153846,0.2644230769230769,48,57,74,45,52
43311,2104,R,452,0.01991150442477876,0.06415929203539823,0.13274336283185842,0.24778761061946902,51,56,42,38,60
43325,2104,R,351,0.022792022792022793,0.05128205128205128,0.23076923076923078,0.23076923076923078,80,69,70,74,24
43451,2104,R,270,0.02962962962962963,0.11481481481481481,0.1962962962962963,0.2,53,64,58,64,12
43544,2104,R,262,0.019083969465648856,0.0916030534351145,0.24045801526717558,0.2099236641221374,44,56,53,81,54
43680,2104,R,148,0.02702702702702703,0.05405405405405406,0.2972972972972973,0.16216216216216217,35,65,62,105,6
43772,2104,R,264,0.05303030303030303,0.08712121212121213,0.20454545454545456,0.20454545454545456,32,54,44,67,55
43810,2104,R,84,0.03571428571428571,0.07142857142857142,0.2619047619047619,0.20238095238095238,66,54,34,101,15
44330,2104,R,437,0.032036613272311214,0.05034324942791762,0.11670480549199085,0.28832951945080093,78,52,50,37,29
44422,2104,R,32,0.0,0.28125,0.0625,0.1875,30,58,61,72,15
44730,2104,R,227,0.03524229074889868,0.07929515418502203,0.12334801762114538,0.2026431718061674,64,53,74,39,26
44767,2104,R,79,0.012658227848101266,0.17721518987341772,0.11392405063291139,0.22784810126582278,42,54,53,51,57
44789,2104,R,155,0.03870967741935484,0.07741935483870968,0.12258064516129032,0.2903225806451613,39,57,41,51,69
44812,2104,R,187,0.03208556149732621,0.0855614973262032,0.19786096256684493,0.24598930481283424,66,59,60,49,55
44827,2104,R,448,0.013392857142857142,0.06919642857142858,0.18080357142857142,0.234375,65,61,70,49,50
44890,2104,R,131,0.030534351145038167,0.06870229007633588,0.16030534351145037,0.1984732824427481,78,55,45,68,19
44913,2104,R,57,0.017543859649122806,0.08771929824561403,0.03508771929824561,0.21052631578947367,83,53,48,38,46
45080,2104,R,353,0.042492917847025496,0.09348441926345609,0.20396600566572237,0.2096317280453258,58,59,38,73,63
45081,2104,R,39,0.05128205128205128,0.02564102564102564,0.07692307692307693,0.2564102564102564,59,56,44,44,42
45107,2104,R,146,0.0273972602739726,0.0958904109589041,0.136986301369863,0.22602739726027396,55,64,53,55,53
45113,2104,R,709,0.019746121297602257,0.05923836389280677,0.1918194640338505,0.22566995768688294,73,75,81,78,48
45151,2104,R,53,0.03773584905660377,0.18867924528301888,0.09433962264150944,0.20754716981132076,22,60,62,95,11
45202,2104,R,108,0.037037037037037035,0.09259259259259259,0.25,0.18518518518518517,43,66,70,88,62
45204,2104,R,449,0.017817371937639197,0.07126948775055679,0.18930957683741648,0.22939866369710468,49,64,49,56,55
45235,2104,R,465,0.030107526881720432,0.06881720430107527,0.16989247311827957,0.23010752688172043,57,60,56,45,55
45238,2104,R,628,0.022292993630573247,0.07643312101910828,0.16878980891719744,0.2054140127388535,47,41,58,56,40
45487,2104,R,181,0.04419889502762431,0.11049723756906077,0.1270718232044199,0.27071823204419887,45,55,38,52,60
45511,2104,R,397,0.015113350125944584,0.08816120906801007,0.16876574307304787,0.23425692695214106,40,73,62,37,55
45765,2104,R,237,0.016877637130801686,0.0759493670886076,0.20253164556962025,0.26582278481012656,56,53,52,62,63
45826,2104,R,225,0.022222222222222223,0.05333333333333334,0.16444444444444445,0.19555555555555557,49,52,54,48,62
45909,2104,R,211,0.014218009478672985,0.0995260663507109,0.24170616113744076,0.20853080568720378,56,66,74,83,25
46061,2104,R,42,0.0,0.11904761904761904,0.2619047619047619,0.3333333333333333,45,54,48,49,37
46096,2104,R,124,0.024193548387096774,0.06451612903225806,0.12903225806451613,0.2903225806451613,36,58,48,63,55
46260,2104,R,429,0.030303030303030304,0.06060606060606061,0.15151515151515152,0.23076923076923078,61,66,54,51,54
46324,2104,R,486,0.0205761316872428,0.051440329218107,0.19547325102880658,0.21810699588477367,72,75,84,56,63
46397,2104,R,295,0.02711864406779661,0.08813559322033898,0.19322033898305085,0.2033898305084746,52,62,55,69,29
46449,2104,R,429,0.02097902097902098,0.09557109557109557,0.1585081585081585,0.2191142191142191,49,63,67,53,38
46928,2104,R,476,0.02100840336134454,0.10294117647058823,0.19747899159663865,0.1953781512605042,34,82,60,65,65
46941,2104,R,335,0.023880597014925373,0.08955223880597014,0.13432835820895522,0.20298507462686566,74,59,58,41,66
46952,2104,R,455,0.02197802197802198,0.07692307692307693,0.1978021978021978,0.1956043956043956,44,67,49,49,94
46989,2104,R,79,0.012658227848101266,0.0379746835443038,0.25316455696202533,0.21518987341772153,47,56,63,56,9
46997,2104,R,465,0.017204301075268817,0.07956989247311828,0.24516129032258063,0.16989247311827957,41,77,51,87,71
47140,2104,R,540,0.03888888888888889,0.08703703703703704,0.1425925925925926,0.23148148148148148,48,57,51,51,85
47305,2104,R,155,0.0,0.05806451612903226,0.34838709677419355,0.15483870967741936,55,72,68,111,5
47585,2104,R,224,0.049107142857142856,0.06696428571428571,0.21428571428571427,0.20982142857142858,45,59,30,80,55
47684,2104,R,88,0.03409090909090909,0.11363636363636363,0.23863636363636365,0.22727272727272727,45,63,70,62,10
47781,2104,R,118,0.01694915254237288,0.06779661016949153,0.1864406779661017,0.2711864406779661,59,56,36,73,38
47807,2104,R,389,0.04113110539845758,0.06683804627249357,0.2159383033419023,0.17223650385604114,51,58,48,57,42
48184,2104,R,537,0.027932960893854747,0.074487895716946,0.20670391061452514,0.19553072625698323,61,62,58,65,57
48249,2104,R,296,0.02027027027027027,0.05405405405405406,0.20270270270270271,0.24324324324324326,52,56,31,74,19
48450,2104,R,421,0.007125890736342043,0.0831353919239905,0.16864608076009502,0.2161520190023753,50,72,58,52,40
48689,2104,R,69,0.028985507246376812,0.057971014492753624,0.18840579710144928,0.18840579710144928,55,61,53,63,29
48949,2104,R,63,0.031746031746031744,0.06349206349206349,0.1746031746031746,0.19047619047619047,37,67,56,49,76
49274,2104,R,401,0.04488778054862843,0.07231920199501247,0.14962593516209477,0.22693266832917705,60,69,66,64,70
49518,2104,R,219,0.0365296803652968,0.0821917808219178,0.1324200913242009,0.1917808219178082,51,56,63,69,6
49549,2104,R,83,0.0,0.07228915662650602,0.1566265060240964,0.27710843373493976,48,52,58,40,62
49830,2104,R,100,0.02,0.15,0.18,0.32,34,52,51,47,73
50176,2104,R,333,0.03303303303303303,0.08408408408408409,0.14114114114114115,0.2222222222222222,71,82,44,36,60
51206,2104,R,447,0.017897091722595078,0.07158836689038031,0.17225950782997762,0.21476510067114093,69,58,70,36,43
51983,2104,R,91,0.02197802197802198,0.06593406593406594,0.17582417582417584,0.2857142857142857,54,53,38,43,51
54133,2104,R,298,0.050335570469798654,0.06040268456375839,0.18120805369127516,0.1912751677852349,45,62,37,67,52
55233,2104,R,137,0.0072992700729927005,0.10218978102189781,0.12408759124087591,0.2116788321167883,76,62,64,42,21
55292,2104,R,70,0.07142857142857142,0.04285714285714286,0.14285714285714285,0.24285714285714285,69,57,46,67,6
55591,2104,R,240,0.041666666666666664,0.11666666666666667,0.19166666666666668,0.19166666666666668,43,74,57,59,57
55921,2104,R,280,0.017857142857142856,0.07857142857142857,0.225,0.22142857142857142,45,54,70,72,40
60183,2104,R,184,0.02717391304347826,0.11956521739130435,0.11956521739130435,0.19021739130434784,44,70,43,41,64
60225,2104,R,46,0.06521739130434782,0.043478260869565216,0.2391304347826087,0.17391304347826086,68,49,26,61,54
60386,2104,R,125,0.024,0.088,0.176,0.272,60,64,46,43,28
60398,2104,R,225,0.008888888888888889,0.057777777777777775,0.21333333333333335,0.17777777777777778,84,68,60,45,15
60601,2104,R,282,0.02127659574468085,0.07446808510638298,0.18439716312056736,0.2198581560283688,36,60,48,50,53
61091,2104,R,142,0.02112676056338028,0.11267605633802817,0.23943661971830985,0.24647887323943662,45,64,46,93,7
61293,2104,R,238,0.037815126050420166,0.05042016806722689,0.08823529411764706,0.2605042016806723,92,57,61,33,56
62055,2104,R,111,0.009009009009009009,0.04504504504504504,0.16216216216216217,0.2702702702702703,45,61,53,63,63
62371,2104,R,248,0.012096774193548387,0.06451612903225806,0.12903225806451613,0.25,58,40,56,37,63
62443,2104,R,143,0.013986013986013986,0.04895104895104895,0.17482517482517482,0.2727272727272727,55,55,47,64,53
62510,2104,R,460,0.02608695652173913,0.08260869565217391,0.16956521739130434,0.18478260869565216,44,78,68,61,55
64848,2104,R,139,0.02877697841726619,0.09352517985611511,0.16546762589928057,0.20863309352517986,53,73,61,46,30
65856,2104,R,440,0.031818181818181815,0.05454545454545454,0.15227272727272728,0.2409090909090909,74,53,52,36,54
66466,2104,R,237,0.03375527426160337,0.08438818565400844,0.16877637130801687,0.23628691983122363,47,59,53,37,58
69165,2104,R,94,0.031914893617021274,0.10638297872340426,0.20212765957446807,0.1702127659574468,43,51,48,75,23
70719,2104,R,55,0.01818181818181818,0.01818181818181818,0.16363636363636364,0.2545454545454545,51,64,68,54,14
70749,2104,R,208,0.014423076923076924,0.04326923076923077,0.18269230769230768,0.24519230769230768,86,65,92,32,20
70793,2104,R,88,0.056818181818181816,0.125,0.10227272727272728,0.23863636363636365,43,55,68,46,30
70808,2104,R,447,0.03131991051454139,0.04697986577181208,0.17002237136465326,0.21700223713646533,65,57,63,45,73
70813,2104,R,244,0.012295081967213115,0.12295081967213115,0.27049180327868855,0.20081967213114754,29,57,68,105,14
70861,2104,R,174,0.034482758620689655,0.07471264367816093,0.25287356321839083,0.25287356321839083,39,70,29,100,15
70901,2104,R,151,0.046357615894039736,0.13245033112582782,0.19205298013245034,0.2119205298013245,31,54,46,99,22
70976,2104,R,38,0.10526315789473684,0.05263157894736842,0.18421052631578946,0.2631578947368421,64,57,37,41,14
70983,2104,R,73,0.0,0.0684931506849315,0.1506849315068493,0.2465753424657534,35,52,47,46,36
71063,2104,R,44,0.022727272727272728,0.20454545454545456,0.11363636363636363,0.22727272727272727,47,50,47,65,42
71088,2104,R,208,0.07211538461538461,0.057692307692307696,0.1875,0.18269230769230768,48,52,36,64,16
71161,2104,R,51,0.0,0.0784313725490196,0.13725490196078433,0.21568627450980393,48,51,49,56,73
71215,2104,R,390,0.017948717948717947,0.0641025641025641,0.17435897435897435,0.2128205128205128,55,50,58,60,39
71235,2104,R,37,0.02702702702702703,0.02702702702702703,0.05405405405405406,0.24324324324324326,43,54,45,46,57
71548,2104,R,615,0.03902439024390244,0.07642276422764227,0.16097560975609757,0.22764227642276422,41,59,42,56,55
71561,2104,R,212,0.02358490566037736,0.08490566037735849,0.19339622641509435,0.21226415094339623,44,50,66,60,4
71589,2104,R,305,0.009836065573770493,0.10163934426229508,0.18032786885245902,0.2360655737704918,48,54,48,53,21
71593,2104,R,288,0.03819444444444445,0.08333333333333333,0.2048611111111111,0.2361111111111111,50,62,47,50,60
71624,2104,R,728,0.03296703296703297,0.09340659340659341,0.14835164835164835,0.23763736263736263,40,59,42,49,65
71715,2104,R,517,0.03288201160541586,0.07156673114119923,0.25338491295938104,0.17988394584139264,54,65,50,96,77
71766,2104,R,364,0.046703296703296704,0.07967032967032966,0.17857142857142858,0.23076923076923078,61,56,32,80,57
71782,2104,R,163,0.04294478527607362,0.03680981595092025,0.25766871165644173,0.19631901840490798,75,42,56,74,29
71785,2104,R,357,0.014005602240896359,0.09523809523809523,0.12605042016806722,0.27450980392156865,37,58,47,32,58
71800,2104,R,443,0.040632054176072234,0.07900677200902935,0.1580135440180587,0.2708803611738149,38,61,34,39,75
71816,2104,R,176,0.028409090909090908,0.08522727272727272,0.14204545454545456,0.22727272727272727,37,65,50,78,9
71823,2104,R,351,0.04843304843304843,0.13105413105413105,0.150997150997151,0.2336182336182336,31,66,66,45,35
71907,2104,R,418,0.03349282296650718,0.07655502392344497,0.19138755980861244,0.19617224880382775,42,50,49,53,49
71911,2104,R,154,0.032467532467532464,0.06493506493506493,0.12337662337662338,0.18831168831168832,57,50,30,42,64
71930,2104,R,58,0.05172413793103448,0.08620689655172414,0.3275862068965517,0.08620689655172414,48,63,30,102,21
71986,2104,R,356,0.028089887640449437,0.09269662921348315,0.17696629213483145,0.1797752808988764,41,51,35,55,54
72013,2104,R,664,0.0286144578313253,0.10542168674698796,0.16265060240963855,0.23343373493975902,41,63,46,52,55
72037,2104,R,218,0.01834862385321101,0.0779816513761468,0.21559633027522937,0.2018348623853211,71,59,47,49,70
72044,2104,R,102,0.0196078431372549,0.049019607843137254,0.20588235294117646,0.21568627450980393,42,60,71,73,32
72054,2104,R,614,0.011400651465798045,0.10097719869706841,0.2003257328990228,0.19055374592833876,36,59,73,49,81
72059,2104,R,449,0.022271714922048998,0.0645879732739421,0.23385300668151449,0.21603563474387527,70,74,74,105,46
72062,2104,R,72,0.041666666666666664,0.09722222222222222,0.125,0.20833333333333334,33,40,37,34,53
72078,2104,R,137,0.029197080291970802,0.10948905109489052,0.12408759124087591,0.22627737226277372,30,56,36,71,17
72081,2104,R,139,0.050359712230215826,0.05755395683453238,0.12949640287769784,0.30935251798561153,54,49,48,56,13
72105,2104,R,517,0.019342359767891684,0.10444874274661509,0.12379110251450677,0.2127659574468085,34,68,48,32,66
72139,2104,R,140,0.02857142857142857,0.12857142857142856,0.20714285714285716,0.20714285714285716,68,63,60,96,7
72187,2104,R,557,0.025134649910233394,0.08797127468581688,0.11669658886894076,0.25493716337522443,47,47,66,35,69
72366,2104,R,184,0.05434782608695652,0.07065217391304347,0.17391304347826086,0.24456521739130435,42,57,48,62,25
72434,2104,R,392,0.03316326530612245,0.13010204081632654,0.15051020408163265,0.23214285714285715,30,59,41,50,71
72458,2104,R,110,0.02727272727272727,0.03636363636363636,0.35454545454545455,0.17272727272727273,53,66,72,114,8
72517,2104,R,273,0.040293040293040296,0.07692307692307693,0.16483516483516483,0.23076923076923078,49,64,50,66,38
72536,2104,R,321,0.037383177570093455,0.06230529595015576,0.18691588785046728,0.19626168224299065,45,63,29,55,68
72549,2104,R,160,0.0,0.0625,0.225,0.15625,74,71,93,63,16
72603,2104,R,228,0.021929824561403508,0.04824561403508772,0.20175438596491227,0.19298245614035087,56,60,45,73,27
72646,2104,R,197,0.01015228426395939,0.08629441624365482,0.20304568527918782,0.2182741116751269,80,74,80,82,12
72669,2104,R,97,0.020618556701030927,0.12371134020618557,0.13402061855670103,0.24742268041237114,48,53,38,38,57
72679,2104,R,84,0.07142857142857142,0.07142857142857142,0.14285714285714285,0.17857142857142858,48,53,48,49,32
72701,2104,R,309,0.012944983818770227,0.0970873786407767,0.14563106796116504,0.20711974110032363,56,63,81,36,55
72708,2104,R,489,0.014314928425357873,0.07770961145194274,0.16768916155419222,0.22699386503067484,51,53,69,64,72
72718,2104,R,242,0.02066115702479339,0.11983471074380166,0.10743801652892562,0.2644628099173554,37,56,58,37,12
72739,2104,R,284,0.03169014084507042,0.10915492957746478,0.13732394366197184,0.20774647887323944,30,58,68,45,71
72838,2104,R,433,0.03926096997690531,0.07159353348729793,0.13394919168591224,0.24942263279445728,56,51,64,52,45
72845,2104,R,485,0.012371134020618556,0.07835051546391752,0.22474226804123712,0.18350515463917524,70,63,80,75,90
72888,2104,R,194,0.05670103092783505,0.12371134020618557,0.32989690721649484,0.15979381443298968,36,59,39,114,12
72901,2104,R,283,0.02120141342756184,0.10600706713780919,0.11307420494699646,0.2579505300353357,36,69,46,39,43
72996,2104,R,207,0.033816425120772944,0.12077294685990338,0.16908212560386474,0.20772946859903382,33,63,77,64,25
73023,2104,R,177,0.04519774011299435,0.06779661016949153,0.11864406779661017,0.192090395480226,35,54,37,35,59
73048,2104,R,318,0.018867924528301886,0.08490566037735849,0.18867924528301888,0.20440251572327045,43,50,59,42,79
73053,2104,R,67,0.04477611940298507,0.04477611940298507,0.19402985074626866,0.26865671641791045,47,68,40,82,47
73062,2104,R,386,0.012953367875647668,0.08290155440414508,0.22538860103626943,0.26424870466321243,47,62,49,68,60
73066,2104,R,378,0.023809523809523808,0.082010582010582,0.1349206349206349,0.25925925925925924,61,64,43,38,65
73124,2104,R,62,0.04838709677419355,0.06451612903225806,0.12903225806451613,0.22580645161290322,46,54,27,40,55
73132,2104,R,331,0.02416918429003021,0.09667673716012085,0.17220543806646527,0.24471299093655588,45,48,63,68,86
73141,2104,R,230,0.034782608695652174,0.09565217391304348,0.2565217391304348,0.19130434782608696,48,74,50,81,9
73169,2104,R,343,0.03206997084548105,0.07871720116618076,0.2303206997084548,0.19533527696793002,51,70,26,69,70
73194,2104,R,423,0.03309692671394799,0.10401891252955082,0.10401891252955082,0.2364066193853428,35,59,34,38,76
73224,2104,R,54,0.018518518518518517,0.07407407407407407,0.07407407407407407,0.18518518518518517,33,48,30,38,16
73228,2104,R,92,0.03260869565217391,0.08695652173913043,0.21739130434782608,0.2717391304347826,36,70,45,62,48
73249,2104,R,240,0.020833333333333332,0.09166666666666666,0.20833333333333334,0.19583333333333333,52,73,59,66,38
73270,2104,R,288,0.03125,0.059027777777777776,0.19444444444444445,0.2048611111111111,57,57,68,52,34
73288,2104,R,379,0.002638522427440633,0.0712401055408971,0.18733509234828497,0.29023746701846964,71,55,88,59,57
73303,2104,R,588,0.03571428571428571,0.07993197278911565,0.14625850340136054,0.20918367346938777,36,51,51,42,39
73311,2104,R,104,0.09615384615384616,0.07692307692307693,0.14423076923076922,0.25961538461538464,34,53,26,101,11
73345,2104,R,334,0.020958083832335328,0.10179640718562874,0.19760479041916168,0.23652694610778444,32,57,61,90,37
73452,2104,R,180,0.03333333333333333,0.05,0.18888888888888888,0.2777777777777778,50,50,50,43,55
73568,2104,R,53,0.05660377358490566,0.11320754716981132,0.05660377358490566,0.3018867924528302,43,56,47,36,55
73631,2104,R,204,0.03431372549019608,0.06862745098039216,0.22549019607843138,0.24019607843137256,57,39,53,87,10
73684,2104,R,60,0.016666666666666666,0.13333333333333333,0.18333333333333332,0.21666666666666667,36,49,47,35,11
73812,2104,R,283,0.0353356890459364,0.0636042402826855,0.23674911660777384,0.22614840989399293,49,62,56,103,26
73822,2104,R,253,0.05533596837944664,0.08695652173913043,0.23715415019762845,0.20553359683794467,44,48,33,90,21
73837,2104,R,49,0.04081632653061224,0.0,0.16326530612244897,0.32653061224489793,62,55,61,33,70
73851,2104,R,414,0.01932367149758454,0.10386473429951691,0.23429951690821257,0.20531400966183574,39,60,55,75,30
73863,2104,R,403,0.01240694789081886,0.0967741935483871,0.13647642679900746,0.2531017369727047,56,60,81,39,18
73915,2104,R,455,0.04395604395604396,0.1956043956043956,0.11648351648351649,0.210989010989011,9,63,34,57,26
73942,2104,R,446,0.06053811659192825,0.06502242152466367,0.1905829596412556,0.2219730941704036,42,50,29,45,43
73944,2104,R,210,0.03333333333333333,0.11904761904761904,0.18571428571428572,0.21904761904761905,34,63,49,51,7
73945,2104,R,547,0.016453382084095063,0.07312614259597806,0.16270566727605118,0.22120658135283364,82,68,77,51,75
73958,2104,R,432,0.013888888888888888,0.05787037037037037,0.2199074074074074,0.2222222222222222,68,72,80,58,67
74043,2104,R,329,0.02735562310030395,0.1580547112462006,0.18541033434650456,0.2066869300911854,18,52,44,63,52
74053,2104,R,221,0.013574660633484163,0.1085972850678733,0.27601809954751133,0.21266968325791855,25,59,53,104,55
74104,2104,R,261,0.0421455938697318,0.08045977011494253,0.210727969348659,0.18007662835249041,47,63,49,66,18
74123,2104,R,194,0.020618556701030927,0.11855670103092783,0.19072164948453607,0.23195876288659795,29,49,45,85,17
74148,2104,R,396,0.027777777777777776,0.11363636363636363,0.17929292929292928,0.255050505050505,28,37,51,76,99
74156,2104,R,89,0.02247191011235955,0.07865168539325842,0.12359550561797752,0.23595505617977527,48,61,67,40,12
74182,2104,R,310,0.02903225806451613,0.07741935483870968,0.16451612903225807,0.22903225806451613,63,59,46,47,54
74187,2104,R,246,0.036585365853658534,0.06097560975609756,0.16666666666666666,0.21951219512195122,65,51,66,64,55
74213,2104,R,101,0.019801980198019802,0.10891089108910891,0.2079207920792079,0.21782178217821782,31,60,45,77,9
74219,2104,R,274,0.021897810218978103,0.06204379562043796,0.17518248175182483,0.20437956204379562,37,65,34,51,88
74295,2104,R,216,0.009259259259259259,0.1712962962962963,0.20833333333333334,0.21296296296296297,21,62,50,86,20
74330,2104,R,301,0.026578073089700997,0.09966777408637874,0.12624584717607973,0.23920265780730898,30,49,48,39,62
74374,2104,R,52,0.0,0.19230769230769232,0.25,0.23076923076923078,5,45,36,101,63
74405,2104,R,204,0.024509803921568627,0.09803921568627451,0.19607843137254902,0.2107843137254902,28,63,76,50,27
74436,2104,R,107,0.0,0.028037383177570093,0.1308411214953271,0.2616822429906542,92,68,101,53,77
74455,2104,R,218,0.022935779816513763,0.10091743119266056,0.10091743119266056,0.2798165137614679,45,33,58,28,60
74459,2104,R,121,0.09090909090909091,0.06611570247933884,0.1652892561983471,0.17355371900826447,31,75,30,52,67
74478,2104,R,78,0.02564102564102564,0.15384615384615385,0.1282051282051282,0.19230769230769232,37,65,69,41,21
74488,2104,R,217,0.02304147465437788,0.04608294930875576,0.1152073732718894,0.30414746543778803,45,51,39,47,60
74539,2104,R,239,0.04184100418410042,0.08368200836820083,0.200836820083682,0.18828451882845187,37,59,32,61,18
74555,2104,R,143,0.006993006993006993,0.06293706293706294,0.2097902097902098,0.2097902097902098,49,63,76,69,18
74563,2104,R,90,0.044444444444444446,0.1,0.2,0.23333333333333334,36,54,32,78,9
74611,2104,R,96,0.041666666666666664,0.041666666666666664,0.22916666666666666,0.19791666666666666,47,62,74,96,2
74637,2104,R,37,0.05405405405405406,0.0,0.2972972972972973,0.16216216216216217,41,57,51,75,16
74645,2104,R,181,0.055248618784530384,0.11602209944751381,0.13259668508287292,0.22099447513812154,36,54,63,58,35
74652,2104,R,157,0.01910828025477707,0.044585987261146494,0.3503184713375796,0.20382165605095542,53,56,48,104,13
74654,2104,R,166,0.006024096385542169,0.07228915662650602,0.15060240963855423,0.19879518072289157,93,71,79,38,19
74658,2104,R,61,0.01639344262295082,0.11475409836065574,0.18032786885245902,0.21311475409836064,36,62,43,71,17
74671,2104,R,225,0.05333333333333334,0.07555555555555556,0.14666666666666667,0.2,52,36,47,58,36
74672,2104,R,463,0.03023758099352052,0.06911447084233262,0.17926565874730022,0.19870410367170627,64,54,45,39,100
74732,2104,R,79,0.0379746835443038,0.16455696202531644,0.20253164556962025,0.1518987341772152,23,59,48,106,46
74744,2104,R,576,0.017361111111111112,0.05381944444444445,0.1388888888888889,0.2204861111111111,97,56,73,32,39
74769,2104,R,31,0.03225806451612903,0.12903225806451613,0.16129032258064516,0.3225806451612903,31,67,34,43,48
74783,2104,R,341,0.026392961876832845,0.0967741935483871,0.1466275659824047,0.22287390029325513,34,49,49,39,73
74846,2104,R,64,0.046875,0.125,0.125,0.15625,39,60,44,40,82
74910,2104,R,105,0.02857142857142857,0.11428571428571428,0.14285714285714285,0.21904761904761905,36,47,32,47,11
74920,2104,R,131,0.030534351145038167,0.1297709923664122,0.24427480916030533,0.22137404580152673,24,43,29,64,89
74971,2104,R,44,0.09090909090909091,0.1590909090909091,0.11363636363636363,0.29545454545454547,33,40,32,33,55
74984,2104,R,340,0.03823529411764706,0.052941176470588235,0.16470588235294117,0.2323529411764706,68,60,41,61,33
75024,2104,R,63,0.047619047619047616,0.12698412698412698,0.06349206349206349,0.3333333333333333,35,50,46,34,69
75047,2104,R,44,0.06818181818181818,0.09090909090909091,0.06818181818181818,0.3409090909090909,37,48,28,41,24
75097,2104,R,97,0.041237113402061855,0.020618556701030927,0.13402061855670103,0.27835051546391754,75,57,47,31,47
75207,2104,R,100,0.03,0.11,0.11,0.23,41,67,41,41,29
75361,2104,R,141,0.04964539007092199,0.14893617021276595,0.15602836879432624,0.20567375886524822,26,45,32,49,17
75375,2104,R,417,0.019184652278177457,0.05755395683453238,0.1774580335731415,0.24940047961630696,69,58,47,61,55
75384,2104,R,432,0.013888888888888888,0.037037037037037035,0.11805555555555555,0.2361111111111111,85,63,100,28,37
75443,2104,R,213,0.023474178403755867,0.09389671361502347,0.10328638497652583,0.25821596244131456,59,50,88,37,62
75614,2104,R,412,0.024271844660194174,0.08980582524271845,0.10194174757281553,0.2111650485436893,41,61,68,62,56
75703,2104,R,105,0.01904761904761905,0.11428571428571428,0.2,0.18095238095238095,54,55,40,42,18
75821,2104,R,522,0.0210727969348659,0.038314176245210725,0.13793103448275862,0.22796934865900384,93,55,96,33,49
75911,2104,R,279,0.03225806451612903,0.08960573476702509,0.16129032258064516,0.1971326164874552,45,48,41,44,41
75928,2104,R,61,0.03278688524590164,0.04918032786885246,0.21311475409836064,0.3114754098360656,32,47,28,22,54
75997,2104,R,33,0.06060606060606061,0.09090909090909091,0.15151515151515152,0.21212121212121213,31,68,37,60,10
76034,2104,R,63,0.031746031746031744,0.07936507936507936,0.1746031746031746,0.1746031746031746,33,54,47,72,27
76089,2104,R,31,0.0,0.0,0.3870967741935484,0.16129032258064516,47,54,49,93,12
76149,2104,R,78,0.05128205128205128,0.08974358974358974,0.14102564102564102,0.23076923076923078,16,43,27,32,78
76191,2104,R,194,0.010309278350515464,0.10824742268041238,0.20618556701030927,0.20103092783505155,46,63,94,96,8
76199,2104,R,494,0.02631578947368421,0.10728744939271255,0.11336032388663968,0.20850202429149797,37,56,66,38,80
76219,2104,R,105,0.0380952380952381,0.19047619047619047,0.14285714285714285,0.21904761904761905,10,54,26,37,73
76237,2104,R,485,0.03505154639175258,0.10515463917525773,0.08247422680412371,0.2268041237113402,35,61,37,30,38
76350,2104,R,404,0.027227722772277228,0.0594059405940594,0.11138613861386139,0.2376237623762376,67,48,84,42,65
76696,2104,R,278,0.01079136690647482,0.06115107913669065,0.16546762589928057,0.20863309352517986,45,50,62,29,84
76737,2104,R,205,0.01951219512195122,0.12682926829268293,0.1073170731707317,0.24390243902439024,33,47,39,53,84
77250,2104,R,211,0.03317535545023697,0.07582938388625593,0.2985781990521327,0.16113744075829384,54,48,47,101,21
77255,2104,R,453,0.03532008830022075,0.05077262693156733,0.17660044150110377,0.22958057395143489,73,47,65,54,64
77278,2104,R,300,0.006666666666666667,0.08333333333333333,0.15666666666666668,0.23,76,65,79,40,30
77334,2104,R,220,0.013636363636363636,0.04090909090909091,0.18181818181818182,0.2318181818181818,46,51,60,70,20
77385,2104,R,314,0.03184713375796178,0.10509554140127389,0.14012738853503184,0.25477707006369427,32,54,45,48,25
77406,2104,R,95,0.06315789473684211,0.05263157894736842,0.18947368421052632,0.2,46,56,65,48,13
77408,2104,R,108,0.027777777777777776,0.1388888888888889,0.12037037037037036,0.2037037037037037,32,53,50,34,4
77434,2104,R,399,0.03759398496240601,0.11278195488721804,0.11528822055137844,0.23308270676691728,33,52,45,38,58
77485,2104,R,210,0.014285714285714285,0.08095238095238096,0.1761904761904762,0.21904761904761905,62,48,52,74,16
77497,2104,R,175,0.005714285714285714,0.06285714285714286,0.10857142857142857,0.2914285714285714,93,56,88,29,54
77508,2104,R,30,0.16666666666666666,0.13333333333333333,0.13333333333333333,0.2,22,48,31,35,17
77510,2104,R,274,0.032846715328467155,0.09854014598540146,0.1386861313868613,0.22627737226277372,37,64,38,41,79
77521,2104,R,304,0.03289473684210526,0.09210526315789473,0.19736842105263158,0.24342105263157895,49,51,39,79,33
77529,2104,R,35,0.02857142857142857,0.2,0.14285714285714285,0.22857142857142856,32,65,32,33,51
78271,2104,R,68,0.04411764705882353,0.08823529411764706,0.16176470588235295,0.22058823529411764,42,40,46,68,21
78316,2104,R,660,0.03636363636363636,0.0803030303030303,0.13333333333333333,0.25,51,45,49,41,76
78606,2104,R,31,0.0,0.16129032258064516,0.25806451612903225,0.1935483870967742,29,48,22,38,17
78718,2104,R,446,0.020179372197309416,0.06053811659192825,0.09641255605381166,0.273542600896861,57,55,72,28,54
78744,2104,R,400,0.0175,0.0825,0.16,0.245,48,62,70,47,74
78772,2104,R,189,0.026455026455026454,0.1111111111111111,0.12169312169312169,0.23809523809523808,37,57,59,74,19
78780,2104,R,178,0.02247191011235955,0.07865168539325842,0.30337078651685395,0.24157303370786518,37,47,60,103,11
78880,2104,R,244,0.03278688524590164,0.09836065573770492,0.14344262295081966,0.2459016393442623,44,54,61,58,17
78898,2104,R,104,0.038461538461538464,0.04807692307692308,0.21153846153846154,0.20192307692307693,34,53,51,64,12
78902,2104,R,57,0.017543859649122806,0.14035087719298245,0.19298245614035087,0.15789473684210525,39,55,62,66,25
78945,2104,R,137,0.029197080291970802,0.12408759124087591,0.22627737226277372,0.2116788321167883,26,57,47,86,30
78963,2104,R,142,0.035211267605633804,0.04929577464788732,0.176056338028169,0.2605633802816901,47,49,63,37,41
78985,2104,R,151,0.026490066225165563,0.0728476821192053,0.11920529801324503,0.2781456953642384,34,52,37,36,41
79009,2104,R,290,0.02413793103448276,0.0896551724137931,0.1724137931034483,0.27586206896551724,37,62,50,36,21
79025,2104,R,48,0.020833333333333332,0.10416666666666667,0.20833333333333334,0.25,32,39,35,76,15
79078,2104,R,312,0.028846153846153848,0.060897435897435896,0.14102564102564102,0.2467948717948718,62,57,83,34,25
79115,2104,R,190,0.021052631578947368,0.1,0.26842105263157895,0.16842105263157894,44,57,70,83,27
79127,2104,R,533,0.03377110694183865,0.1050656660412758,0.17073170731707318,0.21951219512195122,32,56,35,52,39
79131,2104,R,196,0.02040816326530612,0.07653061224489796,0.17857142857142858,0.1836734693877551,52,60,88,72,18
79588,2104,R,385,0.01818181818181818,0.09350649350649351,0.16103896103896104,0.21038961038961038,45,55,44,39,73
79630,2104,R,568,0.03697183098591549,0.08450704225352113,0.12147887323943662,0.25,41,52,36,33,73
79631,2104,R,52,0.057692307692307696,0.17307692307692307,0.15384615384615385,0.11538461538461539,1,55,29,93,85
79730,2104,R,58,0.034482758620689655,0.06896551724137931,0.1724137931034483,0.15517241379310345,39,37,56,36,67
79758,2104,R,241,0.008298755186721992,0.1037344398340249,0.13692946058091288,0.24066390041493776,49,57,97,39,11
79768,2104,R,192,0.020833333333333332,0.125,0.265625,0.16666666666666666,35,59,69,73,18
79786,2104,R,150,0.05333333333333334,0.09333333333333334,0.13333333333333333,0.26666666666666666,30,40,34,35,36
79791,2104,R,59,0.03389830508474576,0.0847457627118644,0.1864406779661017,0.13559322033898305,55,62,57,106,15
80909,2104,R,271,0.02952029520295203,0.08856088560885608,0.22878228782287824,0.1992619926199262,44,54,47,88,8
81323,2104,R,100,0.03,0.09,0.13,0.26,51,50,40,68,23
81326,2104,R,493,0.018255578093306288,0.07302231237322515,0.15415821501014199,0.22718052738336714,59,64,94,57,81
81347,2104,R,219,0.0365296803652968,0.0776255707762557,0.2785388127853881,0.2100456621004566,43,53,41,90,22
81415,2104,R,42,0.023809523809523808,0.07142857142857142,0.21428571428571427,0.23809523809523808,40,54,58,55,16
81430,2104,R,78,0.05128205128205128,0.11538461538461539,0.15384615384615385,0.21794871794871795,41,58,43,72,24
82793,2104,R,93,0.021505376344086023,0.08602150537634409,0.17204301075268819,0.24731182795698925,36,47,47,63,38
82951,2104,R,249,0.0,0.14056224899598393,0.3172690763052209,0.13253012048192772,10,64,94,115,19
83445,2104,R,333,0.006006006006006006,0.07507507507507508,0.12012012012012012,0.21921921921921922,76,59,97,30,44
84762,2104,R,686,0.016034985422740525,0.0641399416909621,0.10349854227405247,0.2784256559766764,88,56,93,20,81
85007,2104,R,53,0.03773584905660377,0.11320754716981132,0.1509433962264151,0.33962264150943394,27,45,45,36,58
85045,2104,R,65,0.0,0.06153846153846154,0.18461538461538463,0.18461538461538463,43,50,54,72,24
85223,2104,R,176,0.022727272727272728,0.09090909090909091,0.17045454545454544,0.2556818181818182,37,54,90,64,10
87013,2104,R,97,0.020618556701030927,0.1134020618556701,0.23711340206185566,0.26804123711340205,30,50,34,90,25
88786,2104,R,207,0.024154589371980676,0.0821256038647343,0.2318840579710145,0.22705314009661837,42,45,52,63,13
91337,2104,R,192,0.015625,0.041666666666666664,0.28125,0.22395833333333334,51,59,91,105,17
84,2104,L,293,0.034129692832764506,0.08873720136518772,0.16723549488054607,0.22184300341296928,50,70,48,43,54
549,2104,L,54,0.018518518518518517,0.05555555555555555,0.24074074074074073,0.2222222222222222,43,50,39,81,13
699,2104,L,154,0.01948051948051948,0.1038961038961039,0.2662337662337662,0.2012987012987013,67,53,44,102,25
743,2104,L,88,0.03409090909090909,0.09090909090909091,0.25,0.2159090909090909,61,55,42,79,11
1205,2104,L,259,0.03088803088803089,0.09652509652509653,0.138996138996139,0.2277992277992278,45,54,50,39,56
1258,2104,L,336,0.023809523809523808,0.06547619047619048,0.19345238095238096,0.20535714285714285,60,63,68,60,80
1330,2104,L,123,0.032520325203252036,0.08130081300813008,0.15447154471544716,0.21138211382113822,45,58,48,68,58
1386,2104,L,245,0.02857142857142857,0.11428571428571428,0.15918367346938775,0.19591836734693877,32,60,29,41,71
1472,2104,L,202,0.01485148514851485,0.06435643564356436,0.19306930693069307,0.2871287128712871,63,62,70,48,55
1479,2104,L,78,0.0,0.05128205128205128,0.1282051282051282,0.23076923076923078,85,70,101,32,33
1681,2104,L,72,0.0,0.08333333333333333,0.3055555555555556,0.16666666666666666,52,41,82,94,49
2113,2104,L,100,0.04,0.06,0.19,0.22,62,50,42,60,11
2121,2104,L,82,0.012195121951219513,0.07317073170731707,0.14634146341463414,0.23170731707317074,67,48,72,36,23
2150,2104,L,129,0.007751937984496124,0.15503875968992248,0.20930232558139536,0.15503875968992248,30,44,45,101,12
2236,2104,L,37,0.02702702702702703,0.02702702702702703,0.21621621621621623,0.21621621621621623,45,54,49,90,2
19148,2104,L,218,0.05504587155963303,0.0779816513761468,0.16972477064220184,0.21559633027522937,48,53,28,55,55
19365,2104,L,230,0.021739130434782608,0.10869565217391304,0.1608695652173913,0.2,46,50,48,44,70
19581,2104,L,160,0.03125,0.06875,0.175,0.2375,49,50,48,52,58
19899,2104,L,53,0.07547169811320754,0.09433962264150944,0.11320754716981132,0.2830188679245283,41,53,35,37,37
19974,2104,L,185,0.03783783783783784,0.08648648648648649,0.15135135135135136,0.22162162162162163,47,37,25,37,70
20022,2104,L,61,0.03278688524590164,0.04918032786885246,0.29508196721311475,0.13114754098360656,32,45,41,69,53
20076,2104,L,59,0.0,0.03389830508474576,0.5423728813559322,0.1694915254237288,53,72,96,125,16
20312,2104,L,115,0.034782608695652174,0.06956521739130435,0.2,0.14782608695652175,58,59,50,84,35
20383,2104,L,306,0.029411764705882353,0.06535947712418301,0.1568627450980392,0.23529411764705882,59,49,47,56,95
20402,2104,L,34,0.0,0.20588235294117646,0.08823529411764706,0.23529411764705882,40,64,81,91,4
20404,2104,L,35,0.0,0.17142857142857143,0.02857142857142857,0.2857142857142857,40,65,64,100,18
21174,2104,L,50,0.02,0.0,0.16,0.32,60,48,62,40,85
21234,2104,L,66,0.030303030303030304,0.10606060606060606,0.24242424242424243,0.19696969696969696,58,53,45,35,49
21292,2104,L,123,0.016260162601626018,0.056910569105691054,0.08943089430894309,0.2682926829268293,43,54,36,31,10
22319,2104,L,118,0.01694915254237288,0.0423728813559322,0.11864406779661017,0.3305084745762712,61,37,43,43,53
22569,2104,L,91,0.04395604395604396,0.054945054945054944,0.13186813186813187,0.3516483516483517,95,67,85,37,24
22939,2104,L,238,0.0546218487394958,0.10084033613445378,0.15546218487394958,0.19747899159663865,32,53,30,35,58
23608,2104,L,238,0.037815126050420166,0.037815126050420166,0.11764705882352941,0.27310924369747897,88,48,56,23,45
23652,2104,L,235,0.01702127659574468,0.06382978723404255,0.15319148936170213,0.3021276595744681,51,57,59,45,51
23983,2104,L,86,0.03488372093023256,0.08139534883720931,0.16279069767441862,0.22093023255813954,69,52,28,61,36
24110,2104,L,225,0.04,0.08444444444444445,0.18222222222222223,0.21333333333333335,49,56,45,57,51
24129,2104,L,55,0.01818181818181818,0.01818181818181818,0.36363636363636365,0.21818181818181817,45,62,49,110,19
24224,2104,L,288,0.013888888888888888,0.07291666666666667,0.09722222222222222,0.21180555555555555,47,56,92,32,64
24273,2104,L,339,0.029498525073746312,0.061946902654867256,0.15339233038348082,0.20943952802359883,53,52,50,36,95
24360,2104,L,227,0.013215859030837005,0.09691629955947137,0.16299559471365638,0.21585903083700442,48,47,68,47,29
24506,2104,L,45,0.044444444444444446,0.044444444444444446,0.15555555555555556,0.28888888888888886,51,53,55,32,60
25066,2104,L,53,0.018867924528301886,0.03773584905660377,0.24528301886792453,0.18867924528301888,44,59,48,90,20
25574,2104,L,239,0.02510460251046025,0.100418410041841,0.1087866108786611,0.2175732217573222,43,64,42,43,51
25591,2104,L,56,0.017857142857142856,0.07142857142857142,0.26785714285714285,0.25,48,54,65,59,59
25669,2104,L,159,0.0440251572327044,0.08176100628930817,0.12578616352201258,0.2578616352201258,27,38,33,35,45
25768,2104,L,51,0.0196078431372549,0.09803921568627451,0.1568627450980392,0.2549019607843137,53,56,74,51,33
25904,2104,L,41,0.0,0.12195121951219512,0.21951219512195122,0.2682926829268293,38,54,70,52,63
25927,2104,L,287,0.020905923344947737,0.05574912891986063,0.1916376306620209,0.21951219512195122,84,50,56,45,60
26076,2104,L,102,0.029411764705882353,0.049019607843137254,0.14705882352941177,0.27450980392156865,45,43,37,35,14
26168,2104,L,302,0.023178807947019868,0.06291390728476821,0.16556291390728478,0.20860927152317882,63,52,54,37,52
26197,2104,L,121,0.024793388429752067,0.0743801652892562,0.18181818181818182,0.17355371900826447,58,60,63,80,18
26210,2104,L,134,0.05223880597014925,0.09701492537313433,0.1791044776119403,0.2537313432835821,43,53,35,47,7
26249,2104,L,168,0.011904761904761904,0.09523809523809523,0.17261904761904762,0.18452380952380953,43,51,47,42,63
26267,2104,L,48,0.020833333333333332,0.08333333333333333,0.3333333333333333,0.125,45,59,61,105,9
26811,2104,L,158,0.02531645569620253,0.0759493670886076,0.1518987341772152,0.23417721518987342,56,51,64,48,30
27363,2104,L,42,0.0,0.14285714285714285,0.21428571428571427,0.14285714285714285,47,52,48,69,17
27642,2104,L,168,0.03571428571428571,0.047619047619047616,0.08333333333333333,0.22023809523809523,78,35,46,33,58
28586,2104,L,224,0.013392857142857142,0.09821428571428571,0.14285714285714285,0.2544642857142857,33,54,45,57,12
28596,2104,L,32,0.03125,0.09375,0.1875,0.3125,62,65,77,62,41
28753,2104,L,128,0.0234375,0.15625,0.1015625,0.296875,31,47,29,60,60
29100,2104,L,35,0.02857142857142857,0.08571428571428572,0.11428571428571428,0.37142857142857144,45,62,55,59,26
29480,2104,L,110,0.03636363636363636,0.07272727272727272,0.22727272727272727,0.2818181818181818,56,67,63,59,4
29533,2104,L,337,0.017804154302670624,0.0830860534124629,0.1513353115727003,0.18694362017804153,71,55,65,36,59
29618,2104,L,112,0.026785714285714284,0.0625,0.16071428571428573,0.22321428571428573,93,66,92,63,58
29667,2104,L,189,0.042328042328042326,0.0582010582010582,0.21693121693121692,0.21693121693121692,62,46,40,46,31
29958,2104,L,59,0.06779661016949153,0.0847457627118644,0.2542372881355932,0.1016949152542373,64,63,18,97,17
29980,2104,L,278,0.025179856115107913,0.09352517985611511,0.17625899280575538,0.2517985611510791,55,49,56,50,53
30142,2104,L,46,0.021739130434782608,0.043478260869565216,0.2826086956521739,0.17391304347826086,70,45,45,72,6
30148,2104,L,97,0.010309278350515464,0.010309278350515464,0.29896907216494845,0.25773195876288657,67,56,56,77,55
30208,2104,L,129,0.015503875968992248,0.11627906976744186,0.16279069767441862,0.23255813953488372,23,57,82,74,34
30231,2104,L,190,0.04736842105263158,0.12105263157894737,0.15263157894736842,0.18947368421052632,33,46,48,32,66
30286,2104,L,314,0.028662420382165606,0.10509554140127389,0.14012738853503184,0.22929936305732485,50,45,46,52,40
30590,2104,L,202,0.04455445544554455,0.07920792079207921,0.1782178217821782,0.19801980198019803,47,54,47,45,45
30676,2104,L,128,0.015625,0.0859375,0.2265625,0.2734375,81,72,71,100,69
30820,2104,L,63,0.015873015873015872,0.047619047619047616,0.19047619047619047,0.30158730158730157,50,44,45,59,9
30907,2104,L,102,0.0196078431372549,0.0784313725490196,0.2647058823529412,0.23529411764705882,58,57,43,86,8
31165,2104,L,72,0.06944444444444445,0.1111111111111111,0.20833333333333334,0.19444444444444445,39,48,45,94,7
31257,2104,L,319,0.0438871473354232,0.06583072100313479,0.11285266457680251,0.2507836990595611,58,32,40,31,57
31321,2104,L,105,0.01904761904761905,0.10476190476190476,0.21904761904761905,0.18095238095238095,45,48,57,88,4
31580,2104,L,45,0.06666666666666667,0.13333333333333333,0.15555555555555556,0.2,49,57,30,67,33
31723,2104,L,111,0.036036036036036036,0.11711711711711711,0.18018018018018017,0.2882882882882883,47,45,41,34,56
31754,2104,L,245,0.02857142857142857,0.11428571428571428,0.13877551020408163,0.20816326530612245,48,58,37,48,87
31764,2104,L,284,0.03169014084507042,0.07746478873239436,0.15140845070422534,0.20422535211267606,54,55,47,45,36
31809,2104,L,121,0.04132231404958678,0.10743801652892562,0.21487603305785125,0.14049586776859505,50,57,37,82,14
31904,2104,L,32,0.0625,0.09375,0.21875,0.28125,75,54,37,54,63
31963,2104,L,317,0.025236593059936908,0.07886435331230283,0.1861198738170347,0.2082018927444795,62,60,79,50,56
31968,2104,L,246,0.028455284552845527,0.04878048780487805,0.10975609756097561,0.24390243902439024,93,47,72,30,28
32146,2104,L,72,0.027777777777777776,0.06944444444444445,0.16666666666666666,0.3055555555555556,50,58,37,51,7
32185,2104,L,91,0.04395604395604396,0.054945054945054944,0.21978021978021978,0.23076923076923078,78,58,43,73,13
32306,2104,L,233,0.05150214592274678,0.07296137339055794,0.14163090128755365,0.21888412017167383,65,63,29,59,71
32341,2104,L,227,0.05286343612334802,0.05286343612334802,0.1277533039647577,0.2687224669603524,60,55,47,43,58
32500,2104,L,267,0.0149812734082397,0.08239700374531835,0.15355805243445692,0.250936329588015,48,60,45,57,67
32511,2104,L,271,0.033210332103321034,0.08487084870848709,0.19557195571955718,0.16974169741697417,75,53,52,51,53
32538,2104,L,261,0.03065134099616858,0.06130268199233716,0.22988505747126436,0.20306513409961685,46,63,42,96,85
32548,2104,L,44,0.045454545454545456,0.045454545454545456,0.1590909090909091,0.13636363636363635,55,52,57,87,9
32574,2104,L,52,0.019230769230769232,0.057692307692307696,0.3076923076923077,0.15384615384615385,64,56,43,68,31
32672,2104,L,154,0.032467532467532464,0.08441558441558442,0.19480519480519481,0.18181818181818182,36,56,35,60,78
32821,2104,L,34,0.029411764705882353,0.058823529411764705,0.17647058823529413,0.17647058823529413,55,51,45,51,42
32954,2104,L,72,0.041666666666666664,0.05555555555555555,0.2638888888888889,0.25,48,54,59,70,12
33013,2104,L,285,0.017543859649122806,0.13333333333333333,0.27017543859649124,0.16842105263157894,24,66,56,106,92
33185,2104,L,98,0.01020408163265306,0.07142857142857142,0.1836734693877551,0.32653061224489793,70,57,51,53,11
33251,2104,L,41,0.04878048780487805,0.14634146341463414,0.1951219512195122,0.24390243902439024,33,54,44,62,37
33368,2104,L,88,0.07954545454545454,0.10227272727272728,0.056818181818181816,0.2159090909090909,48,50,26,37,9
33431,2104,L,265,0.03018867924528302,0.03018867924528302,0.17358490566037735,0.21509433962264152,66,47,43,39,81
33571,2104,L,192,0.03125,0.057291666666666664,0.125,0.19270833333333334,66,50,43,41,82
33667,2104,L,126,0.03968253968253968,0.07142857142857142,0.15873015873015872,0.23015873015873015,37,45,33,54,4
33709,2104,L,98,0.04081632653061224,0.09183673469387756,0.19387755102040816,0.16326530612244897,57,60,48,82,16
33785,2104,L,83,0.012048192771084338,0.0963855421686747,0.24096385542168675,0.2289156626506024,52,51,56,83,14
33816,2104,L,279,0.035842293906810034,0.0931899641577061,0.15770609318996415,0.24014336917562723,45,44,55,43,49
33845,2104,L,309,0.032362459546925564,0.07766990291262135,0.13268608414239483,0.255663430420712,61,46,43,44,50
33861,2104,L,48,0.0,0.10416666666666667,0.10416666666666667,0.20833333333333334,31,47,48,43,59
33989,2104,L,291,0.048109965635738834,0.07216494845360824,0.16151202749140894,0.21305841924398625,47,47,43,37,64
34252,2104,L,281,0.03914590747330961,0.05338078291814947,0.15658362989323843,0.2206405693950178,45,54,36,49,62
34372,2104,L,49,0.02040816326530612,0.14285714285714285,0.20408163265306123,0.12244897959183673,53,58,53,66,7
34489,2104,L,111,0.0,0.09009009009009009,0.16216216216216217,0.23423423423423423,53,50,47,47,28
34584,2104,L,30,0.0,0.13333333333333333,0.23333333333333334,0.16666666666666666,52,55,46,29,50
34588,2104,L,48,0.0625,0.08333333333333333,0.10416666666666667,0.25,52,58,32,45,40
34651,2104,L,99,0.04040404040404041,0.08080808080808081,0.12121212121212122,0.26262626262626265,46,51,60,32,64
34675,2104,L,265,0.03018867924528302,0.0830188679245283,0.12830188679245283,0.2490566037735849,50,61,36,45,50
35103,2104,L,44,0.09090909090909091,0.022727272727272728,0.11363636363636363,0.20454545454545456,59,62,37,70,3
35188,2104,L,118,0.06779661016949153,0.1016949152542373,0.15254237288135594,0.1694915254237288,35,48,40,45,30
35229,2104,L,137,0.014598540145985401,0.043795620437956206,0.16058394160583941,0.26277372262773724,66,57,65,37,10
35552,2104,L,127,0.023622047244094488,0.10236220472440945,0.13385826771653545,0.2440944881889764,40,55,37,59,19
35653,2104,L,128,0.0078125,0.0703125,0.1484375,0.296875,72,65,56,40,38
35922,2104,L,57,0.017543859649122806,0.07017543859649122,0.21052631578947367,0.2631578947368421,50,47,49,63,54
36426,2104,L,254,0.023622047244094488,0.06299212598425197,0.1889763779527559,0.21653543307086615,48,51,72,47,63
36516,2104,L,151,0.039735099337748346,0.09933774834437085,0.15894039735099338,0.17880794701986755,45,56,23,68,57
36523,2104,L,100,0.02,0.13,0.13,0.24,50,50,53,43,31
36544,2104,L,111,0.05405405405405406,0.036036036036036036,0.16216216216216217,0.26126126126126126,48,45,50,58,13
36558,2104,L,203,0.009852216748768473,0.10837438423645321,0.1724137931034483,0.24630541871921183,46,45,52,50,42
36610,2104,L,141,0.0070921985815602835,0.06382978723404255,0.19148936170212766,0.2978723404255319,43,49,75,59,22
36683,2104,L,89,0.02247191011235955,0.0898876404494382,0.12359550561797752,0.2247191011235955,31,48,39,43,39
36697,2104,L,302,0.016556291390728478,0.0695364238410596,0.13245033112582782,0.22185430463576158,51,61,49,55,61
36709,2104,L,66,0.015151515151515152,0.12121212121212122,0.13636363636363635,0.2878787878787879,47,53,43,45,60
36728,2104,L,62,0.04838709677419355,0.12903225806451613,0.1935483870967742,0.24193548387096775,52,54,48,62,30
36749,2104,L,309,0.032362459546925564,0.05501618122977346,0.19741100323624594,0.2459546925566343,77,63,48,75,57
36751,2104,L,94,0.010638297872340425,0.07446808510638298,0.20212765957446807,0.22340425531914893,53,54,41,68,34
36846,2104,L,93,0.010752688172043012,0.06451612903225806,0.3118279569892473,0.11827956989247312,78,78,73,61,31
36870,2104,L,62,0.0967741935483871,0.08064516129032258,0.1774193548387097,0.22580645161290322,58,57,27,53,38
36943,2104,L,58,0.05172413793103448,0.10344827586206896,0.1896551724137931,0.20689655172413793,37,52,41,79,5
37007,2104,L,265,0.022641509433962263,0.06037735849056604,0.16226415094339622,0.2339622641509434,58,63,55,54,36
37032,2104,L,159,0.025157232704402517,0.10062893081761007,0.1509433962264151,0.22012578616352202,43,53,41,58,11
37078,2104,L,74,0.013513513513513514,0.013513513513513514,0.14864864864864866,0.32432432432432434,57,53,49,48,24
37102,2104,L,114,0.02631578947368421,0.11403508771929824,0.19298245614035087,0.18421052631578946,51,49,29,78,17
37193,2104,L,64,0.015625,0.109375,0.25,0.125,45,54,58,69,27
37282,2104,L,271,0.033210332103321034,0.06642066420664207,0.15867158671586715,0.1881918819188192,69,67,51,46,49
37349,2104,L,109,0.0,0.05504587155963303,0.2018348623853211,0.1743119266055046,46,43,55,60,19
37609,2104,L,321,0.01557632398753894,0.040498442367601244,0.1838006230529595,0.2554517133956386,81,72,94,84,76
37620,2104,L,209,0.03349282296650718,0.08133971291866028,0.10526315789473684,0.2679425837320574,62,61,75,46,62
37728,2104,L,229,0.017467248908296942,0.09606986899563319,0.17903930131004367,0.2183406113537118,43,59,50,44,75
37785,2104,L,37,0.0,0.05405405405405406,0.2702702702702703,0.13513513513513514,54,64,72,58,19
37967,2104,L,173,0.046242774566473986,0.03468208092485549,0.11560693641618497,0.26011560693641617,85,58,50,35,64
38269,2104,L,298,0.030201342281879196,0.07046979865771812,0.14093959731543623,0.21476510067114093,48,58,73,48,54
38348,2104,L,54,0.018518518518518517,0.09259259259259259,0.2222222222222222,0.24074074074074073,32,54,66,80,9
38363,2104,L,165,0.024242424242424242,0.06060606060606061,0.18787878787878787,0.2727272727272727,70,46,40,62,53
38377,2104,L,118,0.0,0.07627118644067797,0.17796610169491525,0.22033898305084745,73,56,70,54,11
38466,2104,L,110,0.02727272727272727,0.09090909090909091,0.16363636363636364,0.18181818181818182,51,57,55,46,47
38512,2104,L,139,0.02158273381294964,0.050359712230215826,0.1510791366906475,0.2158273381294964,64,49,46,56,62
38608,2104,L,72,0.041666666666666664,0.05555555555555555,0.125,0.18055555555555555,48,53,49,66,37
38611,2104,L,80,0.0625,0.1625,0.3,0.1375,59,51,43,86,18
38728,2104,L,253,0.023715415019762844,0.08300395256916997,0.16205533596837945,0.2450592885375494,41,39,32,55,59
38763,2104,L,139,0.014388489208633094,0.050359712230215826,0.2014388489208633,0.22302158273381295,62,57,45,55,27
38795,2104,L,119,0.025210084033613446,0.058823529411764705,0.23529411764705882,0.17647058823529413,54,56,57,61,74
38807,2104,L,153,0.0392156862745098,0.0784313725490196,0.1503267973856209,0.1895424836601307,61,46,52,40,48
38836,2104,L,106,0.02830188679245283,0.0660377358490566,0.19811320754716982,0.19811320754716982,50,63,61,62,25
38852,2104,L,57,0.0,0.10526315789473684,0.14035087719298245,0.14035087719298245,62,66,64,51,37
38923,2104,L,56,0.0,0.10714285714285714,0.10714285714285714,0.26785714285714285,44,46,50,29,51
38955,2104,L,304,0.01644736842105263,0.07236842105263158,0.15789473684210525,0.23355263157894737,49,54,67,56,47
38968,2104,L,54,0.018518518518518517,0.018518518518518517,0.2037037037037037,0.3148148148148148,63,63,28,51,63
38987,2104,L,80,0.0,0.0625,0.15,0.2625,48,43,65,56,54
38988,2104,L,306,0.026143790849673203,0.09803921568627451,0.19281045751633988,0.238562091503268,39,50,43,68,51
39003,2104,L,148,0.04054054054054054,0.08108108108108109,0.19594594594594594,0.27702702702702703,56,51,58,79,34
39043,2104,L,205,0.01951219512195122,0.1024390243902439,0.22926829268292684,0.21951219512195122,53,67,67,100,41
39049,2104,L,88,0.03409090909090909,0.07954545454545454,0.17045454545454544,0.13636363636363635,58,39,32,72,10
39199,2104,L,182,0.005494505494505495,0.08241758241758242,0.18681318681318682,0.1978021978021978,47,52,72,53,39
39238,2104,L,233,0.017167381974248927,0.08583690987124463,0.15021459227467812,0.21888412017167383,48,62,56,48,32
39261,2104,L,72,0.013888888888888888,0.041666666666666664,0.18055555555555555,0.20833333333333334,59,51,41,59,17
39266,2104,L,109,0.027522935779816515,0.09174311926605505,0.26605504587155965,0.1651376146788991,49,47,61,37,35
39300,2104,L,142,0.0,0.1056338028169014,0.2112676056338028,0.2323943661971831,40,80,71,35,48
39327,2104,L,106,0.018867924528301886,0.0660377358490566,0.11320754716981132,0.20754716981132076,40,53,63,48,56
39745,2104,L,187,0.0374331550802139,0.0855614973262032,0.1657754010695187,0.21390374331550802,54,53,69,46,55
39769,2104,L,182,0.02197802197802198,0.08791208791208792,0.13736263736263737,0.19230769230769232,33,65,83,46,60
39822,2104,L,59,0.0,0.03389830508474576,0.22033898305084745,0.1694915254237288,59,60,26,104,12
40097,2104,L,86,0.011627906976744186,0.06976744186046512,0.22093023255813954,0.27906976744186046,54,61,46,69,11
40434,2104,L,64,0.015625,0.09375,0.234375,0.1875,69,61,59,59,6
40526,2104,L,150,0.06,0.11333333333333333,0.15333333333333332,0.19333333333333333,33,60,32,49,38
40533,2104,L,84,0.047619047619047616,0.047619047619047616,0.2261904761904762,0.2261904761904762,65,54,38,65,30
40592,2104,L,186,0.03763440860215054,0.0967741935483871,0.16129032258064516,0.24731182795698925,57,49,50,39,55
40606,2104,L,111,0.04504504504504504,0.09009009009009009,0.1891891891891892,0.17117117117117117,63,54,61,58,11
40617,2104,L,63,0.031746031746031744,0.14285714285714285,0.12698412698412698,0.30158730158730157,36,48,57,57,28
40694,2104,L,77,0.025974025974025976,0.07792207792207792,0.16883116883116883,0.22077922077922077,37,52,37,50,62
40711,2104,L,72,0.027777777777777776,0.1111111111111111,0.20833333333333334,0.2222222222222222,57,58,67,51,24
41194,2104,L,82,0.012195121951219513,0.06097560975609756,0.21951219512195122,0.25609756097560976,57,43,48,39,26
41231,2104,L,161,0.031055900621118012,0.10559006211180125,0.13043478260869565,0.2795031055900621,41,57,59,43,49
41297,2104,L,85,0.011764705882352941,0.10588235294117647,0.24705882352941178,0.2235294117647059,70,65,39,103,26
41332,2104,L,90,0.08888888888888889,0.08888888888888889,0.2111111111111111,0.2,45,43,22,48,12
41396,2104,L,82,0.024390243902439025,0.06097560975609756,0.21951219512195122,0.14634146341463414,38,58,49,59,55
41548,2104,L,66,0.015151515151515152,0.12121212121212122,0.15151515151515152,0.13636363636363635,35,56,39,56,66
41559,2104,L,44,0.045454545454545456,0.022727272727272728,0.11363636363636363,0.22727272727272727,42,54,64,85,14
41697,2104,L,87,0.022988505747126436,0.04597701149425287,0.1839080459770115,0.1724137931034483,75,57,56,36,65
41722,2104,L,54,0.05555555555555555,0.1111111111111111,0.1111111111111111,0.18518518518518517,41,49,36,38,54
41895,2104,L,52,0.0,0.057692307692307696,0.19230769230769232,0.25,41,46,34,43,14
42001,2104,L,228,0.043859649122807015,0.08771929824561403,0.11403508771929824,0.20614035087719298,48,59,42,48,28
42124,2104,L,151,0.006622516556291391,0.059602649006622516,0.1390728476821192,0.23841059602649006,84,53,91,50,28
42158,2104,L,85,0.047058823529411764,0.12941176470588237,0.1411764705882353,0.15294117647058825,45,52,57,81,10
42206,2104,L,127,0.0,0.031496062992125984,0.2677165354330709,0.2204724409448819,67,82,81,78,57
42228,2104,L,114,0.02631578947368421,0.03508771929824561,0.2543859649122807,0.17543859649122806,60,69,38,59,83
42251,2104,L,103,0.02912621359223301,0.06796116504854369,0.18446601941747573,0.24271844660194175,58,56,56,61,12
42322,2104,L,80,0.0625,0.05,0.2375,0.1625,63,54,37,62,24
42326,2104,L,101,0.039603960396039604,0.10891089108910891,0.22772277227722773,0.2079207920792079,64,56,64,86,12
42423,2104,L,90,0.044444444444444446,0.05555555555555555,0.14444444444444443,0.2222222222222222,71,61,39,69,36
42470,2104,L,279,0.03942652329749104,0.05734767025089606,0.16845878136200718,0.22580645161290322,53,59,47,49,56
42575,2104,L,239,0.03765690376569038,0.07531380753138076,0.16736401673640167,0.20920502092050208,64,54,59,41,73
42599,2104,L,62,0.016129032258064516,0.08064516129032258,0.20967741935483872,0.0967741935483871,39,50,49,78,12
42610,2104,L,306,0.029411764705882353,0.10457516339869281,0.12418300653594772,0.24836601307189543,47,58,45,52,24
42631,2104,L,153,0.0457516339869281,0.08496732026143791,0.16993464052287582,0.2679738562091503,45,51,37,67,70
42656,2104,L,162,0.043209876543209874,0.08024691358024691,0.10493827160493827,0.2716049382716049,67,54,52,34,50
42667,2104,L,285,0.028070175438596492,0.08421052631578947,0.21754385964912282,0.15087719298245614,52,56,60,53,29
42671,2104,L,105,0.01904761904761905,0.047619047619047616,0.09523809523809523,0.2571428571428571,53,51,88,32,44
42705,2104,L,229,0.034934497816593885,0.08296943231441048,0.18777292576419213,0.22270742358078602,42,54,36,45,58
42746,2104,L,39,0.02564102564102564,0.05128205128205128,0.15384615384615385,0.20512820512820512,90,56,57,71,9
42784,2104,L,174,0.034482758620689655,0.07471264367816093,0.14942528735632185,0.21264367816091953,40,51,35,59,56
42863,2104,L,302,0.026490066225165563,0.04304635761589404,0.17549668874172186,0.271523178807947,86,57,55,50,73
42865,2104,L,141,0.014184397163120567,0.09219858156028368,0.2127659574468085,0.18439716312056736,43,53,49,65,12
42867,2104,L,159,0.03773584905660377,0.1069182389937107,0.12578616352201258,0.22641509433962265,57,53,29,60,51
42891,2104,L,59,0.03389830508474576,0.05084745762711865,0.23728813559322035,0.23728813559322035,44,45,41,66,12
42922,2104,L,40,0.0,0.025,0.3,0.3,46,51,55,51,64
43119,2104,L,302,0.029801324503311258,0.06622516556291391,0.1291390728476821,0.2185430463576159,57,35,54,34,84
43181,2104,L,281,0.02491103202846975,0.08896797153024912,0.18505338078291814,0.25622775800711745,54,78,49,48,38
43226,2104,L,31,0.06451612903225806,0.0967741935483871,0.16129032258064516,0.1935483870967742,36,63,46,65,8
43256,2104,L,96,0.041666666666666664,0.0625,0.20833333333333334,0.14583333333333334,52,58,48,89,8
43269,2104,L,119,0.058823529411764705,0.12605042016806722,0.09243697478991597,0.24369747899159663,48,60,76,46,52
43311,2104,L,307,0.03908794788273615,0.06514657980456026,0.15960912052117263,0.2182410423452769,50,54,41,37,60
43325,2104,L,100,0.0,0.06,0.28,0.27,78,65,68,71,24
43451,2104,L,140,0.014285714285714285,0.06428571428571428,0.2,0.3142857142857143,51,54,50,57,12
43544,2104,L,180,0.03333333333333333,0.12777777777777777,0.16666666666666666,0.16111111111111112,44,56,52,77,54
43680,2104,L,130,0.015384615384615385,0.1076923076923077,0.17692307692307693,0.2153846153846154,34,55,55,101,6
43772,2104,L,181,0.022099447513812154,0.12154696132596685,0.15469613259668508,0.23204419889502761,32,52,43,60,55
43810,2104,L,75,0.02666666666666667,0.08,0.21333333333333335,0.24,59,39,26,57,15
44330,2104,L,76,0.013157894736842105,0.06578947368421052,0.18421052631578946,0.23684210526315788,89,53,63,37,29
44730,2104,L,157,0.0,0.09554140127388536,0.1464968152866242,0.17197452229299362,62,54,72,39,26
44789,2104,L,30,0.0,0.06666666666666667,0.16666666666666666,0.2,43,63,50,60,69
44812,2104,L,141,0.02127659574468085,0.09929078014184398,0.14184397163120568,0.2198581560283688,62,52,48,41,55
44827,2104,L,295,0.020338983050847456,0.09152542372881356,0.1152542372881356,0.24745762711864408,47,50,44,37,50
44890,2104,L,90,0.03333333333333333,0.08888888888888889,0.16666666666666666,0.24444444444444444,70,54,41,73,19
44913,2104,L,30,0.03333333333333333,0.06666666666666667,0.2,0.2,88,53,48,39,46
45080,2104,L,79,0.0379746835443038,0.0759493670886076,0.22784810126582278,0.16455696202531644,66,61,43,75,63
45081,2104,L,43,0.0,0.0,0.23255813953488372,0.11627906976744186,81,64,70,54,42
45107,2104,L,71,0.028169014084507043,0.056338028169014086,0.11267605633802817,0.2535211267605634,50,63,46,54,53
45113,2104,L,129,0.0,0.05426356589147287,0.21705426356589147,0.20155038759689922,84,76,91,73,48
45202,2104,L,74,0.06756756756756757,0.05405405405405406,0.14864864864864866,0.24324324324324326,34,50,42,55,62
45204,2104,L,300,0.006666666666666667,0.07333333333333333,0.18,0.18666666666666668,49,61,51,53,55
45235,2104,L,278,0.03597122302158273,0.07194244604316546,0.13309352517985612,0.21942446043165467,52,52,45,41,55
45238,2104,L,105,0.009523809523809525,0.11428571428571428,0.21904761904761905,0.18095238095238095,51,55,80,72,40
45487,2104,L,38,0.0,0.02631578947368421,0.2631578947368421,0.18421052631578946,58,57,50,56,60
45511,2104,L,311,0.01607717041800643,0.0707395498392283,0.14790996784565916,0.24758842443729903,40,76,63,39,55
45765,2104,L,60,0.016666666666666666,0.05,0.18333333333333332,0.18333333333333332,57,53,52,63,63
45826,2104,L,84,0.023809523809523808,0.05952380952380952,0.21428571428571427,0.27380952380952384,48,51,53,47,62
45909,2104,L,147,0.061224489795918366,0.08843537414965986,0.16326530612244897,0.19727891156462585,53,47,60,67,25
46260,2104,L,301,0.04983388704318937,0.10631229235880399,0.16611295681063123,0.18604651162790697,56,66,48,51,54
46324,2104,L,303,0.013201320132013201,0.06930693069306931,0.1782178217821782,0.21122112211221122,66,71,76,58,63
46397,2104,L,184,0.021739130434782608,0.09239130434782608,0.16847826086956522,0.23369565217391305,50,52,46,52,29
46449,2104,L,280,0.02142857142857143,0.075,0.18571428571428572,0.2357142857142857,47,55,59,48,38
46928,2104,L,319,0.01567398119122257,0.08150470219435736,0.21003134796238246,0.2476489028213166,33,73,48,54,65
46941,2104,L,265,0.022641509433962263,0.06415094339622641,0.19622641509433963,0.17735849056603772,66,60,53,41,66
46952,2104,L,316,0.04113924050632911,0.10126582278481013,0.17088607594936708,0.20569620253164558,46,66,51,48,94
46989,2104,L,42,0.023809523809523808,0.047619047619047616,0.16666666666666666,0.23809523809523808,44,57,62,57,9
46997,2104,L,323,0.034055727554179564,0.11764705882352941,0.16718266253869968,0.2260061919504644,38,75,48,85,71
47140,2104,L,120,0.025,0.025,0.19166666666666668,0.26666666666666666,48,57,52,54,85
47305,2104,L,84,0.047619047619047616,0.08333333333333333,0.16666666666666666,0.2261904761904762,45,50,42,64,5
47585,2104,L,102,0.029411764705882353,0.11764705882352941,0.2549019607843137,0.14705882352941177,44,55,27,68,55
47684,2104,L,64,0.015625,0.09375,0.171875,0.234375,43,52,60,52,10
47781,2104,L,51,0.0784313725490196,0.1568627450980392,0.19607843137254902,0.23529411764705882,58,53,34,59,38
47807,2104,L,275,0.02181818181818182,0.08,0.19272727272727272,0.1890909090909091,51,60,49,59,42
48184,2104,L,297,0.020202020202020204,0.08080808080808081,0.2255892255892256,0.18181818181818182,62,63,59,72,57
48249,2104,L,154,0.05844155844155844,0.09090909090909091,0.17532467532467533,0.18831168831168832,55,56,33,75,19
48450,2104,L,345,0.03768115942028986,0.11884057971014493,0.13333333333333333,0.20579710144927535,42,68,47,47,40
48949,2104,L,41,0.04878048780487805,0.0975609756097561,0.0975609756097561,0.1951219512195122,35,65,48,47,76
49274,2104,L,308,0.01948051948051948,0.05194805194805195,0.1331168831168831,0.24675324675324675,57,62,55,48,70
49518,2104,L,115,0.043478260869565216,0.06086956521739131,0.14782608695652175,0.26956521739130435,53,56,66,69,6
49830,2104,L,87,0.022988505747126436,0.08045977011494253,0.16091954022988506,0.25287356321839083,31,49,43,45,73
50176,2104,L,193,0.025906735751295335,0.10362694300518134,0.16580310880829016,0.22279792746113988,65,68,37,32,60
51206,2104,L,294,0.04081632653061224,0.08843537414965986,0.12244897959183673,0.21428571428571427,65,52,57,33,43
51983,2104,L,53,0.0,0.16981132075471697,0.11320754716981132,0.3018867924528302,52,51,37,41,51
54133,2104,L,163,0.05521472392638037,0.09815950920245399,0.1901840490797546,0.1656441717791411,51,54,34,53,52
55233,2104,L,87,0.011494252873563218,0.034482758620689655,0.13793103448275862,0.28735632183908044,80,63,67,43,21
55591,2104,L,171,0.029239766081871343,0.10526315789473684,0.21052631578947367,0.2046783625730994,43,68,55,55,57
55921,2104,L,168,0.017857142857142856,0.08333333333333333,0.20833333333333334,0.24404761904761904,45,52,69,66,40
60183,2104,L,63,0.015873015873015872,0.06349206349206349,0.19047619047619047,0.20634920634920634,56,86,72,53,64
60386,2104,L,58,0.034482758620689655,0.05172413793103448,0.1896551724137931,0.3448275862068966,61,62,45,41,28
60398,2104,L,116,0.02586206896551724,0.06896551724137931,0.14655172413793102,0.25,83,67,57,45,15
60601,2104,L,141,0.0070921985815602835,0.14184397163120568,0.14893617021276595,0.2198581560283688,35,61,48,51,53
61091,2104,L,71,0.028169014084507043,0.09859154929577464,0.1267605633802817,0.2535211267605634,36,45,30,55,7
61293,2104,L,221,0.04524886877828054,0.058823529411764705,0.12217194570135746,0.22624434389140272,88,57,57,34,56
62055,2104,L,51,0.058823529411764705,0.1568627450980392,0.17647058823529413,0.09803921568627451,38,56,41,55,63
62371,2104,L,64,0.015625,0.078125,0.25,0.203125,70,49,80,53,63
62443,2104,L,99,0.010101010101010102,0.13131313131313133,0.18181818181818182,0.12121212121212122,43,47,37,56,53
62510,2104,L,304,0.023026315789473683,0.08223684210526316,0.17105263157894737,0.20065789473684212,42,78,65,62,55
64848,2104,L,107,0.018691588785046728,0.04672897196261682,0.1588785046728972,0.21495327102803738,49,64,49,36,30
65856,2104,L,295,0.030508474576271188,0.0847457627118644,0.15254237288135594,0.20677966101694914,68,50,46,35,54
66466,2104,L,138,0.014492753623188406,0.07971014492753623,0.16666666666666666,0.2246376811594203,48,58,53,37,58
69165,2104,L,75,0.02666666666666667,0.05333333333333334,0.18666666666666668,0.26666666666666666,42,44,43,62,23
70719,2104,L,39,0.02564102564102564,0.05128205128205128,0.15384615384615385,0.20512820512820512,47,56,57,40,14
70749,2104,L,125,0.024,0.096,0.12,0.272,79,55,76,23,20
70793,2104,L,49,0.02040816326530612,0.12244897959183673,0.12244897959183673,0.3673469387755102,43,53,62,42,30
70808,2104,L,309,0.009708737864077669,0.0744336569579288,0.14563106796116504,0.23948220064724918,65,56,59,44,73
70861,2104,L,94,0.0851063829787234,0.09574468085106383,0.2553191489361702,0.1702127659574468,39,68,28,90,15
70901,2104,L,111,0.009009009009009009,0.11711711711711711,0.2702702702702703,0.14414414414414414,31,51,45,90,22
71063,2104,L,34,0.029411764705882353,0.058823529411764705,0.17647058823529413,0.23529411764705882,44,39,40,43,42
71088,2104,L,57,0.017543859649122806,0.05263157894736842,0.3333333333333333,0.08771929824561403,52,65,47,104,16
71215,2104,L,251,0.027888446215139442,0.07171314741035857,0.16334661354581673,0.18326693227091634,55,50,59,61,39
71548,2104,L,99,0.030303030303030304,0.1111111111111111,0.1414141414141414,0.20202020202020202,43,63,46,68,55
71561,2104,L,53,0.03773584905660377,0.07547169811320754,0.32075471698113206,0.18867924528301888,48,58,82,93,4
71589,2104,L,73,0.0,0.0547945205479452,0.2191780821917808,0.1917808219178082,51,58,59,65,21
71593,2104,L,190,0.042105263157894736,0.06315789473684211,0.13157894736842105,0.24210526315789474,48,58,43,42,60
71624,2104,L,143,0.02097902097902098,0.055944055944055944,0.17482517482517482,0.22377622377622378,40,60,42,51,65
71715,2104,L,356,0.03932584269662921,0.09269662921348315,0.21910112359550563,0.17415730337078653,54,63,49,85,77
71766,2104,L,178,0.05056179775280899,0.056179775280898875,0.2303370786516854,0.1797752808988764,60,51,30,63,57
71785,2104,L,75,0.013333333333333334,0.10666666666666667,0.13333333333333333,0.17333333333333334,39,63,50,37,58
71800,2104,L,261,0.05747126436781609,0.10727969348659004,0.12643678160919541,0.2681992337164751,40,61,34,40,75
71816,2104,L,99,0.010101010101010102,0.1111111111111111,0.16161616161616163,0.23232323232323232,38,63,50,76,9
71823,2104,L,233,0.03862660944206009,0.12446351931330472,0.1459227467811159,0.22317596566523606,29,57,48,35,35
71907,2104,L,324,0.040123456790123455,0.07716049382716049,0.15123456790123457,0.25617283950617287,41,45,45,48,49
71911,2104,L,40,0.075,0.1,0.25,0.25,61,59,36,65,64
71930,2104,L,30,0.03333333333333333,0.13333333333333333,0.06666666666666667,0.2,43,50,24,59,21
71986,2104,L,252,0.031746031746031744,0.09126984126984126,0.1746031746031746,0.21825396825396826,41,51,35,56,54
72013,2104,L,116,0.017241379310344827,0.0603448275862069,0.31896551724137934,0.14655172413793102,42,70,52,81,55
72037,2104,L,123,0.024390243902439025,0.08130081300813008,0.0975609756097561,0.21951219512195122,66,48,38,34,70
72044,2104,L,75,0.02666666666666667,0.12,0.13333333333333333,0.18666666666666668,41,55,66,57,32
72054,2104,L,369,0.02168021680216802,0.0948509485094851,0.15447154471544716,0.21951219512195122,35,54,61,37,81
72059,2104,L,334,0.023952095808383235,0.059880239520958084,0.20658682634730538,0.23053892215568864,67,66,59,78,46
72062,2104,L,43,0.023255813953488372,0.11627906976744186,0.2558139534883721,0.18604651162790697,32,35,35,28,53
72078,2104,L,112,0.0625,0.09821428571428571,0.16071428571428573,0.23214285714285715,30,47,33,50,17
72081,2104,L,36,0.027777777777777776,0.027777777777777776,0.1388888888888889,0.19444444444444445,58,54,61,70,13
72105,2104,L,257,0.03501945525291829,0.09727626459143969,0.12840466926070038,0.2140077821011673,34,65,47,30,66
72139,2104,L,108,0.009259259259259259,0.05555555555555555,0.2222222222222222,0.2222222222222222,59,59,49,77,7
72187,2104,L,104,0.009615384615384616,0.0673076923076923,0.1346153846153846,0.17307692307692307,47,47,66,36,69
72366,2104,L,129,0.05426356589147287,0.09302325581395349,0.14728682170542637,0.2248062015503876,41,54,47,53,25
72434,2104,L,187,0.0481283422459893,0.09090909090909091,0.15508021390374332,0.22994652406417113,30,58,42,49,71
72458,2104,L,88,0.03409090909090909,0.07954545454545454,0.20454545454545456,0.14772727272727273,50,57,49,89,8
72517,2104,L,207,0.014492753623188406,0.09178743961352658,0.13526570048309178,0.32367149758454106,49,63,50,63,38
72536,2104,L,249,0.03614457831325301,0.0963855421686747,0.15261044176706828,0.23293172690763053,44,61,28,51,68
72549,2104,L,89,0.056179775280898875,0.10112359550561797,0.0898876404494382,0.21348314606741572,65,54,62,34,16
72603,2104,L,136,0.07352941176470588,0.04411764705882353,0.16911764705882354,0.18382352941176472,56,61,46,75,27
72669,2104,L,35,0.05714285714285714,0.11428571428571428,0.14285714285714285,0.22857142857142856,50,52,38,36,57
72701,2104,L,168,0.03571428571428571,0.05357142857142857,0.1130952380952381,0.23214285714285715,48,42,54,21,55
72708,2104,L,314,0.028662420382165606,0.08917197452229299,0.10509554140127389,0.2070063694267516,49,47,56,48,72
72718,2104,L,47,0.0,0.0851063829787234,0.3404255319148936,0.2765957446808511,39,62,69,56,12
72739,2104,L,171,0.0,0.1286549707602339,0.15204678362573099,0.19883040935672514,29,53,59,38,71
72838,2104,L,83,0.024096385542168676,0.08433734939759036,0.1566265060240964,0.1686746987951807,58,53,69,56,45
72845,2104,L,362,0.022099447513812154,0.07734806629834254,0.19337016574585636,0.2154696132596685,70,61,79,71,90
72888,2104,L,120,0.041666666666666664,0.125,0.25,0.20833333333333334,35,46,33,82,12
72901,2104,L,191,0.041884816753926704,0.1256544502617801,0.1099476439790576,0.225130890052356,35,56,36,29,43
72996,2104,L,57,0.03508771929824561,0.05263157894736842,0.22807017543859648,0.17543859649122806,34,63,78,60,25
73023,2104,L,81,0.024691358024691357,0.13580246913580246,0.1111111111111111,0.24691358024691357,35,53,37,32,59
73048,2104,L,185,0.0,0.06486486486486487,0.15135135135135136,0.23783783783783785,43,43,53,34,79
73053,2104,L,41,0.0,0.17073170731707318,0.17073170731707318,0.12195121951219512,45,61,34,62,47
73062,2104,L,232,0.02586206896551724,0.09051724137931035,0.15948275862068967,0.27586206896551724,46,58,46,52,60
73066,2104,L,246,0.044715447154471545,0.06910569105691057,0.11788617886178862,0.23577235772357724,61,60,40,35,65
73124,2104,L,47,0.06382978723404255,0.10638297872340426,0.10638297872340426,0.1702127659574468,48,55,29,42,55
73132,2104,L,222,0.03153153153153153,0.07207207207207207,0.22972972972972974,0.24774774774774774,45,48,62,66,86
73141,2104,L,131,0.022900763358778626,0.11450381679389313,0.12213740458015267,0.2824427480916031,39,49,32,34,9
73169,2104,L,218,0.07339449541284404,0.05504587155963303,0.16055045871559634,0.21100917431192662,50,67,25,64,70
73194,2104,L,272,0.029411764705882353,0.125,0.125,0.22058823529411764,35,62,36,42,76
73228,2104,L,93,0.010752688172043012,0.043010752688172046,0.13978494623655913,0.27956989247311825,34,62,39,43,48
73249,2104,L,189,0.021164021164021163,0.1164021164021164,0.1111111111111111,0.2857142857142857,48,61,45,40,38
73270,2104,L,213,0.023474178403755867,0.09859154929577464,0.10328638497652583,0.2347417840375587,55,52,62,41,34
73288,2104,L,207,0.01932367149758454,0.07246376811594203,0.15942028985507245,0.2463768115942029,68,51,75,51,57
73303,2104,L,67,0.0,0.08955223880597014,0.11940298507462686,0.14925373134328357,36,51,53,42,39
73345,2104,L,233,0.030042918454935622,0.0815450643776824,0.15021459227467812,0.19742489270386265,32,53,53,78,37
73631,2104,L,111,0.06306306306306306,0.10810810810810811,0.21621621621621623,0.18018018018018017,57,42,54,94,10
73812,2104,L,173,0.023121387283236993,0.12138728323699421,0.16184971098265896,0.21965317919075145,42,50,37,64,26
73822,2104,L,71,0.04225352112676056,0.028169014084507043,0.323943661971831,0.22535211267605634,50,55,40,106,21
73851,2104,L,303,0.033003300330033,0.10891089108910891,0.1716171617161716,0.22112211221122113,36,52,43,53,30
73863,2104,L,78,0.0,0.05128205128205128,0.15384615384615385,0.23076923076923078,65,62,93,43,18
73915,2104,L,121,0.0,0.1487603305785124,0.19834710743801653,0.23140495867768596,12,79,48,103,26
73942,2104,L,299,0.013377926421404682,0.11371237458193979,0.14046822742474915,0.22073578595317725,42,51,29,49,43
73944,2104,L,99,0.030303030303030304,0.09090909090909091,0.16161616161616163,0.16161616161616163,33,55,44,40,7
73945,2104,L,357,0.01680672268907563,0.08123249299719888,0.19047619047619047,0.2184873949579832,82,68,79,52,75
73958,2104,L,294,0.030612244897959183,0.061224489795918366,0.1564625850340136,0.2619047619047619,59,58,59,37,67
74043,2104,L,77,0.012987012987012988,0.18181818181818182,0.14285714285714285,0.22077922077922077,21,61,55,102,52
74053,2104,L,162,0.006172839506172839,0.16049382716049382,0.17901234567901234,0.21604938271604937,23,53,45,83,55
74104,2104,L,143,0.03496503496503497,0.11188811188811189,0.23076923076923078,0.20279720279720279,50,66,54,73,18
74123,2104,L,53,0.018867924528301886,0.09433962264150944,0.2641509433962264,0.09433962264150944,32,59,57,108,17
74148,2104,L,108,0.018518518518518517,0.06481481481481481,0.24074074074074073,0.2037037037037037,31,41,62,97,99
74182,2104,L,95,0.021052631578947368,0.05263157894736842,0.18947368421052632,0.21052631578947367,74,65,63,67,54
74187,2104,L,136,0.051470588235294115,0.08088235294117647,0.08088235294117647,0.25,62,51,62,63,55
74213,2104,L,71,0.028169014084507043,0.09859154929577464,0.1267605633802817,0.18309859154929578,27,40,35,39,9
74219,2104,L,201,0.04477611940298507,0.04975124378109453,0.11940298507462686,0.2537313432835821,37,60,32,42,88
74295,2104,L,41,0.0,0.12195121951219512,0.17073170731707318,0.24390243902439024,21,61,51,93,20
74330,2104,L,196,0.025510204081632654,0.14795918367346939,0.09693877551020408,0.25510204081632654,29,41,40,33,62
74405,2104,L,130,0.015384615384615385,0.15384615384615385,0.2076923076923077,0.18461538461538463,27,59,68,43,27
74436,2104,L,53,0.018867924528301886,0.018867924528301886,0.2830188679245283,0.2641509433962264,73,55,68,35,77
74455,2104,L,35,0.0,0.05714285714285714,0.14285714285714285,0.2857142857142857,50,37,72,34,60
74459,2104,L,98,0.07142857142857142,0.09183673469387756,0.10204081632653061,0.21428571428571427,32,72,30,50,67
74473,2104,L,31,0.03225806451612903,0.16129032258064516,0.12903225806451613,0.25806451612903225,48,48,39,53,75
74478,2104,L,67,0.04477611940298507,0.13432835820895522,0.14925373134328357,0.1791044776119403,36,59,55,34,21
74488,2104,L,49,0.04081632653061224,0.08163265306122448,0.20408163265306123,0.24489795918367346,47,53,43,53,60
74539,2104,L,137,0.0364963503649635,0.1386861313868613,0.12408759124087591,0.24817518248175183,36,56,29,48,18
74555,2104,L,98,0.02040816326530612,0.07142857142857142,0.2653061224489796,0.19387755102040816,45,61,68,61,18
74563,2104,L,53,0.09433962264150944,0.11320754716981132,0.1509433962264151,0.20754716981132076,37,56,33,88,9
74611,2104,L,59,0.06779661016949153,0.06779661016949153,0.23728813559322035,0.22033898305084745,42,55,59,68,2
74645,2104,L,32,0.0,0.03125,0.15625,0.28125,38,61,73,82,35
74652,2104,L,112,0.05357142857142857,0.07142857142857142,0.25,0.19642857142857142,50,57,47,106,13
74654,2104,L,118,0.059322033898305086,0.03389830508474576,0.13559322033898305,0.17796610169491525,83,61,62,32,19
74658,2104,L,35,0.0,0.11428571428571428,0.2571428571428571,0.2,40,74,65,108,17
74671,2104,L,61,0.03278688524590164,0.08196721311475409,0.26229508196721313,0.18032786885245902,55,40,54,73,36
74672,2104,L,329,0.0364741641337386,0.0729483282674772,0.16109422492401215,0.182370820668693,64,55,46,37,100
74732,2104,L,58,0.05172413793103448,0.2413793103448276,0.2413793103448276,0.06896551724137931,22,51,37,73,46
74744,2104,L,269,0.026022304832713755,0.02973977695167286,0.17843866171003717,0.26394052044609667,88,49,62,28,39
74783,2104,L,223,0.06278026905829596,0.14349775784753363,0.13452914798206278,0.20179372197309417,33,50,48,39,73
74846,2104,L,38,0.02631578947368421,0.07894736842105263,0.07894736842105263,0.3157894736842105,40,64,47,45,82
74910,2104,L,34,0.0,0.20588235294117646,0.17647058823529413,0.17647058823529413,37,43,32,40,11
74920,2104,L,50,0.02,0.18,0.16,0.2,24,47,29,75,89
74984,2104,L,232,0.04741379310344827,0.08189655172413793,0.16379310344827586,0.21982758620689655,63,54,34,44,33
75097,2104,L,49,0.061224489795918366,0.02040816326530612,0.10204081632653061,0.2653061224489796,75,57,47,31,47
75207,2104,L,44,0.09090909090909091,0.045454545454545456,0.18181818181818182,0.09090909090909091,41,63,39,37,29
75375,2104,L,298,0.030201342281879196,0.06711409395973154,0.1476510067114094,0.21476510067114093,67,55,45,49,55
75384,2104,L,285,0.028070175438596492,0.0456140350877193,0.11578947368421053,0.19649122807017544,78,55,83,21,37
75443,2104,L,185,0.016216216216216217,0.06486486486486487,0.15135135135135136,0.2702702702702703,57,47,82,33,62
75614,2104,L,225,0.02666666666666667,0.12,0.08888888888888889,0.23555555555555555,37,48,48,36,56
75703,2104,L,51,0.0,0.0392156862745098,0.23529411764705882,0.19607843137254902,67,74,63,83,18
75821,2104,L,380,0.021052631578947368,0.04473684210526316,0.15,0.2394736842105263,90,53,88,31,49
75911,2104,L,150,0.06666666666666667,0.06,0.08,0.22,45,48,41,41,41
75928,2104,L,37,0.02702702702702703,0.10810810810810811,0.10810810810810811,0.2972972972972973,32,47,28,21,54
76034,2104,L,38,0.0,0.18421052631578946,0.23684210526315788,0.23684210526315788,31,36,36,40,27
76149,2104,L,30,0.0,0.06666666666666667,0.03333333333333333,0.2,15,40,24,31,78
76191,2104,L,52,0.0,0.038461538461538464,0.28846153846153844,0.25,47,59,91,85,8
76199,2104,L,106,0.02830188679245283,0.03773584905660377,0.22641509433962265,0.27358490566037735,41,59,75,46,80
76237,2104,L,288,0.034722222222222224,0.1111111111111111,0.06944444444444445,0.1701388888888889,35,61,37,30,38
76350,2104,L,238,0.037815126050420166,0.08403361344537816,0.12184873949579832,0.24789915966386555,58,39,68,34,65
76696,2104,L,148,0.013513513513513514,0.060810810810810814,0.10810810810810811,0.28378378378378377,45,48,59,29,84
76737,2104,L,56,0.05357142857142857,0.16071428571428573,0.17857142857142858,0.25,35,55,49,74,84
77250,2104,L,139,0.02877697841726619,0.08633093525179857,0.2805755395683453,0.22302158273381295,56,53,50,104,21
77255,2104,L,273,0.04395604395604396,0.08058608058608059,0.11355311355311355,0.21611721611721613,67,34,46,42,64
77278,2104,L,159,0.018867924528301886,0.050314465408805034,0.09433962264150944,0.2830188679245283,56,44,43,25,30
77334,2104,L,143,0.027972027972027972,0.14685314685314685,0.13286713286713286,0.15384615384615385,42,38,48,53,20
77385,2104,L,73,0.0136986301369863,0.1095890410958904,0.1643835616438356,0.2191780821917808,33,59,54,56,25
77406,2104,L,45,0.022222222222222223,0.15555555555555556,0.15555555555555556,0.2,45,55,61,45,13
77408,2104,L,36,0.0,0.05555555555555555,0.25,0.2222222222222222,36,71,84,59,4
77434,2104,L,84,0.03571428571428571,0.16666666666666666,0.10714285714285714,0.21428571428571427,34,58,50,45,58
77485,2104,L,135,0.022222222222222223,0.1259259259259259,0.2814814814814815,0.21481481481481482,62,48,53,75,16
77497,2104,L,55,0.03636363636363636,0.01818181818181818,0.09090909090909091,0.32727272727272727,91,55,85,30,54
77510,2104,L,134,0.022388059701492536,0.07462686567164178,0.11194029850746269,0.26865671641791045,37,67,38,45,79
77521,2104,L,163,0.05521472392638037,0.1165644171779141,0.2085889570552147,0.18404907975460122,50,52,39,88,33
78316,2104,L,117,0.02564102564102564,0.042735042735042736,0.1452991452991453,0.2905982905982906,55,50,56,46,76
78606,2104,L,35,0.02857142857142857,0.17142857142857143,0.05714285714285714,0.2571428571428571,27,38,19,35,17
78718,2104,L,79,0.02531645569620253,0.06329113924050633,0.1518987341772152,0.1518987341772152,55,54,70,29,54
78744,2104,L,291,0.03436426116838488,0.09621993127147767,0.14432989690721648,0.20962199312714777,45,57,59,42,74
78772,2104,L,151,0.013245033112582781,0.07947019867549669,0.17880794701986755,0.2185430463576159,38,58,63,76,19
78780,2104,L,115,0.017391304347826087,0.06956521739130435,0.28695652173913044,0.26956521739130435,37,47,60,101,11
78880,2104,L,69,0.028985507246376812,0.028985507246376812,0.21739130434782608,0.2463768115942029,52,62,88,78,17
78898,2104,L,76,0.02631578947368421,0.13157894736842105,0.19736842105263158,0.18421052631578946,34,52,49,57,12
78902,2104,L,31,0.0,0.12903225806451613,0.2903225806451613,0.1935483870967742,40,57,66,77,25
78945,2104,L,66,0.030303030303030304,0.15151515151515152,0.12121212121212122,0.19696969696969696,25,54,44,78,30
78963,2104,L,73,0.0410958904109589,0.0547945205479452,0.2602739726027397,0.1780821917808219,43,42,50,35,41
78985,2104,L,33,0.06060606060606061,0.09090909090909091,0.24242424242424243,0.2727272727272727,35,58,45,42,41
79009,2104,L,199,0.03015075376884422,0.09045226130653267,0.08542713567839195,0.31155778894472363,36,53,41,32,21
79078,2104,L,62,0.0,0.03225806451612903,0.24193548387096775,0.16129032258064516,68,62,97,41,25
79115,2104,L,128,0.03125,0.0546875,0.2109375,0.234375,42,42,53,57,27
79127,2104,L,128,0.015625,0.0546875,0.2265625,0.1796875,34,56,36,53,39
79131,2104,L,122,0.01639344262295082,0.06557377049180328,0.1721311475409836,0.10655737704918032,51,61,88,68,18
79588,2104,L,88,0.011363636363636364,0.022727272727272728,0.20454545454545456,0.1590909090909091,48,65,54,50,73
79630,2104,L,108,0.0,0.10185185185185185,0.12962962962962962,0.23148148148148148,39,52,35,34,73
79631,2104,L,47,0.06382978723404255,0.2553191489361702,0.2127659574468085,0.14893617021276595,1,57,29,102,85
79730,2104,L,34,0.0,0.058823529411764705,0.11764705882352941,0.4117647058823529,39,38,56,37,67
79758,2104,L,70,0.02857142857142857,0.11428571428571428,0.2,0.2571428571428571,48,56,93,41,11
79768,2104,L,99,0.020202020202020204,0.1414141414141414,0.2222222222222222,0.15151515151515152,35,60,70,75,18
79786,2104,L,81,0.037037037037037035,0.13580246913580246,0.16049382716049382,0.25925925925925924,27,35,32,31,36
79791,2104,L,31,0.0,0.12903225806451613,0.1935483870967742,0.1935483870967742,56,63,62,107,15
80909,2104,L,137,0.058394160583941604,0.10218978102189781,0.18248175182481752,0.25547445255474455,41,50,41,72,8
81323,2104,L,51,0.0,0.0196078431372549,0.19607843137254902,0.2549019607843137,51,50,41,69,23
81326,2104,L,314,0.022292993630573247,0.06369426751592357,0.12420382165605096,0.2611464968152866,51,53,72,41,81
81347,2104,L,110,0.045454545454545456,0.11818181818181818,0.18181818181818182,0.17272727272727273,44,55,43,95,22
81430,2104,L,61,0.03278688524590164,0.13114754098360656,0.21311475409836064,0.19672131147540983,41,59,43,75,24
82793,2104,L,57,0.03508771929824561,0.10526315789473684,0.14035087719298245,0.17543859649122806,36,48,47,69,38
82951,2104,L,112,0.008928571428571428,0.15178571428571427,0.4017857142857143,0.09821428571428571,10,63,92,118,19
83445,2104,L,172,0.029069767441860465,0.06395348837209303,0.1511627906976744,0.20930232558139536,75,57,95,29,44
84762,2104,L,161,0.006211180124223602,0.024844720496894408,0.13664596273291926,0.2857142857142857,103,67,113,28,81
85007,2104,L,31,0.0,0.12903225806451613,0.0967741935483871,0.3548387096774194,26,45,43,36,58
85045,2104,L,30,0.0,0.1,0.23333333333333334,0.2,49,62,74,102,24
85223,2104,L,115,0.02608695652173913,0.14782608695652175,0.1391304347826087,0.20869565217391303,37,55,89,64,10
87013,2104,L,63,0.047619047619047616,0.14285714285714285,0.2222222222222222,0.23809523809523808,30,49,34,88,25
88786,2104,L,148,0.02702702702702703,0.10135135135135136,0.16216216216216217,0.17567567567567569,40,40,46,55,13
91337,2104,L,139,0.007194244604316547,0.1510791366906475,0.20863309352517986,0.20863309352517986,43,43,68,85,17
