player_id,position,g,primary_key,stamina,fst,snk,cutt,crv,sld,chg,splt,frk,circhg,scr,kncrv,knbl,Cfram,Cabil,Carm,OFrange,OFarm,OFerror,IFrange,IFerror,IFarm,turnDP,season_year
81,2,59,C,1,0,0,0,0,0,0,0,0,0,0,0,0,78,78,84,9,52,6,18,17,54,6,2101
361,2,60,C,1,0,0,0,0,0,0,0,0,0,0,0,0,67,64,45,23,24,5,19,36,26,4,2101
563,5,115,3B,1,0,0,0,0,0,0,0,0,0,0,0,0,1,4,1,42,34,52,53,58,47,52,2101
1163,6,68,SS,1,0,0,0,0,0,0,0,0,0,0,0,0,1,1,4,42,83,45,81,76,80,72,2101
1320,6,26,SS,1,0,0,0,0,0,0,0,0,0,0,0,0,4,1,4,57,75,49,82,86,92,71,2101
1356,5,98,3B,1,0,0,0,0,0,0,0,0,0,0,0,0,1,1,4,30,71,29,75,70,88,71,2101
1521,9,98,RF,1,0,0,0,0,0,0,0,0,0,0,0,0,2,4,1,69,71,53,24,19,33,3,2101
19849,9,90,RF,1,0,0,0,0,0,0,0,0,0,0,0,0,2,4,5,59,69,49,35,25,49,22,2101
20748,8,143,CF,1,0,0,0,0,0,0,0,0,0,0,0,0,4,4,1,92,71,72,48,28,29,28,2101
21186,5,37,3B,1,0,0,0,0,0,0,0,0,0,0,0,0,1,1,1,36,68,46,55,60,75,35,2101
21419,5,63,3B,1,0,0,0,0,0,0,0,0,0,0,0,0,1,4,1,22,77,70,72,60,87,27,2101
21635,7,50,LF,1,0,0,0,0,0,0,0,0,0,0,0,0,5,2,3,66,44,44,41,27,23,30,2101
21691,7,25,LF,1,0,0,0,0,0,0,0,0,0,0,0,0,1,1,5,47,37,47,45,44,15,38,2101
22022,6,86,SS,1,0,0,0,0,0,0,0,0,0,0,0,0,1,6,2,83,63,63,100,81,66,93,2101
22157,4,123,2B,1,0,0,0,0,0,0,0,0,0,0,0,0,1,5,5,32,77,69,85,79,82,73,2101
22233,6,21,SS,1,0,0,0,0,0,0,0,0,0,0,0,0,3,2,1,14,81,40,84,82,82,78,2101
22312,5,93,3B,1,0,0,0,0,0,0,0,0,0,0,0,0,4,5,2,55,71,60,40,48,78,37,2101
22354,7,45,LF,1,0,0,0,0,0,0,0,0,0,0,0,0,2,2,4,70,45,50,43,26,18,31,2101
22379,2,22,C,1,0,0,0,0,0,0,0,0,0,0,0,0,76,77,49,67,35,4,19,28,40,12,2101
22564,4,32,2B,1,0,0,0,0,0,0,0,0,0,0,0,0,2,1,6,23,78,27,84,75,76,86,2101
23482,5,85,3B,1,0,0,0,0,0,0,0,0,0,0,0,0,5,4,1,39,39,52,53,70,62,49,2101
23746,2,38,C,1,0,0,0,0,0,0,0,0,0,0,0,0,60,66,58,49,44,42,44,25,54,10,2101
23949,7,51,LF,1,0,0,0,0,0,0,0,0,0,0,0,0,2,2,1,66,63,41,41,21,34,23,2101
23973,6,25,SS,1,0,0,0,0,0,0,0,0,0,0,0,0,1,5,2,40,79,44,98,71,82,77,2101
24125,4,93,2B,1,0,0,0,0,0,0,0,0,0,0,0,0,2,4,5,42,80,51,79,72,83,65,2101
24867,9,79,RF,1,0,0,0,0,0,0,0,0,0,0,0,0,4,4,3,72,58,51,45,25,20,4,2101
25302,7,134,LF,1,0,0,0,0,0,0,0,0,0,0,0,0,4,2,2,56,80,49,37,21,57,25,2101
25519,8,62,CF,1,0,0,0,0,0,0,0,0,0,0,0,0,1,1,1,85,28,58,50,32,30,4,2101
25596,4,104,2B,1,0,0,0,0,0,0,0,0,0,0,0,0,1,2,1,45,57,37,67,72,49,54,2101
26001,6,88,SS,1,0,0,0,0,0,0,0,0,0,0,0,0,1,2,3,49,87,50,81,52,87,59,2101
26002,7,134,LF,1,0,0,0,0,0,0,0,0,0,0,0,0,4,2,2,52,57,41,29,24,33,4,2101
26099,2,130,C,1,0,0,0,0,0,0,0,0,0,0,0,0,101,101,61,1,36,8,10,30,32,6,2101
26117,7,31,LF,1,0,0,0,0,0,0,0,0,0,0,0,0,2,5,5,60,40,44,15,7,38,12,2101
26131,8,53,CF,1,0,0,0,0,0,0,0,0,0,0,0,0,4,1,1,82,67,66,47,32,32,39,2101
26145,5,148,3B,1,0,0,0,0,0,0,0,0,0,0,0,0,6,5,5,22,88,56,74,78,86,49,2101
26211,9,119,RF,1,0,0,0,0,0,0,0,0,0,0,0,0,5,4,2,65,72,40,44,26,46,33,2101
26477,5,116,3B,1,0,0,0,0,0,0,0,0,0,0,0,0,1,1,4,34,70,34,45,46,80,37,2101
26549,2,45,C,1,0,0,0,0,0,0,0,0,0,0,0,0,78,79,88,5,66,13,22,23,65,9,2101
26597,6,119,SS,1,0,0,0,0,0,0,0,0,0,0,0,0,2,2,2,25,57,53,98,77,57,77,2101
26827,8,92,CF,1,0,0,0,0,0,0,0,0,0,0,0,0,4,2,1,83,61,50,40,18,39,23,2101
26828,2,88,C,1,0,0,0,0,0,0,0,0,0,0,0,0,82,93,56,2,27,31,25,21,34,5,2101
26908,9,85,RF,1,0,0,0,0,0,0,0,0,0,0,0,0,4,2,2,63,70,51,20,10,38,7,2101
26919,8,53,CF,1,0,0,0,0,0,0,0,0,0,0,0,0,2,4,4,85,44,44,47,35,9,33,2101
27030,7,101,LF,1,0,0,0,0,0,0,0,0,0,0,0,0,2,4,4,69,57,39,24,15,45,12,2101
27335,6,128,SS,1,0,0,0,0,0,0,0,0,0,0,0,0,1,1,3,17,72,64,97,79,91,71,2101
27351,5,151,3B,1,0,0,0,0,0,0,0,0,0,0,0,0,3,2,1,29,86,61,59,68,95,42,2101
27462,7,121,LF,1,0,0,0,0,0,0,0,0,0,0,0,0,1,3,4,60,52,43,19,9,36,11,2101
27494,8,26,CF,1,0,0,0,0,0,0,0,0,0,0,0,0,5,1,1,79,67,51,50,38,45,45,2101
28549,7,100,LF,1,0,0,0,0,0,0,0,0,0,0,0,0,2,1,1,62,40,39,42,30,7,4,2101
28751,6,46,SS,1,0,0,0,0,0,0,0,0,0,0,0,0,3,1,4,20,54,65,91,65,67,74,2101
30183,4,52,2B,1,0,0,0,0,0,0,0,0,0,0,0,0,1,4,3,47,70,43,85,60,67,58,2101
30398,7,86,LF,1,0,0,0,0,0,0,0,0,0,0,0,0,1,2,2,66,47,54,56,34,23,39,2101
30435,4,41,2B,1,0,0,0,0,0,0,0,0,0,0,0,0,1,5,2,23,90,49,86,81,96,75,2101
30475,7,56,LF,1,0,0,0,0,0,0,0,0,0,0,0,0,4,1,2,58,76,45,52,37,35,3,2101
30499,6,148,SS,1,0,0,0,0,0,0,0,0,0,0,0,0,1,1,2,36,81,52,94,100,97,100,2101
30565,8,53,CF,1,0,0,0,0,0,0,0,0,0,0,0,0,2,2,6,95,72,66,52,35,43,47,2101
30670,8,71,CF,1,0,0,0,0,0,0,0,0,0,0,0,0,3,1,5,81,79,66,46,24,40,28,2101
30971,8,152,CF,1,0,0,0,0,0,0,0,0,0,0,0,0,3,1,1,85,70,61,54,36,41,5,2101
31194,8,60,CF,1,0,0,0,0,0,0,0,0,0,0,0,0,2,2,1,70,57,50,44,22,27,26,2101
31249,4,31,2B,1,0,0,0,0,0,0,0,0,0,0,0,0,5,3,1,16,14,21,51,50,18,66,2101
31314,9,151,RF,1,0,0,0,0,0,0,0,0,0,0,0,0,4,1,1,66,54,62,23,21,42,16,2101
31512,7,37,LF,1,0,0,0,0,0,0,0,0,0,0,0,0,1,1,4,76,45,51,19,13,28,17,2101
31533,8,47,CF,1,0,0,0,0,0,0,0,0,0,0,0,0,1,1,3,83,66,65,52,37,28,39,2101
31914,8,153,CF,1,0,0,0,0,0,0,0,0,0,0,0,0,4,1,4,80,44,51,33,28,11,3,2101
32111,8,112,CF,1,0,0,0,0,0,0,0,0,0,0,0,0,2,2,5,84,77,62,65,50,24,48,2101
32183,6,137,SS,1,0,0,0,0,0,0,0,0,0,0,0,0,1,5,1,24,91,49,101,82,95,72,2101
32307,5,132,3B,1,0,0,0,0,0,0,0,0,0,0,0,0,2,2,2,31,65,48,58,30,80,31,2101
32364,2,39,C,1,0,0,0,0,0,0,0,0,0,0,0,0,61,78,65,8,54,20,17,24,48,8,2101
32368,2,125,C,1,0,0,0,0,0,0,0,0,0,0,0,0,65,66,55,13,29,10,23,20,25,7,2101
32405,5,149,3B,1,0,0,0,0,0,0,0,0,0,0,0,0,2,3,4,59,73,44,72,59,77,69,2101
32486,6,52,SS,1,0,0,0,0,0,0,0,0,0,0,0,0,2,1,2,47,69,44,85,72,73,75,2101
32580,7,77,LF,1,0,0,0,0,0,0,0,0,0,0,0,0,4,3,1,67,54,41,58,38,34,43,2101
32635,5,25,3B,1,0,0,0,0,0,0,0,0,0,0,0,0,3,2,2,60,75,48,59,67,91,31,2101
32880,9,87,RF,1,0,0,0,0,0,0,0,0,0,0,0,0,1,1,4,70,70,43,28,21,29,4,2101
32956,8,91,CF,1,0,0,0,0,0,0,0,0,0,0,0,0,1,2,2,81,52,48,53,36,25,4,2101
32971,4,44,2B,1,0,0,0,0,0,0,0,0,0,0,0,0,2,2,1,61,62,30,74,63,65,63,2101
33066,8,126,CF,1,0,0,0,0,0,0,0,0,0,0,0,0,3,1,4,97,59,88,31,26,33,25,2101
33134,2,53,C,1,0,0,0,0,0,0,0,0,0,0,0,0,65,75,67,37,62,24,18,27,61,6,2101
33236,6,152,SS,1,0,0,0,0,0,0,0,0,0,0,0,0,4,5,5,57,72,52,89,73,78,73,2101
33319,7,78,LF,1,0,0,0,0,0,0,0,0,0,0,0,0,2,2,1,72,77,68,38,25,31,3,2101
33338,4,45,2B,1,0,0,0,0,0,0,0,0,0,0,0,0,4,4,1,26,28,46,69,61,43,62,2101
33349,6,81,SS,1,0,0,0,0,0,0,0,0,0,0,0,0,4,3,3,79,83,84,100,101,96,100,2101
33421,4,124,2B,1,0,0,0,0,0,0,0,0,0,0,0,0,1,1,2,34,96,39,70,80,84,57,2101
33539,4,89,2B,1,0,0,0,0,0,0,0,0,0,0,0,0,4,1,3,60,60,57,86,87,79,72,2101
33703,4,145,2B,1,0,0,0,0,0,0,0,0,0,0,0,0,3,2,4,42,11,44,55,67,39,59,2101
33722,9,100,RF,54,32,34,0,22,0,0,0,0,0,0,0,0,2,1,1,63,47,53,28,16,36,9,2101
33756,9,115,RF,1,0,0,0,0,0,0,0,0,0,0,0,0,5,1,3,60,75,47,44,33,40,33,2101
33802,7,154,LF,1,0,0,0,0,0,0,0,0,0,0,0,0,2,2,3,70,54,43,44,25,14,31,2101
33877,9,68,RF,1,0,0,0,0,0,0,0,0,0,0,0,0,2,2,3,46,86,55,52,38,88,36,2101
34014,6,119,SS,1,0,0,0,0,0,0,0,0,0,0,0,0,5,5,4,39,50,57,80,76,67,62,2101
34151,2,57,C,1,0,0,0,0,0,0,0,0,0,0,0,0,60,81,44,10,24,34,20,10,24,11,2101
34211,6,137,SS,1,0,0,0,0,0,0,0,0,0,0,0,0,3,1,3,10,54,45,101,75,66,75,2101
34444,2,45,C,1,0,0,0,0,0,0,0,0,0,0,0,0,83,89,65,10,37,37,23,20,37,13,2101
34466,6,144,SS,1,0,0,0,0,0,0,0,0,0,0,0,0,1,2,5,62,70,23,91,47,105,76,2101
34623,4,84,2B,1,0,0,0,0,0,0,0,0,0,0,0,0,3,1,1,11,24,44,77,83,58,78,2101
34641,8,101,CF,1,0,0,0,0,0,0,0,0,0,0,0,0,1,3,2,75,42,46,39,19,9,25,2101
34682,5,148,3B,1,0,0,0,0,0,0,0,0,0,0,0,0,4,3,4,49,76,41,74,70,88,62,2101
34690,7,130,LF,1,0,0,0,0,0,0,0,0,0,0,0,0,4,2,1,70,65,64,18,17,45,9,2101
34708,2,36,C,1,0,0,0,0,0,0,0,0,0,0,0,0,62,73,85,8,69,9,13,21,60,4,2101
34752,9,150,RF,1,0,0,0,0,0,0,0,0,0,0,0,0,2,2,4,70,48,57,7,10,19,1,2101
34819,7,95,LF,1,0,0,0,0,0,0,0,0,0,0,0,0,1,1,3,72,57,43,9,6,17,6,2101
34881,9,151,RF,1,0,0,0,0,0,0,0,0,0,0,0,0,3,1,4,74,64,87,24,21,34,7,2101
34928,8,99,CF,1,0,0,0,0,0,0,0,0,0,0,0,0,5,2,2,90,90,64,69,49,74,64,2101
35315,2,131,C,1,0,0,0,0,0,0,0,0,0,0,0,0,80,80,48,10,28,27,12,30,29,6,2101
35727,4,150,2B,1,0,0,0,0,0,0,0,0,0,0,0,0,1,4,2,56,53,46,74,64,72,65,2101
35828,8,114,CF,1,0,0,0,0,0,0,0,0,0,0,0,0,1,3,1,81,54,87,27,20,34,15,2101
35852,6,108,SS,1,0,0,0,0,0,0,0,0,0,0,0,0,4,1,2,46,50,60,80,65,61,58,2101
35904,4,152,2B,1,0,0,0,0,0,0,0,0,0,0,0,0,4,1,5,43,58,41,79,69,76,74,2101
36207,2,116,C,1,0,0,0,0,0,0,0,0,0,0,0,0,56,62,52,11,38,7,14,26,39,5,2101
36431,2,80,C,1,0,0,0,0,0,0,0,0,0,0,0,0,74,78,74,8,57,15,17,30,56,9,2101
36525,9,102,RF,1,0,0,0,0,0,0,0,0,0,0,0,0,1,2,5,69,101,81,23,23,68,3,2101
36566,9,36,RF,1,0,0,0,0,0,0,0,0,0,0,0,0,4,4,4,67,64,94,17,14,32,3,2101
36579,9,114,RF,1,0,0,0,0,0,0,0,0,0,0,0,0,2,1,2,64,64,37,12,10,25,3,2101
36796,5,57,3B,1,0,0,0,0,0,0,0,0,0,0,0,0,2,1,4,22,35,42,82,65,50,52,2101
36824,4,141,2B,1,0,0,0,0,0,0,0,0,0,0,0,0,4,3,2,23,87,44,51,49,88,31,2101
36879,8,155,CF,1,0,0,0,0,0,0,0,0,0,0,0,0,4,2,4,89,56,101,41,22,27,36,2101
37068,5,104,3B,1,0,0,0,0,0,0,0,0,0,0,0,0,4,5,3,44,74,47,68,78,81,59,2101
37135,7,120,LF,1,0,0,0,0,0,0,0,0,0,0,0,0,5,2,1,71,67,81,31,20,27,24,2101
37140,2,124,C,1,0,0,0,0,0,0,0,0,0,0,0,0,73,86,50,21,32,13,12,26,23,5,2101
37147,7,53,LF,1,0,0,0,0,0,0,0,0,0,0,0,0,1,3,1,76,65,41,36,18,37,23,2101
37342,6,79,SS,1,0,0,0,0,0,0,0,0,0,0,0,0,4,2,2,24,89,57,77,74,94,72,2101
37749,4,70,2B,1,0,0,0,0,0,0,0,0,0,0,0,0,1,4,5,49,46,38,78,100,40,45,2101
37811,9,45,RF,1,0,0,0,0,0,0,0,0,0,0,0,0,1,1,1,86,73,68,45,43,14,48,2101
37883,9,34,RF,1,0,0,0,0,0,0,0,0,0,0,0,0,2,1,2,62,38,34,10,19,17,14,2101
38167,4,130,2B,1,0,0,0,0,0,0,0,0,0,0,0,0,2,1,1,27,72,16,79,60,49,60,2101
38170,9,92,RF,1,0,0,0,0,0,0,0,0,0,0,0,0,5,3,3,65,87,54,30,21,53,26,2101
38538,2,130,C,1,0,0,0,0,0,0,0,0,0,0,0,0,64,70,70,9,34,27,29,29,31,10,2101
38542,5,61,3B,1,0,0,0,0,0,0,0,0,0,0,0,0,1,4,1,34,77,50,65,56,78,49,2101
38610,7,148,LF,1,0,0,0,0,0,0,0,0,0,0,0,0,2,4,1,61,63,61,6,6,21,2,2101
38828,2,47,C,1,0,0,0,0,0,0,0,0,0,0,0,0,74,85,82,8,57,7,17,17,62,8,2101
38979,2,98,C,59,77,0,72,43,0,27,0,0,0,0,0,0,63,64,58,14,44,36,20,16,45,9,2101
39058,7,70,LF,1,0,0,0,0,0,0,0,0,0,0,0,0,5,2,4,68,57,63,21,18,43,9,2101
39100,6,139,SS,1,0,0,0,0,0,0,0,0,0,0,0,0,1,4,1,38,65,45,87,80,79,71,2101
39162,5,63,3B,1,0,0,0,0,0,0,0,0,0,0,0,0,1,1,2,35,83,29,63,77,73,58,2101
39343,8,83,CF,1,0,0,0,0,0,0,0,0,0,0,0,0,1,1,1,70,69,53,37,22,35,25,2101
39405,9,44,RF,1,0,0,0,0,0,0,0,0,0,0,0,0,2,1,4,69,54,56,43,31,8,31,2101
39539,9,128,RF,1,0,0,0,0,0,0,0,0,0,0,0,0,4,1,3,74,57,47,44,25,41,3,2101
39587,6,145,SS,1,0,0,0,0,0,0,0,0,0,0,0,0,4,3,4,9,67,67,98,94,72,100,2101
39596,6,146,SS,1,0,0,0,0,0,0,0,0,0,0,0,0,2,1,5,29,89,44,87,72,81,83,2101
39691,5,152,3B,1,0,0,0,0,0,0,0,0,0,0,0,0,3,4,1,44,75,8,66,41,95,30,2101
39940,5,98,3B,1,0,0,0,0,0,0,0,0,0,0,0,0,5,1,4,22,76,54,93,86,83,88,2101
39957,2,117,C,1,0,0,0,0,0,0,0,0,0,0,0,0,80,87,42,7,24,8,29,24,19,7,2101
39974,6,120,SS,1,0,0,0,0,0,0,0,0,0,0,0,0,4,3,5,7,49,42,93,62,63,86,2101
39979,5,95,3B,1,0,0,0,0,0,0,0,0,0,0,0,0,12,3,7,48,48,41,77,67,71,55,2101
40120,2,93,C,1,0,0,0,0,0,0,0,0,0,0,0,0,87,91,47,9,25,17,8,17,18,8,2101
40138,2,47,C,1,0,0,0,0,0,0,0,0,0,0,0,0,88,85,69,56,45,4,11,25,40,7,2101
40180,6,152,SS,1,0,0,0,0,0,0,0,0,0,0,0,0,4,1,4,66,67,72,86,91,90,84,2101
40306,4,43,2B,1,0,0,0,0,0,0,0,0,0,0,0,0,1,1,2,20,37,48,75,77,50,70,2101
40311,6,87,SS,1,0,0,0,0,0,0,0,0,0,0,0,0,4,1,1,61,63,41,68,75,74,75,2101
40411,6,117,SS,1,0,0,0,0,0,0,0,0,0,0,0,0,5,1,5,10,93,61,78,100,98,87,2101
40419,6,153,SS,1,0,0,0,0,0,0,0,0,0,0,0,0,5,2,2,12,73,52,89,64,85,74,2101
40465,4,67,2B,1,0,0,0,0,0,0,0,0,0,0,0,0,3,1,1,69,76,70,72,79,78,72,2101
40646,4,152,2B,1,0,0,0,0,0,0,0,0,0,0,0,0,1,3,2,19,48,43,73,54,54,58,2101
40686,7,36,LF,1,0,0,0,0,0,0,0,0,0,0,0,0,4,3,1,48,50,28,66,42,56,50,2101
40771,7,82,LF,1,0,0,0,0,0,0,0,0,0,0,0,0,1,2,4,67,63,48,45,23,30,5,2101
40812,7,70,LF,1,0,0,0,0,0,0,0,0,0,0,0,0,4,5,3,47,65,71,13,7,37,4,2101
40871,5,150,3B,1,0,0,0,0,0,0,0,0,0,0,0,0,3,1,1,26,71,46,54,75,83,27,2101
40908,7,139,LF,1,0,0,0,0,0,0,0,0,0,0,0,0,1,2,1,66,68,66,36,18,42,19,2101
41225,9,127,RF,1,0,0,0,0,0,0,0,0,0,0,0,0,1,2,4,72,39,51,62,37,13,50,2101
41607,4,47,2B,1,0,0,0,0,0,0,0,0,0,0,0,0,4,2,1,9,59,46,88,43,68,54,2101
42199,7,31,LF,57,78,35,0,49,0,0,0,0,0,0,0,0,4,3,4,59,52,54,12,19,37,8,2101
42226,8,152,CF,1,0,0,0,0,0,0,0,0,0,0,0,0,4,1,2,87,68,50,35,20,23,4,2101
42267,2,118,C,1,0,0,0,0,0,0,0,0,0,0,0,0,70,77,80,6,58,7,12,26,54,6,2101
42281,6,118,SS,1,0,0,0,0,0,0,0,0,0,0,0,0,1,3,1,39,69,31,76,74,75,71,2101
42377,6,43,SS,1,0,0,0,0,0,0,0,0,0,0,0,0,3,3,5,34,93,58,81,100,76,98,2101
42507,2,41,C,1,0,0,0,0,0,0,0,0,0,0,0,0,59,75,35,30,10,23,26,14,16,10,2101
42565,6,102,SS,1,0,0,0,0,0,0,0,0,0,0,0,0,3,2,5,59,67,65,81,86,85,86,2101
42688,5,100,3B,1,0,0,0,0,0,0,0,0,0,0,0,0,4,1,2,22,66,57,73,59,65,35,2101
42743,2,42,C,1,0,0,0,0,0,0,0,0,0,0,0,0,71,74,70,19,54,8,30,25,52,24,2101
42752,7,107,LF,1,0,0,0,0,0,0,0,0,0,0,0,0,2,1,3,65,59,43,32,20,36,22,2101
42767,2,32,C,1,0,0,0,0,0,0,0,0,0,0,0,0,65,80,72,7,58,24,15,18,63,7,2101
42818,6,42,SS,1,0,0,0,0,0,0,0,0,0,0,0,0,1,4,2,18,82,36,86,72,86,66,2101
42856,7,97,LF,1,0,0,0,0,0,0,0,0,0,0,0,0,4,5,2,64,49,60,44,34,10,40,2101
42881,2,126,C,1,0,0,0,0,0,0,0,0,0,0,0,0,70,73,66,6,52,20,13,22,54,6,2101
43217,7,117,LF,1,0,0,0,0,0,0,0,0,0,0,0,0,1,3,2,80,92,76,36,27,27,4,2101
43263,4,128,2B,1,0,0,0,0,0,0,0,0,0,0,0,0,6,1,2,28,42,50,64,87,74,65,2101
43279,8,53,CF,1,0,0,0,0,0,0,0,0,0,0,0,0,3,1,4,77,70,101,52,40,42,48,2101
43332,2,112,C,1,0,0,0,0,0,0,0,0,0,0,0,0,65,68,56,4,44,44,9,32,40,11,2101
43385,8,127,CF,1,0,0,0,0,0,0,0,0,0,0,0,0,1,1,3,79,83,69,29,25,42,3,2101
43502,8,115,CF,1,0,0,0,0,0,0,0,0,0,0,0,0,3,4,1,81,55,61,48,39,13,37,2101
43802,6,149,SS,1,0,0,0,0,0,0,0,0,0,0,0,0,5,1,5,6,85,64,73,96,84,82,2101
44046,6,51,SS,1,0,0,0,0,0,0,0,0,0,0,0,0,1,5,2,65,69,65,71,86,75,67,2101
44144,2,120,C,1,0,0,0,0,0,0,0,0,0,0,0,0,97,98,59,16,33,55,7,23,37,6,2101
44157,9,104,RF,1,0,0,0,0,0,0,0,0,0,0,0,0,4,1,3,60,62,72,16,15,35,3,2101
44237,6,97,SS,1,9,0,0,0,0,0,0,0,0,0,0,0,2,2,3,4,61,51,77,47,70,66,2101
44319,2,122,C,1,0,0,0,0,0,0,0,0,0,0,0,0,58,60,84,6,65,6,56,22,62,7,2101
44412,2,48,C,1,0,0,0,0,0,0,0,0,0,0,0,0,71,73,65,12,49,29,14,22,42,6,2101
44414,7,132,LF,1,10,0,0,0,0,0,0,0,0,0,0,0,1,1,2,52,51,63,39,27,22,4,2101
44459,9,155,RF,1,7,0,0,0,0,0,0,0,0,0,0,0,1,1,4,60,85,57,23,24,39,5,2101
44473,8,83,CF,1,6,0,0,0,0,0,0,0,0,0,0,0,5,4,6,80,87,72,34,13,49,22,2101
44539,9,100,RF,1,10,0,0,0,0,0,0,0,0,0,0,0,1,1,5,77,54,67,40,27,33,19,2101
44889,6,83,SS,1,11,0,0,0,0,0,0,0,0,0,0,0,2,1,1,19,50,63,98,64,63,65,2101
45113,9,82,RF,63,89,87,101,0,0,51,0,0,0,0,0,0,2,1,4,57,53,50,22,29,52,4,2101
45676,2,38,C,1,9,0,0,0,0,0,0,0,0,0,0,0,82,83,46,10,25,9,2,5,18,6,2101
45901,8,47,CF,1,0,0,0,0,0,0,0,0,0,0,0,0,1,1,1,78,38,71,19,33,25,4,2101
45957,5,88,3B,1,0,0,0,0,0,0,0,0,0,0,0,0,7,12,9,30,57,34,64,48,75,42,2101
46430,6,29,SS,1,7,0,0,0,0,0,0,0,0,0,0,0,2,1,4,68,77,64,66,84,89,72,2101
46484,6,24,SS,1,0,0,0,0,0,0,0,0,0,0,0,0,1,4,1,45,75,54,74,55,72,58,2101
46495,2,21,C,1,9,0,0,0,0,0,0,0,0,0,0,0,78,79,32,6,14,35,9,28,6,6,2101
46814,5,20,3B,1,0,0,0,0,0,0,0,0,0,0,0,0,6,7,7,15,72,43,53,48,85,28,2101
47056,2,84,C,1,0,0,0,0,0,0,0,0,0,0,0,0,76,91,85,8,51,32,21,12,54,42,2101
47558,9,138,RF,1,0,0,0,0,0,0,0,0,0,0,0,0,1,1,3,58,73,69,15,27,26,4,2101
47609,4,152,2B,1,0,0,0,0,0,0,0,0,0,0,0,0,1,1,2,31,10,37,75,79,47,76,2101
47759,6,67,SS,1,0,0,0,0,0,0,0,0,0,0,0,0,1,5,3,19,64,66,78,77,77,75,2101
47791,7,81,LF,1,0,0,0,0,0,0,0,0,0,0,0,0,5,1,1,72,39,78,39,36,9,42,2101
47819,4,112,2B,1,0,0,0,0,0,0,0,0,0,0,0,0,3,1,1,10,16,55,70,79,51,86,2101
47844,8,77,CF,1,0,0,0,0,0,0,0,0,0,0,0,0,2,1,5,72,63,47,30,18,19,4,2101
48270,5,34,3B,1,11,0,0,0,0,0,0,0,0,0,0,0,2,1,2,71,60,47,57,45,64,48,2101
48281,9,42,RF,1,11,0,0,0,0,0,0,0,0,0,0,0,2,1,4,62,92,61,9,17,62,14,2101
48681,4,151,2B,1,0,0,0,0,0,0,0,0,0,0,0,0,3,1,1,39,57,53,80,81,81,74,2101
48846,6,42,SS,1,0,0,0,0,0,0,0,0,0,0,0,0,4,1,5,63,64,53,87,82,83,84,2101
48965,5,147,3B,1,0,0,0,0,0,0,0,0,0,0,0,0,4,1,5,19,81,62,65,67,77,68,2101
49060,9,30,RF,1,0,0,0,0,0,0,0,0,0,0,0,0,3,2,2,73,50,51,60,51,30,4,2101
49397,4,140,2B,1,0,0,0,0,0,0,0,0,0,0,0,0,7,14,16,12,30,26,60,54,47,63,2101
49432,7,123,LF,1,0,0,0,0,0,0,0,0,0,0,0,0,4,3,5,73,57,69,18,19,34,4,2101
50274,5,143,3B,1,3,0,0,0,0,0,0,0,0,0,0,0,1,1,5,23,64,55,58,63,61,43,2101
50506,5,72,3B,1,0,0,0,0,0,0,0,0,0,0,0,0,1,1,1,30,68,46,72,64,75,75,2101
50569,5,21,3B,1,0,0,0,0,0,0,0,0,0,0,0,0,1,4,2,45,63,50,75,66,66,61,2101
50867,2,127,C,1,0,0,0,0,0,0,0,0,0,0,0,0,94,96,93,8,71,3,18,20,73,8,2101
63651,8,146,CF,1,0,0,0,0,0,0,0,0,0,0,0,0,2,2,1,82,79,73,42,31,26,33,2101
63791,2,106,C,1,0,0,0,0,0,0,0,0,0,0,0,0,80,84,81,7,51,7,10,7,50,1,2101
70721,7,130,LF,1,0,0,0,0,0,0,0,0,0,0,0,0,2,4,5,70,62,44,41,28,37,4,2101
70722,5,44,3B,1,0,0,0,0,0,0,0,0,0,0,0,0,2,2,3,44,71,39,75,56,78,61,2101
70733,4,45,2B,1,0,0,0,0,0,0,0,0,0,0,0,0,1,2,1,42,3,50,62,37,22,67,2101
70789,2,46,C,1,0,0,0,0,0,0,0,0,0,0,0,0,38,71,27,19,22,7,10,34,34,2,2101
70906,9,62,RF,1,0,0,0,0,0,0,0,0,0,0,0,0,1,1,5,73,46,45,53,34,12,35,2101
70964,2,53,C,1,0,0,0,0,0,0,0,0,0,0,0,0,81,82,53,34,36,29,25,31,37,2,2101
71006,4,72,2B,1,0,0,0,0,0,0,0,0,0,0,0,0,1,1,1,47,58,43,81,60,64,60,2101
71007,8,117,CF,1,0,0,0,0,0,0,0,0,0,0,0,0,2,3,4,64,51,48,39,21,21,3,2101
71073,5,120,3B,1,0,0,0,0,0,0,0,0,0,0,0,0,4,2,2,36,63,33,70,62,66,58,2101
71177,6,21,SS,1,0,0,0,0,0,0,0,0,0,0,0,0,1,4,4,59,64,49,64,72,73,71,2101
71385,4,67,2B,1,0,0,0,0,0,0,0,0,0,0,0,0,2,3,1,49,73,45,70,56,72,56,2101
71390,4,52,2B,1,0,0,0,0,0,0,0,0,0,0,0,0,1,2,1,32,63,38,71,62,71,66,2101
71396,5,22,3B,1,0,0,0,0,0,0,0,0,0,0,0,0,4,4,1,37,70,39,70,51,71,59,2101
71403,8,46,CF,1,0,0,0,0,0,0,0,0,0,0,0,0,2,4,5,79,72,62,51,32,48,4,2101
71433,4,24,2B,1,0,0,0,0,0,0,0,0,0,0,0,0,5,3,4,20,16,51,62,48,31,54,2101
71447,6,43,SS,1,0,0,0,0,0,0,0,0,0,0,0,0,4,1,4,61,66,47,75,79,73,64,2101
71456,2,30,C,1,0,0,0,0,0,0,0,0,0,0,0,0,68,65,54,18,34,25,26,35,29,6,2101
71463,4,32,2B,1,0,0,0,0,0,0,0,0,0,0,0,0,4,4,1,75,51,54,95,70,66,69,2101
71495,4,117,2B,1,0,0,0,0,0,0,0,0,0,0,0,0,1,2,2,54,48,31,73,52,68,67,2101
71571,7,24,LF,1,0,0,0,0,0,0,0,0,0,0,0,0,4,3,4,65,59,49,13,13,34,3,2101
71588,4,148,2B,1,0,0,0,0,0,0,0,0,0,0,0,0,4,2,3,29,22,58,66,77,43,45,2101
71600,7,24,LF,1,0,0,0,0,0,0,0,0,0,0,0,0,1,3,1,68,73,29,53,40,16,19,2101
71602,4,134,2B,1,0,0,0,0,0,0,0,0,0,0,0,0,2,4,2,53,63,58,78,55,65,57,2101
71629,2,56,C,1,0,0,0,0,0,0,0,0,0,0,0,0,82,82,78,1,61,15,22,15,64,27,2101
71654,6,143,SS,1,0,0,0,0,0,0,0,0,0,0,0,0,4,5,5,60,66,53,81,74,81,86,2101
71682,6,130,SS,1,0,0,0,0,0,0,0,0,0,0,0,0,1,1,1,10,67,59,85,94,80,86,2101
71790,4,41,2B,1,0,0,0,0,0,0,0,0,0,0,0,0,4,4,2,45,50,38,70,49,50,51,2101
71956,6,22,SS,1,0,0,0,0,0,0,0,0,0,0,0,0,5,4,2,63,66,59,84,81,64,87,2101
72077,2,53,C,1,0,0,0,0,0,0,0,0,0,0,0,0,59,73,39,27,30,16,29,22,26,5,2101
72394,4,102,2B,1,0,0,0,0,0,0,0,0,0,0,0,0,2,2,1,25,79,51,59,76,71,46,2101
72409,9,133,RF,1,0,0,0,0,0,0,0,0,0,0,0,0,3,5,3,62,63,40,30,23,44,3,2101
72425,2,133,C,1,0,0,0,0,0,0,0,0,0,0,0,0,82,82,60,39,33,50,17,27,34,8,2101
72438,5,145,3B,1,0,0,0,0,0,0,0,0,0,0,0,0,2,1,4,29,57,52,49,71,76,31,2101
72442,9,59,RF,1,0,0,0,0,0,0,0,0,0,0,0,0,4,2,5,59,62,31,15,9,29,3,2101
72447,7,153,LF,1,0,0,0,0,0,0,0,0,0,0,0,0,1,1,3,65,53,55,51,32,35,36,2101
72459,2,51,C,1,0,0,0,0,0,0,0,0,0,0,0,0,65,68,60,19,54,28,18,33,48,2,2101
72513,4,68,2B,1,0,0,0,0,0,0,0,0,0,0,0,0,4,1,4,30,29,38,68,69,51,75,2101
72522,9,99,RF,1,0,0,0,0,0,0,0,0,0,0,0,0,5,2,1,62,69,62,39,22,31,3,2101
72551,9,41,RF,1,0,0,0,0,0,0,0,0,0,0,0,0,4,2,2,70,50,53,41,29,25,3,2101
72651,2,124,C,1,0,0,0,0,0,0,0,0,0,0,0,0,57,59,59,18,35,3,29,49,38,6,2101
72667,2,99,C,1,0,0,0,0,0,0,0,0,0,0,0,0,71,71,79,20,56,2,14,9,53,4,2101
73592,4,39,2B,1,0,0,0,0,0,0,0,0,0,0,0,0,1,3,3,44,23,34,70,58,51,64,2101
73667,5,50,3B,1,0,0,0,0,0,0,0,0,0,0,0,0,3,3,2,56,77,53,74,62,78,63,2101
73706,8,68,CF,1,0,0,0,0,0,0,0,0,0,0,0,0,3,2,2,80,54,65,53,31,22,34,2101
73709,8,148,CF,1,0,0,0,0,0,0,0,0,0,0,0,0,1,1,3,61,76,34,55,38,53,3,2101
73771,7,30,LF,1,0,0,0,0,0,0,0,0,0,0,0,0,1,1,1,37,26,49,12,9,1,4,2101
73792,7,99,LF,1,0,0,0,0,0,0,0,0,0,0,0,0,1,4,2,70,51,71,25,20,15,13,2101
73866,4,44,2B,1,0,0,0,0,0,0,0,0,0,0,0,0,3,5,4,42,53,36,78,89,66,64,2101
73883,9,52,RF,1,0,0,0,0,0,0,0,0,0,0,0,0,4,2,1,62,89,61,17,10,65,3,2101
74012,6,23,SS,1,0,0,0,0,0,0,0,0,0,0,0,0,4,2,1,10,44,31,76,70,78,51,2101
74056,5,132,3B,1,0,0,0,0,0,0,0,0,0,0,0,0,9,6,13,38,58,34,69,62,77,55,2101
74084,5,56,3B,1,0,0,0,0,0,0,0,0,0,0,0,0,4,2,1,37,50,38,52,59,78,35,2101
74110,9,24,RF,1,0,0,0,0,0,0,0,0,0,0,0,0,12,7,14,60,53,38,26,13,57,17,2101
74274,7,105,LF,1,0,0,0,0,0,0,0,0,0,0,0,0,1,4,5,60,45,48,37,30,32,28,2101
74302,7,137,LF,1,0,0,0,0,0,0,0,0,0,0,0,0,1,5,4,77,39,55,59,48,18,42,2101
74429,8,28,CF,1,0,0,0,0,0,0,0,0,0,0,0,0,4,2,1,58,32,39,30,31,9,10,2101
74595,8,109,CF,1,0,0,0,0,0,0,0,0,0,0,0,0,9,6,7,70,63,56,51,38,32,3,2101
74663,4,64,2B,1,0,0,0,0,0,0,0,0,0,0,0,0,4,1,4,61,67,43,64,57,70,46,2101
75544,9,154,RF,1,0,0,0,0,0,0,0,0,0,0,0,0,13,6,6,67,73,65,39,34,50,29,2101
76146,9,143,RF,1,0,0,0,0,0,0,0,0,0,0,0,0,3,2,5,57,63,67,27,22,55,21,2101
76846,7,153,LF,1,0,0,0,0,0,0,0,0,0,0,0,0,2,2,3,64,42,45,49,41,15,38,2101
77492,8,155,CF,1,0,0,0,0,0,0,0,0,0,0,0,0,11,11,11,75,37,59,17,17,18,3,2101
77524,7,138,LF,1,0,0,0,0,0,0,0,0,0,0,0,0,6,11,15,67,42,52,40,38,43,3,2101
78273,4,28,2B,1,0,0,0,0,0,0,0,0,0,0,0,0,2,4,1,42,53,42,63,42,65,42,2101
79020,9,40,RF,1,0,0,0,0,0,0,0,0,0,0,0,0,16,9,12,79,49,70,27,25,26,19,2101
79556,8,27,CF,1,0,0,0,0,0,0,0,0,0,0,0,0,5,1,1,83,75,65,73,65,54,61,2101
79559,7,104,LF,1,0,0,0,0,0,0,0,0,0,0,0,0,3,4,5,77,34,52,28,26,21,17,2101
79684,4,32,2B,1,0,0,0,0,0,0,0,0,0,0,0,0,2,2,4,42,40,51,61,50,41,75,2101
79704,8,155,CF,1,0,0,0,0,0,0,0,0,0,0,0,0,1,4,1,82,71,48,36,33,37,25,2101
51,6,60,SS,1,0,0,0,0,0,0,0,0,0,0,0,0,2,2,4,66,53,55,86,78,79,66,2102
81,2,94,C,1,0,0,0,0,0,0,0,0,0,0,0,0,77,78,83,9,51,6,14,15,52,6,2102
361,2,57,C,1,0,0,0,0,0,0,0,0,0,0,0,0,69,67,48,22,22,5,18,36,24,4,2102
587,8,27,CF,1,0,0,0,0,0,0,0,0,0,0,0,0,1,2,2,47,65,53,20,20,40,4,2102
834,5,90,3B,1,0,0,0,0,0,0,0,0,0,0,0,0,2,4,3,67,52,39,78,56,70,62,2102
1078,8,51,CF,1,0,0,0,0,0,0,0,0,0,0,0,0,4,1,2,84,57,63,43,24,37,29,2102
1271,5,26,3B,1,0,0,0,0,0,0,0,0,0,0,0,0,1,2,4,51,38,22,70,42,57,43,2102
1320,5,53,3B,1,0,0,0,0,0,0,0,0,0,0,0,0,4,1,4,56,75,49,82,86,92,71,2102
1356,5,126,3B,1,0,0,0,0,0,0,0,0,0,0,0,0,1,1,4,29,70,28,75,70,88,71,2102
1442,7,111,LF,1,0,0,0,0,0,0,0,0,0,0,0,0,4,4,2,61,52,33,22,14,45,17,2102
1486,7,128,LF,1,0,0,0,0,0,0,0,0,0,0,0,0,2,2,2,59,65,52,30,12,34,14,2102
1515,5,129,3B,1,0,0,0,0,0,0,0,0,0,0,0,0,1,1,3,41,60,38,57,51,78,34,2102
1521,9,98,RF,1,0,0,0,0,0,0,0,0,0,0,0,0,2,4,1,69,71,54,20,16,32,4,2102
2147,8,55,CF,1,0,0,0,0,0,0,0,0,0,0,0,0,5,2,5,83,54,53,34,15,41,26,2102
2195,8,42,CF,1,0,0,0,0,0,0,0,0,0,0,0,0,1,4,3,66,61,48,49,28,38,4,2102
2309,7,64,LF,1,0,0,0,0,0,0,0,0,0,0,0,0,2,4,2,75,68,39,51,29,45,3,2102
19849,7,40,LF,1,0,0,0,0,0,0,0,0,0,0,0,0,2,4,5,59,69,49,34,23,47,20,2102
20148,8,45,CF,1,0,0,0,0,0,0,0,0,0,0,0,0,2,4,1,72,81,48,45,21,58,25,2102
20371,2,72,C,1,0,0,0,0,0,0,0,0,0,0,0,0,87,87,60,22,41,43,21,29,41,17,2102
20507,5,89,3B,1,0,0,0,0,0,0,0,0,0,0,0,0,5,3,4,40,29,44,62,60,45,44,2102
20522,5,106,3B,1,0,0,0,0,0,0,0,0,0,0,0,0,2,1,1,42,63,33,51,38,79,29,2102
20748,8,76,CF,1,0,0,0,0,0,0,0,0,0,0,0,0,4,4,1,92,71,72,45,26,27,26,2102
20826,7,48,LF,1,0,0,0,0,0,0,0,0,0,0,0,0,3,4,1,69,61,50,45,33,29,4,2102
21122,5,140,3B,1,0,0,0,0,0,0,0,0,0,0,0,0,1,3,3,36,51,25,60,56,72,75,2102
21186,5,33,3B,1,0,0,0,0,0,0,0,0,0,0,0,0,1,1,1,35,66,44,55,60,75,35,2102
21419,5,37,3B,1,0,0,0,0,0,0,0,0,0,0,0,0,1,4,1,21,76,69,72,60,87,27,2102
21635,7,59,LF,1,0,0,0,0,0,0,0,0,0,0,0,0,5,2,3,65,44,44,40,26,23,29,2102
21691,7,45,LF,1,0,0,0,0,0,0,0,0,0,0,0,0,1,1,5,47,37,47,43,41,13,35,2102
22022,4,84,2B,1,0,0,0,0,0,0,0,0,0,0,0,0,1,6,2,81,62,63,100,81,66,93,2102
22037,4,25,2B,1,0,0,0,0,0,0,0,0,0,0,0,0,4,4,4,32,17,22,40,39,34,79,2102
22157,4,58,2B,1,0,0,0,0,0,0,0,0,0,0,0,0,1,5,5,30,75,67,85,79,82,73,2102
22233,5,42,3B,1,0,0,0,0,0,0,0,0,0,0,0,0,3,2,1,14,80,40,84,82,82,78,2102
22312,5,108,3B,1,0,0,0,0,0,0,0,0,0,0,0,0,4,5,2,55,71,60,40,48,78,37,2102
22354,7,38,LF,1,0,0,0,0,0,0,0,0,0,0,0,0,2,2,4,70,45,50,43,26,18,31,2102
22564,6,99,SS,1,0,0,0,0,0,0,0,0,0,0,0,0,2,1,6,23,77,27,84,75,76,86,2102
23482,5,119,3B,1,0,0,0,0,0,0,0,0,0,0,0,0,5,4,1,37,38,51,53,70,62,49,2102
23746,2,37,C,1,0,0,0,0,0,0,0,0,0,0,0,0,60,66,57,46,43,41,43,23,52,9,2102
23949,7,64,LF,1,0,0,0,0,0,0,0,0,0,0,0,0,2,2,1,66,64,41,39,19,32,21,2102
23973,6,150,SS,1,0,0,0,0,0,0,0,0,0,0,0,0,1,5,2,39,78,43,98,71,82,77,2102
24101,5,48,3B,1,0,0,0,0,0,0,0,0,0,0,0,0,2,3,1,15,83,48,70,64,86,70,2102
24125,4,44,2B,1,0,0,0,0,0,0,0,0,0,0,0,0,2,4,5,39,79,51,78,73,83,65,2102
24867,9,88,RF,1,0,0,0,0,0,0,0,0,0,0,0,0,4,4,3,72,58,51,43,22,17,4,2102
25302,9,31,RF,1,0,0,0,0,0,0,0,0,0,0,0,0,4,2,2,64,85,57,36,21,57,24,2102
25508,2,95,C,1,0,0,0,0,0,0,0,0,0,0,0,0,91,91,55,10,33,47,20,41,30,8,2102
25519,8,88,CF,1,0,0,0,0,0,0,0,0,0,0,0,0,1,1,1,85,28,58,47,30,28,4,2102
26001,6,55,SS,1,0,0,0,0,0,0,0,0,0,0,0,0,1,2,3,48,86,49,81,52,87,59,2102
26002,7,37,LF,1,0,0,0,0,0,0,0,0,0,0,0,0,4,2,2,52,57,41,29,23,32,4,2102
26028,2,127,C,1,0,0,0,0,0,0,0,0,0,0,0,0,83,84,59,10,36,32,10,25,37,1,2102
26099,2,130,C,1,0,0,0,0,0,0,0,0,0,0,0,0,101,101,61,1,34,6,10,29,31,6,2102
26117,7,56,LF,1,0,0,0,0,0,0,0,0,0,0,0,0,2,5,5,60,40,44,12,6,36,11,2102
26131,8,87,CF,1,0,0,0,0,0,0,0,0,0,0,0,0,4,1,1,82,67,66,46,30,31,37,2102
26145,5,141,3B,1,0,0,0,0,0,0,0,0,0,0,0,0,6,5,5,21,86,56,74,78,86,49,2102
26211,9,78,RF,1,0,0,0,0,0,0,0,0,0,0,0,0,5,4,2,65,72,40,43,26,46,32,2102
26375,9,66,RF,1,0,0,0,0,0,0,0,0,0,0,0,0,2,1,2,72,50,44,45,23,10,5,2102
26398,2,50,C,1,0,0,0,0,0,0,0,0,0,0,0,0,76,76,60,12,47,21,29,25,46,5,2102
26477,5,92,3B,1,0,0,0,0,0,0,0,0,0,0,0,0,1,1,4,30,68,32,48,50,81,40,2102
26549,2,98,C,1,0,0,0,0,0,0,0,0,0,0,0,0,78,79,88,5,65,11,22,22,64,8,2102
26563,5,77,3B,1,0,0,0,0,0,0,0,0,0,0,0,0,3,2,4,12,73,54,77,76,78,32,2102
26597,4,54,2B,1,0,0,0,0,0,0,0,0,0,0,0,0,2,2,2,24,55,51,98,78,61,78,2102
26826,8,63,CF,1,0,0,0,0,0,0,0,0,0,0,0,0,2,1,3,72,58,49,55,41,28,46,2102
26827,8,150,CF,1,0,0,0,0,0,0,0,0,0,0,0,0,4,2,1,83,62,50,38,16,37,23,2102
26828,2,111,C,1,0,0,0,0,0,0,0,0,0,0,0,0,82,93,56,2,25,29,23,21,33,5,2102
26908,9,70,RF,1,0,0,0,0,0,0,0,0,0,0,0,0,4,2,2,63,70,51,20,9,37,7,2102
26919,8,121,CF,1,0,0,0,0,0,0,0,0,0,0,0,0,2,4,4,89,50,51,45,33,9,32,2102
27030,8,115,CF,1,0,0,0,0,0,0,0,0,0,0,0,0,2,4,4,69,57,39,23,14,44,11,2102
27335,6,152,SS,1,0,0,0,0,0,0,0,0,0,0,0,0,1,1,3,16,71,63,97,79,91,71,2102
27351,5,151,3B,1,0,0,0,0,0,0,0,0,0,0,0,0,3,2,1,27,84,59,59,68,95,42,2102
27462,7,149,LF,1,0,0,0,0,0,0,0,0,0,0,0,0,1,3,4,60,52,43,16,9,33,9,2102
27522,4,106,2B,1,0,0,0,0,0,0,0,0,0,0,0,0,5,1,5,53,53,40,88,63,56,77,2102
27968,7,35,LF,1,0,0,0,0,0,0,0,0,0,0,0,0,1,1,1,78,44,44,28,14,24,3,2102
28549,7,81,LF,1,0,0,0,0,0,0,0,0,0,0,0,0,2,1,1,65,44,42,40,28,7,4,2102
28610,9,49,RF,1,0,0,0,0,0,0,0,0,0,0,0,0,2,1,1,43,75,48,23,15,64,7,2102
28751,6,39,SS,1,0,0,0,0,0,0,0,0,0,0,0,0,3,1,4,19,53,65,91,65,67,74,2102
29641,4,65,2B,1,0,0,0,0,0,0,0,0,0,0,0,0,1,1,2,29,40,36,62,50,55,59,2102
29875,9,62,RF,1,0,0,0,0,0,0,0,0,0,0,0,0,4,2,2,60,54,26,9,11,37,8,2102
29898,7,36,LF,1,0,0,0,0,0,0,0,0,0,0,0,0,1,4,1,66,31,47,54,38,10,40,2102
30183,4,58,2B,1,0,0,0,0,0,0,0,0,0,0,0,0,1,4,3,45,69,42,85,60,67,58,2102
30398,9,76,RF,1,0,0,0,0,0,0,0,0,0,0,0,0,1,2,2,66,47,54,55,33,23,39,2102
30435,4,39,2B,1,0,0,0,0,0,0,0,0,0,0,0,0,1,5,2,21,89,49,86,81,96,75,2102
30475,7,52,LF,1,0,0,0,0,0,0,0,0,0,0,0,0,4,1,2,58,76,45,49,33,31,3,2102
30499,6,96,SS,1,0,0,0,0,0,0,0,0,0,0,0,0,1,1,2,36,81,51,94,100,97,100,2102
30515,7,115,LF,1,0,0,0,0,0,0,0,0,0,0,0,0,2,1,2,62,54,49,30,18,24,17,2102
30565,8,32,CF,1,0,0,0,0,0,0,0,0,0,0,0,0,2,2,6,95,72,66,49,33,42,45,2102
30670,8,114,CF,1,0,0,0,0,0,0,0,0,0,0,0,0,3,1,5,81,79,67,44,23,38,26,2102
30971,8,152,CF,1,0,0,0,0,0,0,0,0,0,0,0,0,3,1,1,85,70,61,53,35,39,5,2102
31194,8,38,CF,1,0,0,0,0,0,0,0,0,0,0,0,0,2,2,1,70,57,50,44,22,27,26,2102
31197,8,54,CF,1,0,0,0,0,0,0,0,0,0,0,0,0,2,4,1,77,24,54,25,9,22,8,2102
31249,4,38,2B,1,0,0,0,0,0,0,0,0,0,0,0,0,5,3,1,15,12,18,51,50,18,66,2102
31314,9,153,RF,1,0,0,0,0,0,0,0,0,0,0,0,0,4,1,1,66,54,62,21,19,40,14,2102
31512,8,127,CF,1,0,0,0,0,0,0,0,0,0,0,0,0,1,1,4,76,45,51,17,13,27,16,2102
31914,8,135,CF,1,0,0,0,0,0,0,0,0,0,0,0,0,4,1,4,80,44,51,32,26,10,3,2102
32111,8,150,CF,1,0,0,0,0,0,0,0,0,0,0,0,0,2,2,5,84,77,62,64,49,23,47,2102
32183,6,140,SS,1,0,0,0,0,0,0,0,0,0,0,0,0,1,5,1,23,90,47,101,82,95,72,2102
32287,4,58,2B,1,0,0,0,0,0,0,0,0,0,0,0,0,2,5,2,37,34,53,62,70,61,75,2102
32307,6,85,SS,1,0,0,0,0,0,0,0,0,0,0,0,0,2,2,2,29,63,48,58,30,80,31,2102
32334,7,36,LF,1,0,0,0,0,0,0,0,0,0,0,0,0,2,5,2,60,43,50,51,28,15,30,2102
32339,5,50,3B,1,0,0,0,0,0,0,0,0,0,0,0,0,4,4,2,42,76,38,81,62,84,68,2102
32368,2,38,C,1,0,0,0,0,0,0,0,0,0,0,0,0,65,66,55,10,26,10,22,17,24,7,2102
32405,5,149,3B,1,0,0,0,0,0,0,0,0,0,0,0,0,2,3,4,57,72,43,73,59,77,69,2102
32486,6,151,SS,1,0,0,0,0,0,0,0,0,0,0,0,0,2,1,2,45,67,43,85,72,73,75,2102
32580,9,128,RF,1,0,0,0,0,0,0,0,0,0,0,0,0,4,3,1,67,54,41,55,35,32,40,2102
32583,7,93,LF,1,0,0,0,0,0,0,0,0,0,0,0,0,1,1,5,71,55,56,53,36,34,41,2102
32635,5,92,3B,1,0,0,0,0,0,0,0,0,0,0,0,0,3,2,2,60,75,48,59,67,91,31,2102
32880,9,32,RF,1,0,0,0,0,0,0,0,0,0,0,0,0,1,1,4,70,70,43,25,18,29,4,2102
32882,5,22,3B,1,0,0,0,0,0,0,0,0,0,0,0,0,4,4,2,49,69,57,65,48,76,28,2102
32956,8,134,CF,1,0,0,0,0,0,0,0,0,0,0,0,0,1,2,2,81,52,48,51,34,23,4,2102
32970,7,32,LF,1,0,0,0,0,0,0,0,0,0,0,0,0,1,5,1,49,50,74,18,19,18,5,2102
32971,4,67,2B,1,0,0,0,0,0,0,0,0,0,0,0,0,2,2,1,59,60,28,74,63,65,63,2102
33066,8,87,CF,1,0,0,0,0,0,0,0,0,0,0,0,0,3,1,4,97,59,88,29,25,33,24,2102
33134,2,121,C,1,0,0,0,0,0,0,0,0,0,0,0,0,65,75,67,36,59,23,16,25,57,6,2102
33236,6,101,SS,1,0,0,0,0,0,0,0,0,0,0,0,0,4,5,5,56,71,50,89,73,78,73,2102
33319,8,55,CF,1,0,0,0,0,0,0,0,0,0,0,0,0,2,2,1,72,77,68,38,25,31,3,2102
33349,6,93,SS,1,0,0,0,0,0,0,0,0,0,0,0,0,4,3,3,77,81,83,100,101,96,100,2102
33357,4,93,2B,1,0,0,0,0,0,0,0,0,0,0,0,0,3,2,1,17,85,59,73,101,74,80,2102
33382,6,24,SS,1,0,0,0,0,0,0,0,0,0,0,0,0,1,2,1,68,96,41,78,66,82,66,2102
33421,5,118,3B,1,0,0,0,0,0,0,0,0,0,0,0,0,1,1,2,32,94,39,70,80,84,57,2102
33539,4,84,2B,1,0,0,0,0,0,0,0,0,0,0,0,0,4,1,3,60,59,57,86,87,80,74,2102
33703,4,152,2B,1,0,0,0,0,0,0,0,0,0,0,0,0,3,2,4,40,10,43,55,67,39,59,2102
33722,9,47,RF,54,32,34,0,22,0,0,0,0,0,0,0,0,2,1,1,63,47,53,26,16,35,7,2102
33802,7,63,LF,1,0,0,0,0,0,0,0,0,0,0,0,0,2,2,3,70,54,43,41,23,11,29,2102
33877,5,29,3B,1,0,0,0,0,0,0,0,0,0,0,0,0,2,2,3,46,86,55,52,38,88,36,2102
33977,2,130,C,1,0,0,0,0,0,0,0,0,0,0,0,0,76,88,70,16,40,20,17,8,36,7,2102
34014,4,65,2B,1,0,0,0,0,0,0,0,0,0,0,0,0,5,5,4,39,50,56,80,76,67,62,2102
34211,6,136,SS,1,0,0,0,0,0,0,0,0,0,0,0,0,3,1,3,8,51,44,101,75,66,75,2102
34435,4,86,2B,1,0,0,0,0,0,0,0,0,0,0,0,0,4,1,5,56,52,39,78,64,76,83,2102
34466,6,149,SS,1,0,0,0,0,0,0,0,0,0,0,0,0,1,2,5,61,70,22,91,47,105,76,2102
34482,2,131,C,1,0,0,0,0,0,0,0,0,0,0,0,0,73,72,74,1,50,38,12,8,44,5,2102
34623,4,133,2B,1,0,0,0,0,0,0,0,0,0,0,0,0,3,1,1,9,23,42,77,83,58,78,2102
34682,5,132,3B,1,0,0,0,0,0,0,0,0,0,0,0,0,4,3,4,47,75,39,74,71,88,62,2102
34690,9,94,RF,1,0,0,0,0,0,0,0,0,0,0,0,0,4,2,1,70,65,64,16,16,43,9,2102
34708,2,41,C,1,0,0,0,0,0,0,0,0,0,0,0,0,62,73,85,8,67,9,11,19,57,4,2102
34752,8,42,CF,1,0,0,0,0,0,0,0,0,0,0,0,0,2,2,4,70,48,57,7,9,18,1,2102
34809,7,29,LF,1,0,0,0,0,0,0,0,0,0,0,0,0,5,2,4,70,56,61,24,22,31,4,2102
34819,9,91,RF,1,0,0,0,0,0,0,0,0,0,0,0,0,1,1,3,72,57,43,9,6,15,6,2102
34881,9,127,RF,1,0,0,0,0,0,0,0,0,0,0,0,0,3,1,4,74,64,87,22,20,32,7,2102
34928,8,152,CF,1,0,0,0,0,0,0,0,0,0,0,0,0,5,2,2,90,90,64,66,48,73,63,2102
34982,6,49,SS,1,0,0,0,0,0,0,0,0,0,0,0,0,3,4,2,45,68,48,91,68,75,54,2102
35315,2,123,C,1,0,0,0,0,0,0,0,0,0,0,0,0,81,80,48,8,26,26,9,25,26,6,2102
35578,2,45,C,1,0,0,0,0,0,0,0,0,0,0,0,0,82,100,46,8,31,46,57,14,23,9,2102
35584,6,40,SS,1,0,0,0,0,0,0,0,0,0,0,0,0,2,5,1,63,59,37,92,62,62,71,2102
35727,4,141,2B,1,0,0,0,0,0,0,0,0,0,0,0,0,1,4,2,53,51,45,74,64,72,65,2102
35822,9,80,RF,1,0,0,0,0,0,0,0,0,0,0,0,0,4,4,4,50,56,71,23,20,42,10,2102
35828,8,137,CF,1,0,0,0,0,0,0,0,0,0,0,0,0,1,3,1,81,54,87,25,16,32,12,2102
35852,6,80,SS,1,0,0,0,0,0,0,0,0,0,0,0,0,4,1,2,44,50,59,80,65,61,58,2102
35904,4,111,2B,1,0,0,0,0,0,0,0,0,0,0,0,0,4,1,5,41,57,40,79,69,76,74,2102
35907,4,84,2B,1,0,0,0,0,0,0,0,0,0,0,0,0,5,1,1,39,72,48,80,83,80,86,2102
36207,2,68,C,1,0,0,0,0,0,0,0,0,0,0,0,0,57,63,52,10,36,8,14,24,37,5,2102
36431,2,59,C,1,0,0,0,0,0,0,0,0,0,0,0,0,74,78,74,8,57,14,17,29,55,10,2102
36525,9,100,RF,1,0,0,0,0,0,0,0,0,0,0,0,0,1,2,5,69,101,81,22,22,65,3,2102
36543,5,104,3B,1,0,0,0,0,0,0,0,0,0,0,0,0,1,5,1,46,54,36,73,57,75,48,2102
36566,8,71,CF,1,0,0,0,0,0,0,0,0,0,0,0,0,4,4,4,67,64,94,17,15,33,3,2102
36579,9,72,RF,1,0,0,0,0,0,0,0,0,0,0,0,0,2,1,2,64,64,37,11,10,24,3,2102
36735,4,44,2B,1,0,0,0,0,0,0,0,0,0,0,0,0,1,1,5,52,64,50,79,69,85,73,2102
36796,4,64,2B,1,0,0,0,0,0,0,0,0,0,0,0,0,2,1,4,20,34,40,82,65,50,52,2102
36824,4,35,2B,1,0,0,0,0,0,0,0,0,0,0,0,0,4,3,2,21,85,42,51,49,88,31,2102
36879,8,124,CF,1,0,0,0,0,0,0,0,0,0,0,0,0,4,2,4,89,56,101,39,21,27,35,2102
37068,4,98,2B,1,0,0,0,0,0,0,0,0,0,0,0,0,4,5,3,39,71,45,68,78,81,59,2102
37135,7,135,LF,1,0,0,0,0,0,0,0,0,0,0,0,0,5,2,1,71,67,81,29,17,25,22,2102
37140,2,115,C,1,0,0,0,0,0,0,0,0,0,0,0,0,74,87,52,20,31,11,11,25,22,5,2102
37147,7,69,LF,1,0,0,0,0,0,0,0,0,0,0,0,0,1,3,1,76,65,41,36,18,37,23,2102
37342,6,33,SS,1,0,0,0,0,0,0,0,0,0,0,0,0,4,2,2,24,88,57,77,74,94,72,2102
37534,9,33,RF,1,0,0,0,0,0,0,0,0,0,0,0,0,1,1,3,71,76,62,38,25,47,3,2102
37744,2,87,C,1,0,0,0,0,0,0,0,0,0,0,0,0,75,98,45,37,27,60,12,35,19,19,2102
37749,4,114,2B,1,0,0,0,0,0,0,0,0,0,0,0,0,1,4,5,44,42,37,78,100,40,45,2102
37811,9,97,RF,1,0,0,0,0,0,0,0,0,0,0,0,0,1,1,1,86,73,68,43,42,12,47,2102
38167,4,146,2B,1,0,0,0,0,0,0,0,0,0,0,0,0,2,1,1,25,71,15,79,60,49,61,2102
38170,9,134,RF,1,0,0,0,0,0,0,0,0,0,0,0,0,5,3,3,64,85,53,30,19,52,24,2102
38529,2,68,C,1,0,0,0,0,0,0,0,0,0,0,0,0,71,75,44,19,27,30,10,10,23,8,2102
38538,2,95,C,1,0,0,0,0,0,0,0,0,0,0,0,0,64,70,70,9,32,27,26,26,30,9,2102
38610,9,97,RF,1,0,0,0,0,0,0,0,0,0,0,0,0,2,4,1,64,66,64,6,6,18,2,2102
38828,2,70,C,1,0,0,0,0,0,0,0,0,0,0,0,0,74,84,82,8,56,7,15,16,62,8,2102
38869,5,63,3B,1,0,0,0,0,0,0,0,0,0,0,0,0,2,1,4,49,51,42,78,68,54,51,2102
38876,5,25,3B,1,0,0,0,0,0,0,0,0,0,0,0,0,2,1,1,24,78,57,70,79,85,76,2102
38979,2,91,C,59,77,0,72,43,0,27,0,0,0,0,0,0,63,64,58,12,41,33,19,16,45,9,2102
39058,7,48,LF,1,0,0,0,0,0,0,0,0,0,0,0,0,5,2,4,68,57,63,20,18,43,9,2102
39100,6,109,SS,1,0,0,0,0,0,0,0,0,0,0,0,0,1,4,1,37,65,45,87,80,79,71,2102
39162,4,59,2B,1,0,0,0,0,0,0,0,0,0,0,0,0,1,1,2,34,82,29,63,77,73,58,2102
39192,8,100,CF,1,0,0,0,0,0,0,0,0,0,0,0,0,2,1,5,72,62,55,50,32,20,40,2102
39405,9,117,RF,1,0,0,0,0,0,0,0,0,0,0,0,0,2,1,4,69,54,56,40,29,8,28,2102
39416,9,20,RF,1,0,0,0,0,0,0,0,0,0,0,0,0,2,1,6,53,66,59,19,14,37,14,2102
39587,6,131,SS,1,0,0,0,0,0,0,0,0,0,0,0,0,4,3,4,7,66,67,98,94,72,100,2102
39596,6,111,SS,1,0,0,0,0,0,0,0,0,0,0,0,0,2,1,5,27,88,43,87,72,81,83,2102
39625,2,130,C,1,0,0,0,0,0,0,0,0,0,0,0,0,68,74,33,10,12,23,22,14,7,4,2102
39691,5,144,3B,1,0,0,0,0,0,0,0,0,0,0,0,0,3,4,1,41,74,7,66,41,95,30,2102
39776,2,36,C,1,0,0,0,0,0,0,0,0,0,0,0,0,65,65,68,20,43,7,7,15,49,7,2102
39787,4,73,2B,1,0,0,0,0,0,0,0,0,0,0,0,0,2,1,6,41,51,46,67,82,73,80,2102
39789,2,63,C,1,0,0,0,0,0,0,0,0,0,0,0,0,69,77,55,6,30,8,26,19,30,6,2102
39940,6,149,SS,1,0,0,0,0,0,0,0,0,0,0,0,0,5,1,4,21,73,52,93,86,83,88,2102
39957,2,113,C,1,0,0,0,0,0,0,0,0,0,0,0,0,80,87,42,7,24,8,26,21,17,7,2102
39974,6,151,SS,1,0,0,0,0,0,0,0,0,0,0,0,0,4,3,5,7,47,39,93,62,63,86,2102
39979,5,112,3B,1,0,0,0,0,0,0,0,0,0,0,0,0,12,3,7,44,46,39,69,66,70,53,2102
39984,5,80,3B,1,0,0,0,0,0,0,0,0,0,0,0,0,1,1,2,1,52,44,51,94,52,62,2102
40126,2,20,C,1,0,0,0,0,0,0,0,0,0,0,0,0,52,54,38,10,30,36,19,33,24,5,2102
40134,6,26,SS,1,0,0,0,0,0,0,0,0,0,0,0,0,2,4,1,28,13,32,59,51,29,48,2102
40138,2,91,C,1,0,0,0,0,0,0,0,0,0,0,0,0,88,85,69,53,43,4,10,24,39,6,2102
40180,6,151,SS,1,0,0,0,0,0,0,0,0,0,0,0,0,4,1,4,63,67,72,83,91,90,84,2102
40181,9,27,RF,1,0,0,0,0,0,0,0,0,0,0,0,0,3,3,1,62,97,56,14,7,53,3,2102
40212,9,20,RF,1,0,0,0,0,0,0,0,0,0,0,0,0,4,2,1,34,39,44,31,26,23,19,2102
40265,7,67,LF,1,0,0,0,0,0,0,0,0,0,0,0,0,2,1,5,57,78,55,32,35,27,5,2102
40306,4,83,2B,1,0,0,0,0,0,0,0,0,0,0,0,0,1,1,2,17,34,46,75,77,50,70,2102
40311,7,36,LF,1,0,0,0,0,0,0,0,0,0,0,0,0,4,1,1,59,62,39,68,75,74,75,2102
40325,9,131,RF,1,0,0,0,0,0,0,0,0,0,0,0,0,2,2,2,63,72,61,34,9,32,4,2102
40389,6,46,SS,1,0,0,0,0,0,0,0,0,0,0,0,0,1,1,4,11,81,44,77,79,94,90,2102
40410,8,120,CF,1,0,0,0,0,0,0,0,0,0,0,0,0,1,3,4,80,69,68,44,25,22,3,2102
40411,5,127,3B,1,0,0,0,0,0,0,0,0,0,0,0,0,5,1,5,31,93,74,79,100,98,88,2102
40419,6,125,SS,1,0,0,0,0,0,0,0,0,0,0,0,0,5,2,2,10,70,50,89,64,85,74,2102
40442,4,62,2B,1,0,0,0,0,0,0,0,0,0,0,0,0,1,1,3,8,65,42,72,71,79,84,2102
40465,7,112,LF,1,0,0,0,0,0,0,0,0,0,0,0,0,3,1,1,67,75,70,70,79,78,72,2102
40512,2,56,C,1,0,0,0,0,0,0,0,0,0,0,0,0,72,77,78,1,61,10,18,36,62,7,2102
40646,4,152,2B,1,0,0,0,0,0,0,0,0,0,0,0,0,1,3,2,16,46,39,73,54,54,58,2102
40686,5,46,3B,1,0,0,0,0,0,0,0,0,0,0,0,0,4,3,1,48,50,28,66,42,56,50,2102
40771,9,125,RF,1,0,0,0,0,0,0,0,0,0,0,0,0,1,2,4,67,63,48,42,20,28,5,2102
40871,5,20,3B,1,0,0,0,0,0,0,0,0,0,0,0,0,3,1,1,23,70,43,54,75,83,27,2102
40908,7,152,LF,1,0,0,0,0,0,0,0,0,0,0,0,0,1,2,1,66,68,66,36,18,41,18,2102
41117,4,101,2B,1,0,0,0,0,0,0,0,0,0,0,0,0,3,2,4,27,19,29,73,69,47,71,2102
41130,9,36,RF,1,0,0,0,0,0,0,0,0,0,0,0,0,5,4,4,79,65,67,51,35,29,6,2102
41225,7,53,LF,1,0,0,0,0,0,0,0,0,0,0,0,0,1,2,4,72,39,51,61,35,12,50,2102
41607,6,76,SS,1,0,0,0,0,0,0,0,0,0,0,0,0,4,2,1,8,57,43,88,43,68,54,2102
41629,4,63,2B,1,0,0,0,0,0,0,0,0,0,0,0,0,4,4,1,15,79,32,76,56,69,56,2102
42199,7,69,LF,57,78,35,0,49,0,0,0,0,0,0,0,0,4,3,4,59,52,54,10,18,35,7,2102
42226,8,113,CF,1,0,0,0,0,0,0,0,0,0,0,0,0,4,1,2,87,68,50,34,19,22,4,2102
42267,2,132,C,1,0,0,0,0,0,0,0,0,0,0,0,0,70,77,80,6,58,7,11,24,53,6,2102
42281,4,135,2B,1,0,0,0,0,0,0,0,0,0,0,0,0,1,3,1,35,66,29,76,74,75,71,2102
42377,6,117,SS,1,0,0,0,0,0,0,0,0,0,0,0,0,3,3,5,32,85,55,81,100,70,98,2102
42507,2,34,C,1,0,0,0,0,0,0,0,0,0,0,0,0,59,75,35,29,8,21,23,11,14,8,2102
42565,6,131,SS,1,0,0,0,0,0,0,0,0,0,0,0,0,3,2,5,57,65,64,81,86,85,86,2102
42688,5,44,3B,1,0,0,0,0,0,0,0,0,0,0,0,0,4,1,2,20,64,56,73,59,65,35,2102
42743,2,32,C,1,0,0,0,0,0,0,0,0,0,0,0,0,71,74,70,17,52,7,29,24,50,24,2102
42752,7,41,LF,1,0,0,0,0,0,0,0,0,0,0,0,0,2,1,3,65,59,43,30,18,33,20,2102
42767,2,31,C,1,0,0,0,0,0,0,0,0,0,0,0,0,65,80,72,7,54,20,13,15,61,7,2102
42853,2,80,C,1,0,0,0,0,0,0,0,0,0,0,0,0,82,79,37,10,21,26,8,30,16,6,2102
42856,7,93,LF,1,0,0,0,0,0,0,0,0,0,0,0,0,4,5,2,64,49,60,44,34,10,40,2102
42881,2,133,C,1,0,0,0,0,0,0,0,0,0,0,0,0,70,73,66,6,51,18,11,20,50,6,2102
42970,2,117,C,1,0,0,0,0,0,0,0,0,0,0,0,0,60,66,70,7,44,7,23,30,42,6,2102
43217,7,125,LF,1,0,0,0,0,0,0,0,0,0,0,0,0,1,3,2,80,92,76,34,25,25,4,2102
43263,4,63,2B,1,0,0,0,0,0,0,0,0,0,0,0,0,6,1,2,28,42,50,62,85,71,63,2102
43279,8,24,CF,1,0,0,0,0,0,0,0,0,0,0,0,0,3,1,4,77,70,101,50,38,42,46,2102
43332,2,44,C,1,0,0,0,0,0,0,0,0,0,0,0,0,62,65,51,4,44,44,9,32,40,11,2102
43385,8,140,CF,1,0,0,0,0,0,0,0,0,0,0,0,0,1,1,3,76,83,69,29,25,42,3,2102
43502,8,144,CF,1,0,0,0,0,0,0,0,0,0,0,0,0,3,4,1,81,55,61,46,38,12,36,2102
43700,9,127,RF,1,0,0,0,0,0,0,0,0,0,0,0,0,1,1,2,71,69,28,47,32,39,4,2102
43802,6,119,SS,1,0,0,0,0,0,0,0,0,0,0,0,0,5,1,5,6,85,64,73,96,84,82,2102
43909,2,34,C,1,0,0,0,0,0,0,0,0,0,0,0,0,74,74,50,12,29,41,17,9,27,6,2102
44046,6,115,SS,1,0,0,0,0,0,0,0,0,0,0,0,0,1,5,2,63,68,63,71,86,75,67,2102
44144,2,110,C,1,0,0,0,0,0,0,0,0,0,0,0,0,92,93,51,16,33,55,7,23,37,6,2102
44157,9,60,RF,1,0,0,0,0,0,0,0,0,0,0,0,0,4,1,3,60,62,72,15,13,34,3,2102
44175,2,22,C,1,0,0,0,0,0,0,0,0,0,0,0,0,67,77,42,33,22,7,18,19,23,14,2102
44301,9,50,RF,1,13,0,0,0,0,0,0,0,0,0,0,0,1,1,4,68,81,47,30,11,44,10,2102
44319,2,53,C,1,0,0,0,0,0,0,0,0,0,0,0,0,58,60,84,6,64,6,53,19,59,6,2102
44414,7,83,LF,1,10,0,0,0,0,0,0,0,0,0,0,0,1,1,2,52,51,63,39,27,22,4,2102
44459,9,126,RF,1,7,0,0,0,0,0,0,0,0,0,0,0,1,1,4,60,85,57,20,23,37,5,2102
44473,8,78,CF,1,6,0,0,0,0,0,0,0,0,0,0,0,5,4,6,80,88,72,32,11,47,21,2102
44539,7,67,LF,1,10,0,0,0,0,0,0,0,0,0,0,0,1,1,5,77,54,67,38,24,31,17,2102
44710,9,70,RF,1,0,0,0,0,0,0,0,0,0,0,0,0,5,1,1,65,86,53,18,21,54,12,2102
44889,6,71,SS,1,11,0,0,0,0,0,0,0,0,0,0,0,2,1,1,16,47,62,98,64,63,65,2102
45113,9,104,RF,59,87,84,99,0,0,51,0,0,0,0,0,0,2,1,4,57,53,51,22,29,52,4,2102
45622,2,69,C,1,6,0,0,0,0,0,0,0,0,0,0,0,70,64,41,2,34,43,6,11,21,18,2102
45676,2,42,C,1,9,0,0,0,0,0,0,0,0,0,0,0,81,82,44,10,25,9,2,5,18,6,2102
45772,2,50,C,1,0,0,0,0,0,0,0,0,0,0,0,0,62,59,58,15,45,6,13,24,45,6,2102
45901,8,150,CF,1,0,0,0,0,0,0,0,0,0,0,0,0,1,1,1,74,36,70,19,33,25,4,2102
45957,5,130,3B,1,0,0,0,0,0,0,0,0,0,0,0,0,7,12,9,28,56,32,64,49,75,42,2102
46065,4,78,2B,1,0,0,0,0,0,0,0,0,0,0,0,0,1,4,5,29,18,30,70,73,48,74,2102
46113,9,22,RF,1,6,0,0,0,0,0,0,0,0,0,0,0,3,1,1,73,74,64,43,32,31,32,2102
46430,5,61,3B,1,7,0,0,0,0,0,0,0,0,0,0,0,2,1,4,67,77,63,66,84,89,72,2102
47001,2,30,C,1,4,0,0,0,0,0,0,0,0,0,0,0,64,63,90,9,79,8,11,31,82,2,2102
47056,2,51,C,1,0,0,0,0,0,0,0,0,0,0,0,0,76,91,85,7,49,31,19,11,52,41,2102
47286,8,139,CF,1,0,0,0,0,0,0,0,0,0,0,0,0,1,1,1,75,65,63,29,11,33,4,2102
47558,9,147,RF,1,0,0,0,0,0,0,0,0,0,0,0,0,1,1,3,58,73,69,14,25,25,4,2102
47609,4,144,2B,1,0,0,0,0,0,0,0,0,0,0,0,0,1,1,2,30,8,34,74,79,47,76,2102
47759,6,101,SS,1,0,0,0,0,0,0,0,0,0,0,0,0,1,5,3,17,64,66,78,77,77,75,2102
47791,7,110,LF,1,0,0,0,0,0,0,0,0,0,0,0,0,5,1,1,69,38,78,39,36,9,42,2102
47844,8,93,CF,1,0,0,0,0,0,0,0,0,0,0,0,0,2,1,5,70,63,47,29,16,17,4,2102
48170,5,36,3B,1,0,0,0,0,0,0,0,0,0,0,0,0,1,2,2,16,46,27,76,68,64,54,2102
48270,5,64,3B,1,11,0,0,0,0,0,0,0,0,0,0,0,2,1,2,69,60,47,55,45,64,48,2102
48281,9,129,RF,1,11,0,0,0,0,0,0,0,0,0,0,0,2,1,4,60,92,61,9,17,62,14,2102
48552,2,101,C,1,7,0,0,0,0,0,0,0,0,0,0,0,86,85,32,8,27,29,14,20,26,7,2102
48681,4,145,2B,1,0,0,0,0,0,0,0,0,0,0,0,0,3,1,1,38,56,53,80,81,81,74,2102
48846,6,35,SS,1,0,0,0,0,0,0,0,0,0,0,0,0,4,1,5,62,63,52,87,82,83,84,2102
48965,5,136,3B,1,0,0,0,0,0,0,0,0,0,0,0,0,4,1,5,19,81,62,60,61,74,65,2102
49060,9,24,RF,1,0,0,0,0,0,0,0,0,0,0,0,0,3,2,2,73,50,51,58,50,29,4,2102
49397,4,43,2B,1,0,0,0,0,0,0,0,0,0,0,0,0,7,14,16,11,29,26,60,54,47,63,2102
49432,7,79,LF,1,0,0,0,0,0,0,0,0,0,0,0,0,4,3,5,73,57,69,17,18,33,4,2102
49822,8,45,CF,1,6,0,0,0,0,0,0,0,0,0,0,0,1,1,4,80,38,75,40,36,6,38,2102
50274,5,137,3B,1,3,0,0,0,0,0,0,0,0,0,0,0,1,1,5,23,64,55,56,61,60,42,2102
50506,5,89,3B,1,0,0,0,0,0,0,0,0,0,0,0,0,1,1,1,29,66,46,72,64,75,75,2102
50867,2,122,C,1,0,0,0,0,0,0,0,0,0,0,0,0,94,96,93,8,69,3,16,17,69,8,2102
53393,9,65,RF,1,0,0,0,0,0,0,0,0,0,0,0,0,2,4,1,74,62,78,44,29,12,42,2102
63350,6,41,SS,1,0,0,0,0,0,0,0,0,0,0,0,0,1,1,2,63,73,54,83,72,86,76,2102
63651,8,150,CF,1,0,0,0,0,0,0,0,0,0,0,0,0,2,2,1,82,79,73,42,31,25,33,2102
63791,2,109,C,1,0,0,0,0,0,0,0,0,0,0,0,0,77,81,77,7,51,7,10,7,50,1,2102
63884,2,44,C,30,15,0,0,1,12,0,0,0,0,0,0,0,76,72,32,9,26,17,9,16,26,6,2102
64705,7,90,LF,1,0,0,0,0,0,0,0,0,0,0,0,0,2,1,1,84,51,77,49,41,6,37,2102
66138,2,52,C,1,13,0,0,0,0,0,0,0,0,0,0,0,66,63,21,16,21,23,10,23,27,7,2102
70721,7,114,LF,1,0,0,0,0,0,0,0,0,0,0,0,0,2,4,5,77,69,50,39,25,34,4,2102
70722,5,42,3B,1,0,0,0,0,0,0,0,0,0,0,0,0,2,2,3,43,67,37,75,56,76,61,2102
70729,7,44,LF,1,0,0,0,0,0,0,0,0,0,0,0,0,1,1,5,79,71,71,61,40,40,4,2102
70752,9,37,RF,1,0,0,0,0,0,0,0,0,0,0,0,0,2,1,1,67,47,45,49,26,15,31,2102
70796,6,132,SS,1,0,0,0,0,0,0,0,0,0,0,0,0,2,1,1,73,70,59,97,81,88,71,2102
70871,9,34,RF,1,0,0,0,0,0,0,0,0,0,0,0,0,2,2,1,48,84,37,50,41,55,4,2102
70906,8,110,CF,1,0,0,0,0,0,0,0,0,0,0,0,0,1,1,5,73,46,46,53,34,12,34,2102
71006,4,31,2B,1,0,0,0,0,0,0,0,0,0,0,0,0,1,1,1,44,57,42,81,60,64,60,2102
71007,7,63,LF,1,0,0,0,0,0,0,0,0,0,0,0,0,2,3,4,64,52,48,39,21,22,3,2102
71008,8,27,CF,1,0,0,0,0,0,0,0,0,0,0,0,0,2,2,1,75,71,49,48,24,37,30,2102
71073,5,120,3B,1,0,0,0,0,0,0,0,0,0,0,0,0,4,2,2,35,61,32,70,62,66,58,2102
71177,6,147,SS,1,0,0,0,0,0,0,0,0,0,0,0,0,1,4,4,59,64,49,64,72,73,71,2102
71194,8,126,CF,1,0,0,0,0,0,0,0,0,0,0,0,0,9,11,10,63,47,61,18,17,18,12,2102
71328,4,35,2B,1,0,0,0,0,0,0,0,0,0,0,0,0,9,12,15,37,46,38,74,52,44,64,2102
71390,4,49,2B,1,0,0,0,0,0,0,0,0,0,0,0,0,1,2,1,30,63,37,71,62,71,66,2102
71396,5,64,3B,1,0,0,0,0,0,0,0,0,0,0,0,0,4,4,1,36,69,36,70,51,71,59,2102
71447,5,22,3B,1,0,0,0,0,0,0,0,0,0,0,0,0,4,1,4,60,65,46,75,79,74,65,2102
71456,2,113,C,1,0,0,0,0,0,0,0,0,0,0,0,0,68,65,54,17,33,24,25,34,27,6,2102
71461,2,109,C,1,0,0,0,0,0,0,0,0,0,0,0,0,60,59,45,10,30,8,23,37,31,11,2102
71463,6,141,SS,1,0,0,0,0,0,0,0,0,0,0,0,0,4,4,1,73,49,51,95,70,66,69,2102
71495,4,74,2B,1,0,0,0,0,0,0,0,0,0,0,0,0,1,2,2,52,48,29,73,52,69,67,2102
71571,9,105,RF,1,0,0,0,0,0,0,0,0,0,0,0,0,4,3,4,65,59,49,11,12,32,3,2102
71588,4,131,2B,1,0,0,0,0,0,0,0,0,0,0,0,0,4,2,3,28,20,56,66,77,43,45,2102
71602,4,141,2B,1,0,0,0,0,0,0,0,0,0,0,0,0,2,4,2,52,62,58,78,55,65,57,2102
71629,2,54,C,1,0,0,0,0,0,0,0,0,0,0,0,0,83,82,79,1,59,12,20,13,61,24,2102
71654,6,154,SS,1,0,0,0,0,0,0,0,0,0,0,0,0,4,5,5,57,64,51,82,76,82,86,2102
71682,6,137,SS,1,0,0,0,0,0,0,0,0,0,0,0,0,1,1,1,10,66,57,85,94,80,86,2102
71686,5,26,3B,1,0,0,0,0,0,0,0,0,0,0,0,0,2,2,4,26,60,35,62,46,69,26,2102
71759,9,34,RF,1,0,0,0,0,0,0,0,0,0,0,0,0,2,2,3,58,60,53,25,17,49,8,2102
71790,4,114,2B,1,0,0,0,0,0,0,0,0,0,0,0,0,4,4,2,45,50,38,70,50,51,52,2102
71893,4,102,2B,1,0,0,0,0,0,0,0,0,0,0,0,0,4,4,2,18,71,50,59,77,70,59,2102
71917,9,50,RF,1,0,0,0,0,0,0,0,0,0,0,0,0,1,4,1,50,72,29,27,21,41,3,2102
71997,6,44,SS,1,0,0,0,0,0,0,0,0,0,0,0,0,1,2,5,53,88,56,86,84,90,77,2102
72056,9,152,RF,1,0,0,0,0,0,0,0,0,0,0,0,0,1,4,2,65,57,58,79,43,56,65,2102
72068,4,96,2B,1,0,0,0,0,0,0,0,0,0,0,0,0,2,1,2,53,41,40,85,55,49,67,2102
72077,2,133,C,1,0,0,0,0,0,0,0,0,0,0,0,0,60,73,40,27,30,16,29,22,26,5,2102
72082,4,48,2B,1,0,0,0,0,0,0,0,0,0,0,0,0,4,1,1,45,69,31,81,67,71,45,2102
72273,8,76,CF,1,0,0,0,0,0,0,0,0,0,0,0,0,4,1,1,77,69,59,20,15,23,10,2102
72367,4,38,2B,1,0,0,0,0,0,0,0,0,0,0,0,0,3,2,1,59,34,55,63,39,8,44,2102
72394,4,50,2B,1,0,0,0,0,0,0,0,0,0,0,0,0,2,2,1,23,77,50,59,76,71,46,2102
72404,4,77,2B,1,0,0,0,0,0,0,0,0,0,0,0,0,1,5,2,63,55,50,82,69,71,70,2102
72409,9,147,RF,1,0,0,0,0,0,0,0,0,0,0,0,0,3,5,3,62,63,40,30,23,44,3,2102
72425,2,133,C,1,0,0,0,0,0,0,0,0,0,0,0,0,82,82,60,39,32,50,17,26,34,8,2102
72438,5,122,3B,1,0,0,0,0,0,0,0,0,0,0,0,0,2,1,4,28,56,50,49,71,76,31,2102
72442,9,41,RF,1,0,0,0,0,0,0,0,0,0,0,0,0,4,2,5,59,62,31,12,7,26,3,2102
72447,7,140,LF,1,0,0,0,0,0,0,0,0,0,0,0,0,1,1,3,66,53,56,51,32,34,35,2102
72459,2,72,C,1,0,0,0,0,0,0,0,0,0,0,0,0,65,68,60,17,52,25,17,32,46,2,2102
72468,4,89,2B,1,0,0,0,0,0,0,0,0,0,0,0,0,5,1,5,47,74,44,84,74,79,73,2102
72481,9,51,RF,1,0,0,0,0,0,0,0,0,0,0,0,0,2,3,1,63,66,37,40,25,47,4,2102
72513,4,111,2B,1,0,0,0,0,0,0,0,0,0,0,0,0,4,1,4,30,29,37,68,69,51,75,2102
72515,4,26,2B,1,0,0,0,0,0,0,0,0,0,0,0,0,1,2,4,63,82,58,72,64,84,61,2102
72522,9,61,RF,1,0,0,0,0,0,0,0,0,0,0,0,0,5,2,1,62,69,62,38,21,30,3,2102
72551,9,107,RF,1,0,0,0,0,0,0,0,0,0,0,0,0,4,2,2,70,51,53,38,28,23,3,2102
72614,4,42,2B,1,0,0,0,0,0,0,0,0,0,0,0,0,5,4,1,79,61,43,62,39,38,39,2102
72619,8,86,CF,1,0,0,0,0,0,0,0,0,0,0,0,0,5,5,2,83,78,63,44,28,40,29,2102
72624,8,78,CF,1,0,0,0,0,0,0,0,0,0,0,0,0,4,1,4,79,61,49,32,20,26,4,2102
72638,9,32,RF,1,0,0,0,0,0,0,0,0,0,0,0,0,2,3,1,56,60,45,19,17,43,3,2102
72651,2,47,C,1,0,0,0,0,0,0,0,0,0,0,0,0,57,59,60,17,34,3,28,48,37,6,2102
72667,2,67,C,1,0,0,0,0,0,0,0,0,0,0,0,0,71,71,79,18,55,2,12,8,51,4,2102
72920,5,77,3B,1,0,0,0,0,0,0,0,0,0,0,0,0,1,4,1,56,69,46,77,53,75,52,2102
72995,4,63,2B,79,22,0,0,0,0,20,25,0,0,0,0,0,4,2,3,50,33,32,73,48,51,63,2102
73112,4,102,2B,1,0,0,0,0,0,0,0,0,0,0,0,0,4,5,3,78,18,53,73,72,39,67,2102
73293,7,75,LF,1,0,0,0,0,0,0,0,0,0,0,0,0,1,2,1,55,57,60,53,37,28,40,2102
73629,6,20,SS,1,0,0,0,0,0,0,0,0,0,0,0,0,1,2,1,72,73,51,76,71,80,80,2102
73633,2,29,C,1,0,0,0,0,0,0,0,0,0,0,0,0,76,75,56,16,39,50,29,30,38,5,2102
73655,4,77,2B,1,0,0,0,0,0,0,0,0,0,0,0,0,1,1,4,42,21,55,53,63,43,62,2102
73667,7,20,LF,1,0,0,0,0,0,0,0,0,0,0,0,0,3,3,2,49,77,53,75,63,78,64,2102
73680,6,83,SS,1,0,0,0,0,0,0,0,0,0,0,0,0,1,2,4,25,66,40,96,76,66,67,2102
73693,5,24,3B,1,0,0,0,0,0,0,0,0,0,0,0,0,6,9,11,39,59,43,46,34,68,46,2102
73706,8,63,CF,1,0,0,0,0,0,0,0,0,0,0,0,0,3,2,2,81,58,68,53,31,22,34,2102
73709,8,152,CF,1,0,0,0,0,0,0,0,0,0,0,0,0,1,1,3,66,77,38,55,38,53,3,2102
73792,7,94,LF,1,0,0,0,0,0,0,0,0,0,0,0,0,1,4,2,61,51,70,25,20,15,13,2102
73866,6,134,SS,1,0,0,0,0,0,0,0,0,0,0,0,0,3,5,4,40,50,35,78,89,66,64,2102
73883,9,28,RF,1,0,0,0,0,0,0,0,0,0,0,0,0,4,2,1,62,89,61,16,8,64,3,2102
73956,7,21,LF,1,0,0,0,0,0,0,0,0,0,0,0,0,1,4,1,67,32,57,42,12,46,16,2102
74046,5,90,3B,1,0,0,0,0,0,0,0,0,0,0,0,0,3,1,2,29,44,32,55,53,68,44,2102
74056,5,91,3B,1,0,0,0,0,0,0,0,0,0,0,0,0,9,6,13,37,56,32,69,62,77,55,2102
74084,5,33,3B,1,0,0,0,0,0,0,0,0,0,0,0,0,4,2,1,36,50,38,52,59,78,35,2102
74110,9,44,RF,1,0,0,0,0,0,0,0,0,0,0,0,0,12,7,14,60,53,38,26,13,57,17,2102
74185,7,25,LF,1,0,0,0,0,0,0,0,0,0,0,0,0,1,1,2,66,43,56,8,7,19,1,2102
74200,7,55,LF,1,0,0,0,0,0,0,0,0,0,0,0,0,2,2,4,67,35,54,24,20,28,9,2102
74274,7,104,LF,1,0,0,0,0,0,0,0,0,0,0,0,0,1,4,5,60,46,48,37,30,32,28,2102
74302,7,141,LF,1,0,0,0,0,0,0,0,0,0,0,0,0,1,5,4,77,39,55,58,45,14,39,2102
74315,9,32,RF,1,0,0,0,0,0,0,0,0,0,0,0,0,1,3,2,55,73,42,44,42,85,46,2102
74316,7,119,LF,1,0,0,0,0,0,0,0,0,0,0,0,0,1,3,4,58,70,63,11,11,36,6,2102
74429,8,91,CF,1,0,0,0,0,0,0,0,0,0,0,0,0,4,2,1,58,32,39,30,31,9,10,2102
74448,2,85,C,1,0,0,0,0,0,0,0,0,0,0,0,0,64,58,70,56,50,52,21,14,49,8,2102
74527,5,57,3B,1,0,0,0,0,0,0,0,0,0,0,0,0,4,2,2,46,59,30,70,53,70,52,2102
74663,5,115,3B,1,0,0,0,0,0,0,0,0,0,0,0,0,4,1,4,61,67,43,64,57,70,46,2102
74667,7,79,LF,1,0,0,0,0,0,0,0,0,0,0,0,0,1,1,4,60,50,27,8,1,20,1,2102
75196,6,47,SS,1,0,0,0,0,0,0,0,0,0,0,0,0,11,9,10,32,45,29,63,51,65,48,2102
75405,7,96,LF,1,0,0,0,0,0,0,0,0,0,0,0,0,4,2,4,67,43,47,42,31,18,3,2102
75519,2,93,C,1,0,0,0,0,0,0,0,0,0,0,0,0,66,67,73,57,65,53,26,8,61,50,2102
75529,7,30,LF,1,0,0,0,0,0,0,0,0,0,0,0,0,2,2,2,62,55,34,31,24,48,18,2102
75544,9,118,RF,1,0,0,0,0,0,0,0,0,0,0,0,0,13,6,6,68,73,66,39,34,50,29,2102
75563,7,65,LF,1,0,0,0,0,0,0,0,0,0,0,0,0,5,7,11,66,42,51,22,20,30,14,2102
76112,4,38,2B,1,0,0,0,0,0,0,0,0,0,0,0,0,1,2,1,17,27,32,65,64,54,65,2102
76146,9,102,RF,1,0,0,0,0,0,0,0,0,0,0,0,0,3,2,5,57,63,67,28,22,55,21,2102
76169,2,39,C,1,0,0,0,0,0,0,0,0,0,0,0,0,61,56,71,29,57,33,34,16,60,7,2102
76846,7,32,LF,1,0,0,0,0,0,0,0,0,0,0,0,0,2,2,3,55,42,45,50,41,15,38,2102
76953,6,35,SS,1,0,0,0,0,0,0,0,0,0,0,0,0,8,6,14,30,61,22,62,73,60,58,2102
77115,2,26,C,1,0,0,0,0,0,0,0,0,0,0,0,0,63,60,63,53,52,41,22,20,60,2,2102
77446,4,38,2B,1,0,0,0,0,0,0,0,0,0,0,0,0,1,5,4,37,60,46,54,53,70,30,2102
77492,8,95,CF,1,0,0,0,0,0,0,0,0,0,0,0,0,11,11,11,75,37,59,15,15,18,3,2102
77524,7,45,LF,1,0,0,0,0,0,0,0,0,0,0,0,0,6,11,15,67,43,52,40,38,43,3,2102
78273,7,49,LF,1,0,0,0,0,0,0,0,0,0,0,0,0,2,4,1,42,53,41,63,42,65,42,2102
78286,8,35,CF,1,0,0,0,0,0,0,0,0,0,0,0,0,1,2,4,43,24,55,5,7,15,1,2102
78676,4,118,2B,1,0,0,0,0,0,0,0,0,0,0,0,0,1,1,2,55,61,51,82,65,66,70,2102
78706,8,20,CF,1,0,0,0,0,0,0,0,0,0,0,0,0,1,3,1,64,42,51,6,6,15,1,2102
78738,9,153,RF,1,0,0,0,0,0,0,0,0,0,0,0,0,12,16,13,69,55,51,17,16,31,10,2102
78869,7,83,LF,1,0,0,0,0,0,0,0,0,0,0,0,0,5,4,1,44,48,64,22,23,42,17,2102
78890,7,25,LF,1,0,0,0,0,0,0,0,0,0,0,0,0,3,4,1,56,55,68,33,29,44,3,2102
79020,8,70,CF,1,0,0,0,0,0,0,0,0,0,0,0,0,16,9,12,79,49,70,27,25,25,18,2102
79068,6,78,SS,1,0,0,0,0,0,0,0,0,0,0,0,0,2,2,2,40,52,38,56,55,73,74,2102
79070,7,62,LF,1,0,0,0,0,0,0,0,0,0,0,0,0,16,9,12,69,54,65,31,27,35,30,2102
79125,5,142,3B,1,0,0,0,0,0,0,0,0,0,0,0,0,11,12,15,51,74,42,37,68,98,29,2102
79556,8,91,CF,1,0,0,0,0,0,0,0,0,0,0,0,0,5,1,1,83,75,65,73,65,54,60,2102
79559,8,34,CF,1,0,0,0,0,0,0,0,0,0,0,0,0,3,4,5,71,34,52,28,26,21,17,2102
79645,9,70,RF,1,0,0,0,0,0,0,0,0,0,0,0,0,3,1,1,69,48,71,15,12,28,9,2102
79684,5,118,3B,1,0,0,0,0,0,0,0,0,0,0,0,0,2,2,4,42,41,51,65,54,44,76,2102
79704,8,99,CF,1,0,0,0,0,0,0,0,0,0,0,0,0,1,4,1,82,72,49,36,33,37,25,2102
79783,7,61,LF,1,0,0,0,0,0,0,0,0,0,0,0,0,14,15,11,68,29,42,12,11,16,2,2102
83453,2,56,C,1,0,0,0,0,0,0,0,0,0,0,0,0,74,83,52,34,51,42,18,22,51,5,2102
51,4,71,2B,1,0,0,0,0,0,0,0,0,0,0,0,0,2,2,4,63,50,50,86,78,79,66,2103
81,2,130,C,1,0,0,0,0,0,0,0,0,0,0,0,0,76,76,81,9,51,6,14,15,52,6,2103
361,2,57,C,1,0,0,0,0,0,0,0,0,0,0,0,0,69,67,48,19,21,5,15,33,22,4,2103
563,5,40,3B,1,0,0,0,0,0,0,0,0,0,0,0,0,1,4,1,38,31,50,53,58,47,52,2103
834,5,82,3B,1,0,0,0,0,0,0,0,0,0,0,0,0,2,4,3,66,51,36,78,56,70,62,2103
1078,8,87,CF,1,0,0,0,0,0,0,0,0,0,0,0,0,4,1,2,84,57,63,41,22,35,26,2103
1320,6,25,SS,1,0,0,0,0,0,0,0,0,0,0,0,0,4,1,4,54,72,46,82,86,92,71,2103
1356,5,74,3B,1,0,0,0,0,0,0,0,0,0,0,0,0,1,1,4,26,68,25,75,70,88,71,2103
1442,8,71,CF,1,0,0,0,0,0,0,0,0,0,0,0,0,4,4,2,61,52,33,21,12,43,16,2103
1486,7,79,LF,1,0,0,0,0,0,0,0,0,0,0,0,0,2,2,2,59,65,52,29,10,33,13,2103
1515,5,118,3B,1,0,0,0,0,0,0,0,0,0,0,0,0,1,1,3,38,57,35,57,51,78,34,2103
1690,7,21,LF,1,0,0,0,0,0,0,0,0,0,0,0,0,2,3,3,56,49,38,42,22,15,24,2103
2147,8,53,CF,1,0,0,0,0,0,0,0,0,0,0,0,0,5,2,5,83,54,53,31,13,40,23,2103
2195,7,30,LF,1,0,0,0,0,0,0,0,0,0,0,0,0,1,4,3,66,61,48,49,28,38,4,2103
2309,8,20,CF,1,0,0,0,0,0,0,0,0,0,0,0,0,2,4,2,75,69,39,48,28,44,3,2103
19464,7,84,LF,1,0,0,0,0,0,0,0,0,0,0,0,0,1,4,2,57,58,23,36,22,24,24,2103
19812,9,64,RF,1,0,0,0,0,0,0,0,0,0,0,0,0,2,2,1,69,76,38,49,29,57,30,2103
19849,9,43,RF,1,0,0,0,0,0,0,0,0,0,0,0,0,2,4,5,59,69,49,34,23,47,20,2103
20148,8,106,CF,1,0,0,0,0,0,0,0,0,0,0,0,0,2,4,1,72,81,48,43,20,57,24,2103
20371,2,133,C,1,0,0,0,0,0,0,0,0,0,0,0,0,87,87,60,21,39,40,20,28,40,16,2103
20507,5,124,3B,1,0,0,0,0,0,0,0,0,0,0,0,0,5,3,4,37,24,41,62,60,45,44,2103
20522,5,137,3B,1,0,0,0,0,0,0,0,0,0,0,0,0,2,1,1,40,61,30,51,38,79,29,2103
20748,8,121,CF,1,0,0,0,0,0,0,0,0,0,0,0,0,4,4,1,92,71,72,45,25,27,25,2103
21166,2,21,C,1,0,0,0,0,0,0,0,0,0,0,0,0,68,72,47,32,32,34,14,28,22,11,2103
21186,5,20,3B,1,0,0,0,0,0,0,0,0,0,0,0,0,1,1,1,33,63,42,55,61,75,35,2103
21604,2,89,C,1,0,0,0,0,0,0,0,0,0,0,0,0,82,82,46,9,25,9,18,2,32,4,2103
22022,4,59,2B,1,0,0,0,0,0,0,0,0,0,0,0,0,1,6,2,80,61,62,100,81,66,93,2103
22157,6,64,SS,1,0,0,0,0,0,0,0,0,0,0,0,0,1,5,5,29,73,64,85,79,82,73,2103
22229,9,43,RF,1,0,0,0,0,0,0,0,0,0,0,0,0,1,1,5,78,66,61,50,31,32,4,2103
22233,4,59,2B,1,0,0,0,0,0,0,0,0,0,0,0,0,3,2,1,11,78,37,84,82,82,78,2103
22312,5,150,3B,1,0,0,0,0,0,0,0,0,0,0,0,0,4,5,2,53,71,60,40,48,78,37,2103
22354,7,51,LF,1,0,0,0,0,0,0,0,0,0,0,0,0,2,2,4,70,45,50,39,24,15,30,2103
22564,6,107,SS,1,0,0,0,0,0,0,0,0,0,0,0,0,2,1,6,21,76,24,84,75,76,86,2103
23949,7,47,LF,1,0,0,0,0,0,0,0,0,0,0,0,0,2,2,1,66,64,41,37,18,30,18,2103
23973,6,117,SS,1,0,0,0,0,0,0,0,0,0,0,0,0,1,5,2,38,76,42,98,71,82,77,2103
24125,4,78,2B,1,0,0,0,0,0,0,0,0,0,0,0,0,2,3,5,36,77,50,77,73,83,65,2103
24867,9,114,RF,1,0,0,0,0,0,0,0,0,0,0,0,0,4,4,3,72,58,51,41,20,14,4,2103
25302,7,89,LF,1,0,0,0,0,0,0,0,0,0,0,0,0,4,2,2,64,85,57,33,18,54,21,2103
25720,4,24,2B,1,0,0,0,0,0,0,0,0,0,0,0,0,1,2,2,11,15,43,56,48,36,48,2103
26002,7,73,LF,1,0,0,0,0,0,0,0,0,0,0,0,0,4,2,2,52,57,41,28,21,32,4,2103
26028,2,85,C,1,0,0,0,0,0,0,0,0,0,0,0,0,79,80,52,10,34,31,10,24,37,1,2103
26117,7,59,LF,1,0,0,0,0,0,0,0,0,0,0,0,0,2,5,5,60,40,45,9,6,34,10,2103
26131,8,72,CF,1,0,0,0,0,0,0,0,0,0,0,0,0,4,1,1,82,67,66,42,26,29,34,2103
26145,5,151,3B,1,0,0,0,0,0,0,0,0,0,0,0,0,6,5,5,20,83,53,74,78,86,49,2103
26177,6,34,SS,1,0,0,0,0,0,0,0,0,0,0,0,0,1,5,4,59,38,46,82,72,65,73,2103
26211,7,144,LF,1,0,0,0,0,0,0,0,0,0,0,0,0,5,4,2,65,72,40,38,22,42,29,2103
26375,8,39,CF,1,0,0,0,0,0,0,0,0,0,0,0,0,2,1,2,72,51,44,43,22,9,5,2103
26398,2,57,C,1,0,0,0,0,0,0,0,0,0,0,0,0,76,76,60,10,45,19,27,24,44,5,2103
26400,9,25,RF,1,0,0,0,0,0,0,0,0,0,0,0,0,1,2,1,48,74,41,22,15,53,4,2103
26477,5,88,3B,1,0,0,0,0,0,0,0,0,0,0,0,0,1,1,4,28,65,30,55,57,86,46,2103
26549,2,115,C,1,0,0,0,0,0,0,0,0,0,0,0,0,78,79,88,5,63,10,21,23,64,8,2103
26563,5,156,3B,1,0,0,0,0,0,0,0,0,0,0,0,0,3,2,4,10,71,52,77,76,78,32,2103
26597,5,40,3B,1,0,0,0,0,0,0,0,0,0,0,0,0,2,2,2,23,53,49,99,79,65,79,2103
26640,4,53,2B,1,0,0,0,0,0,0,0,0,0,0,0,0,1,1,4,34,37,26,57,48,63,37,2103
26673,2,77,C,1,0,0,0,0,0,0,0,0,0,0,0,0,61,53,53,6,24,20,12,10,47,2,2103
26710,5,33,3B,1,0,0,0,0,0,0,0,0,0,0,0,0,4,4,5,57,48,45,73,65,64,78,2103
26827,8,133,CF,1,0,0,0,0,0,0,0,0,0,0,0,0,4,2,1,83,62,50,37,14,36,21,2103
26828,2,97,C,1,0,0,0,0,0,0,0,0,0,0,0,0,82,93,56,2,24,28,21,17,32,5,2103
26908,9,59,RF,1,0,0,0,0,0,0,0,0,0,0,0,0,4,2,2,63,70,51,18,7,35,7,2103
26919,8,102,CF,1,0,0,0,0,0,0,0,0,0,0,0,0,2,4,4,89,50,51,44,32,9,31,2103
27030,8,108,CF,1,0,0,0,0,0,0,0,0,0,0,0,0,2,4,4,69,57,39,21,12,43,9,2103
27335,6,116,SS,1,0,0,0,0,0,0,0,0,0,0,0,0,1,1,3,11,69,61,96,79,92,71,2103
27351,5,138,3B,1,0,0,0,0,0,0,0,0,0,0,0,0,3,1,1,25,82,57,58,68,95,42,2103
27462,7,113,LF,1,0,0,0,0,0,0,0,0,0,0,0,0,1,3,4,57,51,42,15,9,32,9,2103
27522,4,67,2B,1,0,0,0,0,0,0,0,0,0,0,0,0,5,1,5,51,52,38,88,63,56,77,2103
27968,7,72,LF,1,0,0,0,0,0,0,0,0,0,0,0,0,1,1,1,78,44,44,25,12,22,3,2103
28075,9,21,RF,1,0,0,0,0,0,0,0,0,0,0,0,0,4,5,3,33,61,58,54,84,82,31,2103
28610,9,55,RF,1,0,0,0,0,0,0,0,0,0,0,0,0,2,1,1,43,76,48,22,13,63,8,2103
28751,4,84,2B,1,0,0,0,0,0,0,0,0,0,0,0,0,3,1,4,17,51,63,91,65,67,74,2103
29641,4,39,2B,1,0,0,0,0,0,0,0,0,0,0,0,0,1,1,2,26,39,35,62,50,55,59,2103
29875,7,101,LF,1,0,0,0,0,0,0,0,0,0,0,0,0,4,2,2,60,54,26,9,10,35,8,2103
29898,7,78,LF,1,0,0,0,0,0,0,0,0,0,0,0,0,1,2,1,64,31,47,52,38,9,40,2103
29936,4,61,2B,1,0,0,0,0,0,0,0,0,0,0,0,0,5,2,2,53,63,68,88,73,77,93,2103
30183,4,40,2B,1,0,0,0,0,0,0,0,0,0,0,0,0,1,4,3,44,66,39,85,60,67,58,2103
30398,9,115,RF,1,0,0,0,0,0,0,0,0,0,0,0,0,1,2,2,66,47,54,53,31,20,37,2103
30435,4,45,2B,1,0,0,0,0,0,0,0,0,0,0,0,0,1,5,2,19,87,47,86,81,96,75,2103
30475,9,70,RF,1,0,0,0,0,0,0,0,0,0,0,0,0,4,1,2,66,81,53,47,30,30,3,2103
30499,6,46,SS,1,0,0,0,0,0,0,0,0,0,0,0,0,1,1,2,33,79,50,94,100,97,100,2103
30515,7,110,LF,1,0,0,0,0,0,0,0,0,0,0,0,0,2,1,2,62,54,49,28,17,21,16,2103
30565,8,67,CF,1,0,0,0,0,0,0,0,0,0,0,0,0,2,2,6,95,73,67,45,30,41,43,2103
30670,8,150,CF,1,0,0,0,0,0,0,0,0,0,0,0,0,3,1,5,81,79,67,41,20,34,20,2103
30971,8,153,CF,1,0,0,0,0,0,0,0,0,0,0,0,0,3,1,1,85,74,64,56,41,42,23,2103
31194,7,27,LF,1,0,0,0,0,0,0,0,0,0,0,0,0,2,2,1,70,57,50,44,21,27,25,2103
31249,4,88,2B,1,0,0,0,0,0,0,0,0,0,0,0,0,5,3,1,14,10,15,51,50,18,66,2103
31314,9,125,RF,1,0,0,0,0,0,0,0,0,0,0,0,0,4,1,1,66,54,62,20,17,38,13,2103
32078,2,57,C,1,0,0,0,0,0,0,0,0,0,0,0,0,76,76,40,7,17,1,8,22,16,11,2103
32111,8,149,CF,1,0,0,0,0,0,0,0,0,0,0,0,0,2,2,5,84,77,62,62,46,22,46,2103
32183,6,70,SS,1,0,0,0,0,0,0,0,0,0,0,0,0,1,5,1,22,88,45,98,81,95,72,2103
32307,5,41,3B,1,0,0,0,0,0,0,0,0,0,0,0,0,2,2,2,29,63,48,58,30,80,31,2103
32368,2,111,C,1,0,0,0,0,0,0,0,0,0,0,0,0,65,66,55,10,25,10,19,16,22,7,2103
32405,5,75,3B,1,0,0,0,0,0,0,0,0,0,0,0,0,2,3,4,55,71,41,73,59,77,69,2103
32486,6,140,SS,1,0,0,0,0,0,0,0,0,0,0,0,0,2,1,2,43,66,42,85,72,73,75,2103
32580,9,140,RF,1,0,0,0,0,0,0,0,0,0,0,0,0,4,3,1,67,54,41,52,33,30,39,2103
32583,7,44,LF,1,0,0,0,0,0,0,0,0,0,0,0,0,1,1,5,71,55,56,50,36,33,40,2103
32666,9,58,RF,1,0,0,0,0,0,0,0,0,0,0,0,0,4,2,1,38,55,58,31,28,19,22,2103
32834,5,20,3B,1,0,0,0,0,0,0,0,0,0,0,0,0,2,1,1,6,69,38,48,50,83,38,2103
32880,9,34,RF,1,0,0,0,0,0,0,0,0,0,0,0,0,1,1,4,70,70,43,22,16,26,4,2103
32956,7,61,LF,1,0,0,0,0,0,0,0,0,0,0,0,0,1,2,2,79,52,48,48,33,20,4,2103
33066,8,109,CF,1,0,0,0,0,0,0,0,0,0,0,0,0,3,1,4,97,59,88,29,24,33,23,2103
33236,5,48,3B,1,0,0,0,0,0,0,0,0,0,0,0,0,4,5,5,54,69,49,89,73,78,73,2103
33349,6,105,SS,1,0,0,0,0,0,0,0,0,0,0,0,0,4,3,3,75,79,81,100,101,96,100,2103
33382,9,34,RF,1,0,0,0,0,0,0,0,0,0,0,0,0,1,2,1,68,96,41,78,66,82,66,2103
33421,5,139,3B,1,0,0,0,0,0,0,0,0,0,0,0,0,1,1,2,30,90,35,70,80,84,57,2103
33539,6,73,SS,1,0,0,0,0,0,0,0,0,0,0,0,0,4,1,3,59,57,54,87,88,81,75,2103
33650,2,81,C,1,0,0,0,0,0,0,0,0,0,0,0,0,59,58,63,29,46,29,31,17,62,24,2103
33703,4,94,2B,1,0,0,0,0,0,0,0,0,0,0,0,0,3,2,4,38,9,41,55,67,39,59,2103
33722,9,57,RF,54,32,34,0,22,0,0,0,0,0,0,0,0,2,1,1,63,47,53,26,14,33,7,2103
33802,7,84,LF,1,0,0,0,0,0,0,0,0,0,0,0,0,2,2,3,70,54,43,41,22,10,29,2103
33877,7,68,LF,1,0,0,0,0,0,0,0,0,0,0,0,0,2,2,3,46,86,55,52,38,88,36,2103
33880,4,24,2B,1,0,0,0,0,0,0,0,0,0,0,0,0,1,1,2,32,50,49,73,61,67,72,2103
33977,2,49,C,1,0,0,0,0,0,0,0,0,0,0,0,0,76,88,70,14,35,18,14,8,34,7,2103
34000,6,148,SS,1,0,0,0,0,0,0,0,0,0,0,0,0,4,1,2,41,70,31,85,77,89,69,2103
34014,4,22,2B,1,0,0,0,0,0,0,0,0,0,0,0,0,5,5,4,31,48,54,80,76,67,62,2103
34211,6,115,SS,1,0,0,0,0,0,0,0,0,0,0,0,0,3,1,3,8,48,38,101,75,67,75,2103
34435,4,39,2B,1,0,0,0,0,0,0,0,0,0,0,0,0,4,1,5,54,50,38,78,68,77,84,2103
34466,6,105,SS,1,0,0,0,0,0,0,0,0,0,0,0,0,1,1,5,58,69,21,91,47,105,76,2103
34482,2,53,C,1,0,0,0,0,0,0,0,0,0,0,0,0,73,72,74,1,49,37,10,8,42,5,2103
34623,4,60,2B,1,0,0,0,0,0,0,0,0,0,0,0,0,3,1,1,7,20,41,77,83,58,78,2103
34682,5,141,3B,1,0,0,0,0,0,0,0,0,0,0,0,0,4,3,4,46,73,39,74,71,88,62,2103
34690,9,120,RF,1,0,0,0,0,0,0,0,0,0,0,0,0,4,2,1,70,65,64,14,15,41,9,2103
34708,2,36,C,1,0,0,0,0,0,0,0,0,0,0,0,0,62,73,85,8,67,9,10,18,55,4,2103
34819,7,62,LF,1,0,0,0,0,0,0,0,0,0,0,0,0,1,1,3,71,57,43,8,6,13,6,2103
34881,8,118,CF,1,0,0,0,0,0,0,0,0,0,0,0,0,3,1,4,74,64,87,20,18,30,7,2103
34928,8,145,CF,1,0,0,0,0,0,0,0,0,0,0,0,0,5,2,2,90,90,64,63,47,71,61,2103
34982,5,144,3B,1,0,0,0,0,0,0,0,0,0,0,0,0,3,4,2,43,66,47,91,68,75,54,2103
35172,8,133,CF,1,0,0,0,0,0,0,0,0,0,0,0,0,1,3,1,70,61,35,19,17,11,10,2103
35315,2,117,C,1,0,0,0,0,0,0,0,0,0,0,0,0,78,78,45,7,25,25,8,24,24,6,2103
35578,2,34,C,1,0,0,0,0,0,0,0,0,0,0,0,0,82,100,46,8,30,43,55,12,22,9,2103
35584,6,38,SS,1,0,0,0,0,0,0,0,0,0,0,0,0,2,5,1,61,57,35,92,62,62,71,2103
35727,4,58,2B,1,0,0,0,0,0,0,0,0,0,0,0,0,1,4,2,51,50,44,75,67,73,69,2103
35822,9,92,RF,1,0,0,0,0,0,0,0,0,0,0,0,0,4,4,4,50,56,71,20,18,38,9,2103
35828,8,92,CF,1,0,0,0,0,0,0,0,0,0,0,0,0,1,3,1,81,54,87,25,15,31,11,2103
35852,4,96,2B,1,0,0,0,0,0,0,0,0,0,0,0,0,4,1,2,40,47,56,79,65,61,58,2103
35904,4,126,2B,1,0,0,0,0,0,0,0,0,0,0,0,0,4,1,5,38,55,38,79,69,76,74,2103
35907,4,75,2B,1,0,0,0,0,0,0,0,0,0,0,0,0,5,1,1,37,70,46,79,83,80,86,2103
36207,2,38,C,1,0,0,0,0,0,0,0,0,0,0,0,0,58,63,52,8,34,8,12,23,35,5,2103
36431,2,44,C,1,0,0,0,0,0,0,0,0,0,0,0,0,74,78,74,8,55,14,15,27,51,10,2103
36525,9,43,RF,1,0,0,0,0,0,0,0,0,0,0,0,0,1,2,5,66,99,80,20,20,63,3,2103
36543,5,76,3B,1,0,0,0,0,0,0,0,0,0,0,0,0,1,5,1,45,54,37,72,57,75,48,2103
36579,8,52,CF,1,0,0,0,0,0,0,0,0,0,0,0,0,2,1,2,64,64,37,10,10,22,3,2103
36614,5,27,3B,1,0,0,0,0,0,0,0,0,0,0,0,0,2,4,4,29,46,32,39,63,56,26,2103
36796,4,126,2B,1,0,0,0,0,0,0,0,0,0,0,0,0,2,1,4,18,30,37,82,65,50,52,2103
36879,8,60,CF,1,0,0,0,0,0,0,0,0,0,0,0,0,4,2,4,89,56,101,37,19,26,33,2103
37068,4,51,2B,1,0,0,0,0,0,0,0,0,0,0,0,0,4,5,3,37,70,44,68,78,81,59,2103
37135,7,95,LF,1,0,0,0,0,0,0,0,0,0,0,0,0,5,2,1,71,67,81,25,15,22,18,2103
37140,2,66,C,1,0,0,0,0,0,0,0,0,0,0,0,0,74,87,52,18,29,9,9,22,19,5,2103
37147,9,130,RF,1,0,0,0,0,0,0,0,0,0,0,0,0,1,3,1,76,65,41,35,17,36,23,2103
37342,6,105,SS,1,0,0,0,0,0,0,0,0,0,0,0,0,4,2,2,21,84,54,77,74,94,72,2103
37811,9,88,RF,1,0,0,0,0,0,0,0,0,0,0,0,0,1,1,1,86,73,68,41,37,10,43,2103
38167,4,150,2B,1,0,0,0,0,0,0,0,0,0,0,0,0,2,1,1,21,67,13,78,60,49,61,2103
38170,9,59,RF,1,0,0,0,0,0,0,0,0,0,0,0,0,5,3,3,58,83,51,30,19,52,24,2103
38298,5,21,3B,1,0,0,0,0,0,0,0,0,0,0,0,0,4,2,4,15,63,26,69,64,71,60,2103
38538,2,95,C,1,0,0,0,0,0,0,0,0,0,0,0,0,64,70,70,9,30,26,25,25,30,9,2103
38542,5,21,3B,1,0,0,0,0,0,0,0,0,0,0,0,0,1,4,1,32,77,49,65,56,78,49,2103
38610,9,151,RF,1,0,0,0,0,0,0,0,0,0,0,0,0,2,4,1,64,66,64,6,6,17,2,2103
38869,6,23,SS,1,0,0,0,0,0,0,0,0,0,0,0,0,2,1,4,44,51,42,74,68,54,51,2103
38876,4,85,2B,1,0,0,0,0,0,0,0,0,0,0,0,0,2,1,1,22,73,56,70,79,79,76,2103
38979,2,72,C,59,77,0,72,43,0,27,0,0,0,0,0,0,63,63,58,8,40,32,16,16,43,8,2103
39024,6,43,SS,1,0,0,0,0,0,0,0,0,0,0,0,0,1,2,2,58,81,62,73,63,79,63,2103
39058,8,51,CF,1,0,0,0,0,0,0,0,0,0,0,0,0,5,2,4,68,57,63,18,16,42,9,2103
39100,6,124,SS,1,0,0,0,0,0,0,0,0,0,0,0,0,1,4,1,33,61,41,87,80,79,71,2103
39162,5,73,3B,1,0,0,0,0,0,0,0,0,0,0,0,0,1,1,2,34,82,29,63,77,73,58,2103
39547,7,86,LF,1,0,0,0,0,0,0,0,0,0,0,0,0,1,2,4,50,42,74,8,8,12,5,2103
39587,6,134,SS,1,0,0,0,0,0,0,0,0,0,0,0,0,4,3,4,7,64,66,98,94,72,100,2103
39596,6,138,SS,1,0,0,0,0,0,0,0,0,0,0,0,0,2,1,5,24,83,39,87,72,81,83,2103
39625,2,76,C,1,0,0,0,0,0,0,0,0,0,0,0,0,68,74,33,10,11,22,21,13,7,4,2103
39691,5,127,3B,1,0,0,0,0,0,0,0,0,0,0,0,0,3,4,1,36,70,7,66,41,95,30,2103
39787,5,23,3B,1,0,0,0,0,0,0,0,0,0,0,0,0,2,1,6,41,50,45,57,81,73,79,2103
39789,2,107,C,1,0,0,0,0,0,0,0,0,0,0,0,0,66,74,51,6,27,8,24,16,28,6,2103
39940,6,129,SS,1,0,0,0,0,0,0,0,0,0,0,0,0,5,1,4,20,72,51,93,86,83,88,2103
39957,2,64,C,1,0,0,0,0,0,0,0,0,0,0,0,0,80,87,42,7,21,8,23,17,15,7,2103
39974,6,151,SS,1,0,0,0,0,0,0,0,0,0,0,0,0,4,3,5,7,47,38,91,62,62,85,2103
39979,5,22,3B,1,0,0,0,0,0,0,0,0,0,0,0,0,12,3,7,42,43,37,60,62,66,50,2103
40120,2,95,C,1,0,0,0,0,0,0,0,0,0,0,0,0,83,87,42,7,25,17,8,16,17,7,2103
40134,4,23,2B,1,0,0,0,0,0,0,0,0,0,0,0,0,2,4,1,24,10,28,59,51,29,48,2103
40180,6,148,SS,1,0,0,0,0,0,0,0,0,0,0,0,0,4,1,4,54,65,70,75,89,89,81,2103
40306,4,44,2B,1,0,0,0,0,0,0,0,0,0,0,0,0,1,1,2,14,33,45,75,77,50,70,2103
40325,9,123,RF,1,0,0,0,0,0,0,0,0,0,0,0,0,2,2,2,62,72,61,33,8,30,4,2103
40389,5,97,3B,1,0,0,0,0,0,0,0,0,0,0,0,0,1,1,4,10,79,42,72,79,93,89,2103
40410,8,37,CF,1,0,0,0,0,0,0,0,0,0,0,0,0,1,3,4,80,69,68,43,23,20,3,2103
40411,5,83,3B,1,0,0,0,0,0,0,0,0,0,0,0,0,5,1,5,29,91,71,78,100,98,88,2103
40419,6,58,SS,1,0,0,0,0,0,0,0,0,0,0,0,0,5,2,2,10,70,49,86,64,85,74,2103
40442,4,106,2B,1,0,0,0,0,0,0,0,0,0,0,0,0,1,1,3,7,63,41,72,71,79,84,2103
40465,5,83,3B,1,0,0,0,0,0,0,0,0,0,0,0,0,3,1,1,63,72,66,67,75,74,68,2103
40512,2,130,C,1,0,0,0,0,0,0,0,0,0,0,0,0,72,77,78,1,58,6,16,35,60,6,2103
40646,4,102,2B,1,0,0,0,0,0,0,0,0,0,0,0,0,1,3,2,14,45,38,73,54,54,58,2103
40686,5,35,3B,1,0,0,0,0,0,0,0,0,0,0,0,0,4,3,1,48,51,28,66,42,56,50,2103
40771,9,120,RF,1,0,0,0,0,0,0,0,0,0,0,0,0,1,2,4,67,63,48,41,19,27,5,2103
40908,7,109,LF,1,0,0,0,0,0,0,0,0,0,0,0,0,1,2,1,66,68,66,34,15,37,16,2103
41130,7,59,LF,1,0,0,0,0,0,0,0,0,0,0,0,0,5,4,4,79,65,68,50,33,27,6,2103
41607,6,71,SS,1,0,0,0,0,0,0,0,0,0,0,0,0,4,2,1,7,56,41,88,43,68,54,2103
41629,4,36,2B,1,0,0,0,0,0,0,0,0,0,0,0,0,4,4,1,13,77,31,76,56,69,56,2103
42181,4,43,2B,1,0,0,0,0,0,0,0,0,0,0,0,0,2,1,1,50,50,39,81,65,74,62,2103
42199,7,42,LF,56,78,35,0,49,0,0,0,0,0,0,0,0,4,3,4,59,52,54,8,15,33,7,2103
42226,8,107,CF,1,0,0,0,0,0,0,0,0,0,0,0,0,4,1,2,87,68,50,30,16,20,5,2103
42267,2,103,C,1,0,0,0,0,0,0,0,0,0,0,0,0,70,77,80,6,55,6,10,23,52,6,2103
42281,4,74,2B,1,0,0,0,0,0,0,0,0,0,0,0,0,1,3,1,34,62,27,76,74,75,71,2103
42377,6,139,SS,1,0,0,0,0,0,0,0,0,0,0,0,0,3,3,5,31,84,53,80,100,70,98,2103
42565,4,134,2B,1,0,0,0,0,0,0,0,0,0,0,0,0,3,2,5,54,63,61,81,86,85,86,2103
42688,4,91,2B,1,0,0,0,0,0,0,0,0,0,0,0,0,4,1,2,17,61,54,72,59,64,34,2103
42743,2,20,C,1,0,0,0,0,0,0,0,0,0,0,0,0,71,74,70,16,51,7,29,23,50,23,2103
42752,7,127,LF,1,0,0,0,0,0,0,0,0,0,0,0,0,2,1,3,65,59,43,28,15,30,17,2103
42767,2,37,C,1,0,0,0,0,0,0,0,0,0,0,0,0,65,80,72,7,52,17,12,14,60,7,2103
42856,7,84,LF,1,0,0,0,0,0,0,0,0,0,0,0,0,4,5,2,61,49,60,43,34,9,40,2103
42970,2,107,C,1,0,0,0,0,0,0,0,0,0,0,0,0,60,66,69,7,42,7,22,29,41,6,2103
43024,2,122,C,1,0,0,0,0,0,0,0,0,0,0,0,0,69,66,58,6,21,23,12,9,21,6,2103
43217,7,67,LF,1,0,0,0,0,0,0,0,0,0,0,0,0,1,3,2,80,92,76,30,21,22,4,2103
43263,4,87,2B,1,0,0,0,0,0,0,0,0,0,0,0,0,6,1,2,28,42,50,58,84,71,60,2103
43385,8,143,CF,1,0,0,0,0,0,0,0,0,0,0,0,0,1,1,3,71,83,69,29,25,42,3,2103
43502,8,88,CF,1,0,0,0,0,0,0,0,0,0,0,0,0,3,4,1,81,55,61,45,36,11,35,2103
43700,8,103,CF,1,0,0,0,0,0,0,0,0,0,0,0,0,1,1,2,71,69,28,43,28,35,4,2103
43802,6,117,SS,1,0,0,0,0,0,0,0,0,0,0,0,0,5,1,5,6,85,63,72,96,84,82,2103
43909,2,54,C,1,0,0,0,0,0,0,0,0,0,0,0,0,74,74,50,10,28,39,15,7,26,6,2103
44046,6,151,SS,1,0,0,0,0,0,0,0,0,0,0,0,0,1,5,2,60,66,61,71,86,75,67,2103
44157,9,57,RF,1,0,0,0,0,0,0,0,0,0,0,0,0,4,1,3,60,62,72,13,13,32,3,2103
44249,4,57,2B,1,0,0,0,0,0,0,0,0,0,0,0,0,4,2,1,10,60,38,77,69,73,62,2103
44412,2,37,C,1,0,0,0,0,0,0,0,0,0,0,0,0,71,73,65,9,44,25,12,20,39,6,2103
44414,7,122,LF,1,10,0,0,0,0,0,0,0,0,0,0,0,1,1,2,48,50,61,39,27,22,4,2103
44459,9,93,RF,1,7,0,0,0,0,0,0,0,0,0,0,0,1,1,4,59,85,57,16,19,34,5,2103
44473,8,38,CF,1,6,0,0,0,0,0,0,0,0,0,0,0,5,4,6,74,86,71,30,10,45,19,2103
44512,4,71,2B,1,0,0,0,0,0,0,0,0,0,0,0,0,2,5,5,49,10,45,78,68,38,76,2103
44539,7,99,LF,1,10,0,0,0,0,0,0,0,0,0,0,0,1,1,5,77,54,67,36,22,30,15,2103
44858,8,80,CF,1,0,0,0,0,0,0,0,0,0,0,0,0,2,4,2,61,53,56,52,43,30,37,2103
44889,4,25,2B,1,11,0,0,0,0,0,0,0,0,0,0,0,2,1,1,15,47,61,98,64,63,65,2103
45113,7,43,LF,48,87,84,100,0,0,50,0,0,0,0,0,0,2,1,4,56,53,51,22,29,52,4,2103
45622,2,114,C,1,6,0,0,0,0,0,0,0,0,0,0,0,68,62,38,2,34,43,6,11,21,18,2103
45772,2,35,C,1,0,0,0,0,0,0,0,0,0,0,0,0,62,59,58,13,43,6,12,23,43,6,2103
45908,5,77,3B,1,0,0,0,0,0,0,0,0,0,0,0,0,3,1,4,35,58,35,75,75,69,60,2103
45957,5,69,3B,1,0,0,0,0,0,0,0,0,0,0,0,0,7,12,9,26,56,32,63,48,75,42,2103
46113,9,75,RF,1,6,0,0,0,0,0,0,0,0,0,0,0,3,1,1,72,72,63,42,31,30,31,2103
46121,9,27,RF,1,0,0,0,0,0,0,0,0,0,0,0,0,4,1,1,58,59,67,10,11,15,7,2103
46484,4,26,2B,1,0,0,0,0,0,0,0,0,0,0,0,0,1,4,1,41,74,51,74,55,72,58,2103
47056,2,49,C,1,0,0,0,0,0,0,0,0,0,0,0,0,76,91,85,6,47,29,18,8,51,39,2103
47273,2,47,C,1,10,0,0,0,0,0,0,0,0,0,0,0,86,85,33,7,9,15,10,18,8,4,2103
47286,8,77,CF,1,0,0,0,0,0,0,0,0,0,0,0,0,1,1,1,75,65,63,26,9,30,4,2103
47609,4,65,2B,1,0,0,0,0,0,0,0,0,0,0,0,0,1,1,2,29,8,32,74,79,47,76,2103
47759,6,66,SS,1,0,0,0,0,0,0,0,0,0,0,0,0,1,5,3,16,60,64,78,77,74,75,2103
47819,4,43,2B,1,0,0,0,0,0,0,0,0,0,0,0,0,3,1,1,10,13,55,69,78,50,85,2103
47960,4,52,2B,1,11,0,0,0,0,0,0,0,0,0,0,0,1,1,3,5,49,6,68,51,58,46,2103
48281,9,136,RF,1,11,0,0,0,0,0,0,0,0,0,0,0,2,1,4,58,91,60,9,17,62,14,2103
48681,4,130,2B,1,0,0,0,0,0,0,0,0,0,0,0,0,3,1,1,38,55,53,77,79,79,72,2103
48846,6,39,SS,1,0,0,0,0,0,0,0,0,0,0,0,0,4,1,5,61,63,51,87,82,83,84,2103
48965,5,64,3B,1,0,0,0,0,0,0,0,0,0,0,0,0,4,1,5,19,81,62,59,59,71,63,2103
49009,2,51,C,1,6,0,0,0,0,0,0,0,0,0,0,0,84,76,27,8,21,28,10,14,16,2,2103
49397,4,86,2B,1,0,0,0,0,0,0,0,0,0,0,0,0,7,14,16,8,27,23,64,58,50,66,2103
49432,7,82,LF,1,0,0,0,0,0,0,0,0,0,0,0,0,4,3,5,73,57,69,15,17,31,4,2103
50274,5,41,3B,1,3,0,0,0,0,0,0,0,0,0,0,0,1,1,5,23,64,55,51,59,58,40,2103
50569,4,81,2B,1,0,0,0,0,0,0,0,0,0,0,0,0,1,3,2,41,61,48,73,66,66,61,2103
50867,2,93,C,1,0,0,0,0,0,0,0,0,0,0,0,0,89,91,86,8,68,3,16,17,68,8,2103
53393,9,31,RF,1,0,0,0,0,0,0,0,0,0,0,0,0,2,4,1,74,62,78,43,27,10,41,2103
58970,7,52,LF,1,0,0,0,0,0,0,0,0,0,0,0,0,1,1,4,57,65,49,29,22,35,25,2103
60717,5,56,3B,1,0,0,0,0,0,0,0,0,0,0,0,0,3,1,2,8,49,37,47,52,68,44,2103
63791,2,112,C,1,0,0,0,0,0,0,0,0,0,0,0,0,76,80,75,7,51,7,10,7,50,1,2103
64705,7,41,LF,1,0,0,0,0,0,0,0,0,0,0,0,0,2,1,1,84,51,77,46,39,6,34,2103
70721,9,70,RF,1,0,0,0,0,0,0,0,0,0,0,0,0,2,4,5,77,69,50,34,21,28,4,2103
70729,8,57,CF,1,0,0,0,0,0,0,0,0,0,0,0,0,1,1,5,79,71,71,58,38,37,4,2103
70744,2,78,C,1,0,0,0,0,0,0,0,0,0,0,0,0,57,57,60,62,53,50,26,26,53,2,2103
70752,8,72,CF,1,0,0,0,0,0,0,0,0,0,0,0,0,2,1,1,67,47,45,46,24,12,28,2103
70796,6,140,SS,1,0,0,0,0,0,0,0,0,0,0,0,0,2,1,1,71,67,56,97,81,88,71,2103
70906,8,154,CF,1,0,0,0,0,0,0,0,0,0,0,0,0,1,1,5,73,46,46,51,32,10,31,2103
71006,5,42,3B,1,0,0,0,0,0,0,0,0,0,0,0,0,1,1,1,41,53,39,81,60,64,60,2103
71008,8,24,CF,1,0,0,0,0,0,0,0,0,0,0,0,0,2,2,1,76,71,49,48,23,35,28,2103
71073,5,79,3B,1,0,0,0,0,0,0,0,0,0,0,0,0,4,2,2,31,56,28,70,62,66,58,2103
71089,2,56,C,1,0,0,0,0,0,0,0,0,0,0,0,0,68,64,58,28,43,19,14,18,35,5,2103
71177,6,137,SS,1,0,0,0,0,0,0,0,0,0,0,0,0,1,4,4,57,62,48,64,72,73,71,2103
71194,8,152,CF,1,0,0,0,0,0,0,0,0,0,0,0,0,9,11,10,63,47,61,18,16,18,11,2103
71328,4,78,2B,1,0,0,0,0,0,0,0,0,0,0,0,0,9,12,15,37,46,38,75,53,45,64,2103
71390,4,42,2B,1,0,0,0,0,0,0,0,0,0,0,0,0,1,2,1,27,60,37,71,62,71,66,2103
71447,4,135,2B,1,0,0,0,0,0,0,0,0,0,0,0,0,4,1,4,58,61,44,75,79,74,65,2103
71456,2,33,C,1,0,0,0,0,0,0,0,0,0,0,0,0,68,65,54,15,31,23,23,32,27,6,2103
71461,2,21,C,1,0,0,0,0,0,0,0,0,0,0,0,0,66,65,53,8,28,8,21,35,31,9,2103
71463,6,125,SS,1,0,0,0,0,0,0,0,0,0,0,0,0,4,4,1,70,48,50,95,70,66,70,2103
71476,6,60,SS,1,0,0,0,0,0,0,0,0,0,0,0,0,2,5,4,49,55,61,97,74,58,81,2103
71495,5,140,3B,1,0,0,0,0,0,0,0,0,0,0,0,0,1,2,2,51,47,28,73,53,69,67,2103
71547,7,76,LF,1,0,0,0,0,0,0,0,0,0,0,0,0,5,3,2,79,63,50,39,21,27,26,2103
71571,9,58,RF,1,0,0,0,0,0,0,0,0,0,0,0,0,4,3,4,68,63,52,10,10,31,3,2103
71600,9,72,RF,1,0,0,0,0,0,0,0,0,0,0,0,0,1,3,1,68,73,29,51,37,13,17,2103
71602,4,154,2B,1,0,0,0,0,0,0,0,0,0,0,0,0,2,4,2,49,61,56,79,58,69,61,2103
71629,2,23,C,1,0,0,0,0,0,0,0,0,0,0,0,0,83,83,80,1,57,11,18,11,60,21,2103
71654,6,129,SS,1,0,0,0,0,0,0,0,0,0,0,0,0,4,5,5,56,61,49,83,77,83,87,2103
71682,6,151,SS,1,0,0,0,0,0,0,0,0,0,0,0,0,1,1,1,9,64,55,85,94,80,86,2103
71686,5,44,3B,1,0,0,0,0,0,0,0,0,0,0,0,0,2,2,4,24,58,33,62,46,69,26,2103
71753,4,56,2B,1,0,0,0,0,0,0,0,0,0,0,0,0,4,2,2,45,87,30,68,74,73,57,2103
71820,8,20,CF,1,0,0,0,0,0,0,0,0,0,0,0,0,2,2,4,70,73,39,53,37,39,3,2103
71891,9,53,RF,1,0,0,0,0,0,0,0,0,0,0,0,0,1,1,2,61,83,69,62,78,54,29,2103
71893,5,77,3B,1,0,0,0,0,0,0,0,0,0,0,0,0,4,4,2,17,70,49,59,78,70,61,2103
71932,4,31,2B,1,0,0,0,0,0,0,0,0,0,0,0,0,5,2,1,45,40,14,73,42,60,54,2103
71956,4,36,2B,1,0,0,0,0,0,0,0,0,0,0,0,0,5,4,2,60,59,59,84,80,58,86,2103
71960,7,41,LF,1,0,0,0,0,0,0,0,0,0,0,0,0,1,4,1,57,28,30,67,50,27,11,2103
71968,2,33,C,1,0,0,0,0,0,0,0,0,0,0,0,0,62,60,88,22,75,7,23,17,75,6,2103
71970,2,127,C,1,0,0,0,0,0,0,0,0,0,0,0,0,65,65,62,7,50,7,16,22,45,5,2103
71997,6,63,SS,1,0,0,0,0,0,0,0,0,0,0,0,0,1,2,5,51,86,54,87,84,91,78,2103
72056,9,106,RF,1,0,0,0,0,0,0,0,0,0,0,0,0,1,4,2,65,57,58,79,43,56,65,2103
72068,4,66,2B,1,0,0,0,0,0,0,0,0,0,0,0,0,2,1,2,51,41,39,85,55,49,67,2103
72072,9,70,RF,1,0,0,0,0,0,0,0,0,0,0,0,0,3,1,2,46,58,49,28,21,36,3,2103
72073,9,155,RF,1,0,0,0,0,0,0,0,0,0,0,0,0,3,2,4,70,87,50,56,28,67,31,2103
72077,2,120,C,1,0,0,0,0,0,0,0,0,0,0,0,0,60,74,40,25,28,14,27,21,23,5,2103
72082,4,97,2B,1,0,0,0,0,0,0,0,0,0,0,0,0,4,1,1,44,67,28,81,67,71,45,2103
72273,8,86,CF,1,0,0,0,0,0,0,0,0,0,0,0,0,4,1,1,77,69,59,20,16,24,10,2103
72362,9,20,RF,1,0,0,0,0,0,0,0,0,0,0,0,0,1,1,2,59,79,43,11,9,47,2,2103
72389,9,131,RF,1,0,0,0,0,0,0,0,0,0,0,0,0,2,4,4,66,74,41,28,20,43,15,2103
72404,4,72,2B,1,0,0,0,0,0,0,0,0,0,0,0,0,1,5,2,60,53,47,82,69,71,70,2103
72409,9,87,RF,1,0,0,0,0,0,0,0,0,0,0,0,0,3,5,3,64,69,41,29,20,42,3,2103
72425,2,126,C,1,0,0,0,0,0,0,0,0,0,0,0,0,82,82,60,38,32,49,15,23,31,8,2103
72428,9,45,RF,1,0,0,0,0,0,0,0,0,0,0,0,0,1,3,2,48,76,52,31,25,49,20,2103
72442,9,85,RF,1,0,0,0,0,0,0,0,0,0,0,0,0,4,2,5,59,62,31,11,7,24,3,2103
72447,7,42,LF,1,0,0,0,0,0,0,0,0,0,0,0,0,1,1,3,69,57,60,50,32,33,35,2103
72459,2,62,C,1,0,0,0,0,0,0,0,0,0,0,0,0,65,68,60,16,50,23,15,30,42,2,2103
72481,7,49,LF,1,0,0,0,0,0,0,0,0,0,0,0,0,2,3,1,63,66,37,37,23,45,4,2103
72513,4,139,2B,1,0,0,0,0,0,0,0,0,0,0,0,0,4,1,4,29,27,35,71,72,54,76,2103
72515,5,127,3B,1,0,0,0,0,0,0,0,0,0,0,0,0,1,2,4,58,78,56,71,64,83,60,2103
72522,9,126,RF,1,0,0,0,0,0,0,0,0,0,0,0,0,5,2,1,62,69,62,36,21,28,3,2103
72551,7,53,LF,1,0,0,0,0,0,0,0,0,0,0,0,0,4,1,2,69,51,53,35,27,22,3,2103
72593,7,89,LF,1,0,0,0,0,0,0,0,0,0,0,0,0,2,4,1,71,51,57,37,23,17,29,2103
72614,8,140,CF,1,0,0,0,0,0,0,0,0,0,0,0,0,5,4,1,79,61,43,61,39,37,39,2103
72619,8,126,CF,1,0,0,0,0,0,0,0,0,0,0,0,0,5,4,2,83,78,63,40,25,37,27,2103
72651,2,45,C,1,0,0,0,0,0,0,0,0,0,0,0,0,57,58,60,14,32,3,26,47,36,6,2103
72655,9,34,RF,1,0,0,0,0,0,0,0,0,0,0,0,0,1,3,5,66,65,49,10,6,34,1,2103
72667,2,108,C,1,0,0,0,0,0,0,0,0,0,0,0,0,71,71,79,16,53,2,10,8,49,5,2103
72774,2,54,C,1,0,0,0,0,0,0,0,0,0,0,0,0,63,62,56,23,18,26,14,18,16,2,2103
72859,7,28,LF,1,0,0,0,0,0,0,0,0,0,0,0,0,3,1,5,62,64,62,15,11,26,7,2103
72920,6,50,SS,1,0,0,0,0,0,0,0,0,0,0,0,0,1,4,1,50,69,46,77,53,75,52,2103
72995,4,74,2B,79,22,0,0,0,0,20,25,0,0,0,0,0,4,2,3,49,33,31,73,48,51,63,2103
73151,8,31,CF,1,0,0,0,0,0,0,0,0,0,0,0,0,4,1,4,65,67,64,22,18,48,15,2103
73196,5,26,3B,1,0,0,0,0,0,0,0,0,0,0,0,0,2,2,1,21,27,20,51,53,39,40,2103
73233,8,26,CF,1,0,0,0,0,0,0,0,0,0,0,0,0,1,4,4,67,57,46,55,30,40,35,2103
73239,6,22,SS,1,0,0,0,0,0,0,0,0,0,0,0,0,3,1,4,16,78,24,78,62,83,53,2103
73278,2,53,C,1,0,0,0,0,0,0,0,0,0,0,0,0,61,61,61,30,21,7,20,11,23,22,2103
73293,6,50,SS,1,0,0,0,0,0,0,0,0,0,0,0,0,1,2,1,55,57,60,53,37,28,40,2103
73301,2,52,C,1,0,0,0,0,0,0,0,0,0,0,0,0,70,72,50,14,41,9,15,27,34,7,2103
73583,7,47,LF,1,0,0,0,0,0,0,0,0,0,0,0,0,1,4,1,71,58,62,55,40,16,44,2103
73629,5,149,3B,1,0,0,0,0,0,0,0,0,0,0,0,0,1,2,1,71,72,50,76,71,80,80,2103
73633,2,125,C,1,0,0,0,0,0,0,0,0,0,0,0,0,76,75,56,14,38,48,27,28,36,5,2103
73646,5,95,3B,1,0,0,0,0,0,0,0,0,0,0,0,0,2,4,4,40,66,26,63,47,82,49,2103
73655,4,132,2B,1,0,0,0,0,0,0,0,0,0,0,0,0,1,1,4,41,21,54,53,63,44,62,2103
73667,4,72,2B,1,0,0,0,0,0,0,0,0,0,0,0,0,3,3,2,49,77,53,75,63,78,64,2103
73673,5,20,3B,1,0,0,0,0,0,0,0,0,0,0,0,0,3,4,4,43,63,42,76,43,60,56,2103
73680,6,75,SS,1,0,0,0,0,0,0,0,0,0,0,0,0,1,2,4,23,65,38,96,76,66,67,2103
73689,6,47,SS,1,0,0,0,0,0,0,0,0,0,0,0,0,5,1,1,56,66,32,70,57,72,63,2103
73693,5,156,3B,1,0,0,0,0,0,0,0,0,0,0,0,0,6,9,11,37,57,42,46,34,68,47,2103
73706,8,109,CF,1,0,0,0,0,0,0,0,0,0,0,0,0,3,2,2,81,58,68,50,29,19,33,2103
73709,8,33,CF,1,0,0,0,0,0,0,0,0,0,0,0,0,1,1,3,68,78,42,56,38,53,3,2103
73792,7,151,LF,1,0,0,0,0,0,0,0,0,0,0,0,0,1,4,2,56,49,68,25,20,15,13,2103
73866,6,43,SS,1,0,0,0,0,0,0,0,0,0,0,0,0,3,5,4,39,49,33,78,89,66,64,2103
73883,8,59,CF,1,0,0,0,0,0,0,0,0,0,0,0,0,4,2,1,62,89,61,15,8,64,3,2103
73956,9,31,RF,1,0,0,0,0,0,0,0,0,0,0,0,0,1,4,1,67,32,57,42,12,46,15,2103
74046,5,112,3B,1,0,0,0,0,0,0,0,0,0,0,0,0,3,1,2,26,40,28,55,53,68,44,2103
74054,9,40,RF,1,0,0,0,0,0,0,0,0,0,0,0,0,2,5,2,66,76,52,19,19,45,9,2103
74056,5,64,3B,1,0,0,0,0,0,0,0,0,0,0,0,0,9,6,13,36,56,32,69,62,77,55,2103
74110,9,20,RF,1,0,0,0,0,0,0,0,0,0,0,0,0,12,7,14,60,53,39,25,13,56,15,2103
74185,7,107,LF,1,0,0,0,0,0,0,0,0,0,0,0,0,1,1,2,66,43,56,8,7,15,1,2103
74200,9,98,RF,1,0,0,0,0,0,0,0,0,0,0,0,0,2,2,4,67,35,54,24,18,26,7,2103
74274,7,23,LF,1,0,0,0,0,0,0,0,0,0,0,0,0,1,4,5,60,46,48,37,30,33,28,2103
74277,8,69,CF,1,0,0,0,0,0,0,0,0,0,0,0,0,3,2,1,69,28,49,11,9,7,7,2103
74302,7,91,LF,1,0,0,0,0,0,0,0,0,0,0,0,0,1,5,4,77,39,55,56,44,14,38,2103
74349,2,49,C,1,0,0,0,0,0,0,0,0,0,0,0,0,33,66,46,37,46,38,18,17,42,18,2103
74448,2,131,C,1,0,0,0,0,0,0,0,0,0,0,0,0,64,58,70,53,49,50,20,11,48,7,2103
74527,5,61,3B,1,0,0,0,0,0,0,0,0,0,0,0,0,4,2,2,46,59,30,72,54,71,54,2103
74529,9,36,RF,1,0,0,0,0,0,0,0,0,0,0,0,0,4,2,4,74,66,70,32,27,43,3,2103
74553,9,73,RF,1,0,0,0,0,0,0,0,0,0,0,0,0,1,4,1,70,49,45,53,47,37,41,2103
74579,5,48,3B,1,0,0,0,0,0,0,0,0,0,0,0,0,6,12,11,30,50,22,53,51,76,53,2103
74595,8,152,CF,1,0,0,0,0,0,0,0,0,0,0,0,0,9,6,7,70,64,57,52,39,32,3,2103
74663,5,47,3B,1,0,0,0,0,0,0,0,0,0,0,0,0,4,1,4,61,67,43,64,57,70,46,2103
74667,7,93,LF,1,0,0,0,0,0,0,0,0,0,0,0,0,1,1,4,60,50,27,8,1,20,1,2103
74991,6,20,SS,1,0,0,0,0,0,0,0,0,0,0,0,0,1,4,2,32,38,32,53,43,43,65,2103
75063,5,25,3B,1,0,0,0,0,0,0,0,0,0,0,0,0,4,1,1,23,46,25,61,66,73,54,2103
75196,6,110,SS,1,0,0,0,0,0,0,0,0,0,0,0,0,11,9,10,33,45,29,63,51,65,48,2103
75214,5,60,3B,1,0,0,0,0,0,0,0,0,0,0,0,0,2,1,3,36,59,33,73,62,79,73,2103
75405,7,110,LF,1,0,0,0,0,0,0,0,0,0,0,0,0,4,2,4,67,43,47,42,30,17,4,2103
75518,8,53,CF,1,0,0,0,0,0,0,0,0,0,0,0,0,9,12,5,70,42,41,42,21,31,21,2103
75519,2,54,C,1,0,0,0,0,0,0,0,0,0,0,0,0,66,67,73,57,65,54,26,8,61,50,2103
75529,7,48,LF,1,0,0,0,0,0,0,0,0,0,0,0,0,2,2,2,62,55,34,31,24,48,18,2103
75544,9,96,RF,1,0,0,0,0,0,0,0,0,0,0,0,0,13,6,6,69,73,66,39,34,50,28,2103
75557,7,112,LF,1,0,0,0,0,0,0,0,0,0,0,0,0,2,2,1,56,33,80,13,12,44,3,2103
75570,9,35,RF,1,0,0,0,0,0,0,0,0,0,0,0,0,1,4,3,71,79,59,33,28,54,21,2103
75832,9,134,RF,1,0,0,0,0,0,0,0,0,0,0,0,0,4,2,3,71,58,44,24,19,31,4,2103
75852,7,27,LF,1,0,0,0,0,0,0,0,0,0,0,0,0,3,3,3,71,59,56,22,16,24,10,2103
75967,2,117,C,1,0,0,0,0,0,0,0,0,0,0,0,0,74,76,56,36,38,22,16,16,41,6,2103
76112,4,49,2B,1,0,0,0,0,0,0,0,0,0,0,0,0,1,2,1,17,27,32,65,64,54,65,2103
76146,9,113,RF,1,0,0,0,0,0,0,0,0,0,0,0,0,3,2,5,57,63,67,27,21,54,20,2103
76169,2,37,C,1,0,0,0,0,0,0,0,0,0,0,0,0,61,56,71,29,57,33,34,16,60,7,2103
76775,2,24,C,1,0,0,0,0,0,0,0,0,0,0,0,0,56,56,53,21,35,27,37,20,39,7,2103
76846,7,127,LF,1,0,0,0,0,0,0,0,0,0,0,0,0,2,2,3,54,44,47,50,41,15,38,2103
76953,4,60,2B,1,0,0,0,0,0,0,0,0,0,0,0,0,8,6,14,30,61,22,63,73,60,58,2103
77064,9,48,RF,1,0,0,0,0,0,0,0,0,0,0,0,0,2,3,2,62,69,64,21,16,40,12,2103
77354,5,25,3B,1,0,0,0,0,0,0,0,0,0,0,0,0,4,3,4,46,55,43,55,44,66,45,2103
77368,7,64,LF,1,0,0,0,0,0,0,0,0,0,0,0,0,5,1,5,54,54,46,22,16,19,4,2103
77437,8,61,CF,1,0,0,0,0,0,0,0,0,0,0,0,0,4,2,1,79,66,64,22,18,54,11,2103
77446,5,94,3B,1,0,0,0,0,0,0,0,0,0,0,0,0,1,5,4,35,57,45,54,53,71,30,2103
77492,8,138,CF,1,0,0,0,0,0,0,0,0,0,0,0,0,11,11,11,75,37,59,14,14,17,3,2103
77520,7,25,LF,1,0,0,0,0,0,0,0,0,0,0,0,0,1,4,1,67,71,67,23,22,29,3,2103
77524,9,91,RF,1,0,0,0,0,0,0,0,0,0,0,0,0,6,11,15,67,43,53,39,35,41,4,2103
77539,4,20,2B,1,0,0,0,0,0,0,0,0,0,0,0,0,1,1,4,32,29,37,42,64,27,67,2103
77545,4,75,2B,1,0,0,0,0,0,0,0,0,0,0,0,0,4,1,4,56,36,48,59,54,31,64,2103
78035,4,77,2B,1,0,0,0,0,0,0,0,0,0,0,0,0,2,1,2,44,29,34,71,51,37,50,2103
78507,2,94,C,1,0,0,0,0,0,0,0,0,0,0,0,0,62,69,63,54,56,29,27,22,55,11,2103
78512,7,143,LF,1,0,0,0,0,0,0,0,0,0,0,0,0,10,11,13,57,55,45,32,27,44,3,2103
78541,6,41,SS,1,0,0,0,0,0,0,0,0,0,0,0,0,9,7,7,28,49,30,57,46,52,46,2103
78675,7,27,LF,1,0,0,0,0,0,0,0,0,0,0,0,0,4,4,2,71,50,70,21,16,1,3,2103
78676,4,131,2B,1,0,0,0,0,0,0,0,0,0,0,0,0,1,1,2,54,58,48,82,65,66,70,2103
78690,7,63,LF,1,0,0,0,0,0,0,0,0,0,0,0,0,1,1,1,69,65,44,34,31,60,23,2103
78706,8,25,CF,1,0,0,0,0,0,0,0,0,0,0,0,0,1,3,1,64,42,52,6,6,15,1,2103
78707,8,34,CF,1,0,0,0,0,0,0,0,0,0,0,0,0,3,2,1,73,85,41,23,14,68,24,2103
78733,2,118,C,1,0,0,0,0,0,0,0,0,0,0,0,0,69,60,51,58,49,47,37,25,43,24,2103
78738,9,140,RF,1,0,0,0,0,0,0,0,0,0,0,0,0,12,16,13,69,55,51,14,14,29,7,2103
78869,7,26,LF,1,0,0,0,0,0,0,0,0,0,0,0,0,5,4,1,48,51,68,20,21,41,14,2103
78871,7,28,LF,1,0,0,0,0,0,0,0,0,0,0,0,0,5,1,2,43,49,35,25,26,32,3,2103
78890,7,51,LF,1,0,0,0,0,0,0,0,0,0,0,0,0,3,4,1,56,55,68,34,28,44,3,2103
78966,2,103,C,1,0,0,0,0,0,0,0,0,0,0,0,0,74,69,69,51,50,43,18,19,43,22,2103
79068,6,106,SS,1,0,0,0,0,0,0,0,0,0,0,0,0,2,2,2,40,50,37,58,55,73,74,2103
79070,9,144,RF,1,0,0,0,0,0,0,0,0,0,0,0,0,16,9,12,69,54,65,29,25,33,29,2103
79125,5,128,3B,1,0,0,0,0,0,0,0,0,0,0,0,0,11,12,15,49,74,41,37,68,98,29,2103
79556,8,103,CF,1,0,0,0,0,0,0,0,0,0,0,0,0,5,1,1,83,75,65,73,65,54,60,2103
79559,7,94,LF,1,0,0,0,0,0,0,0,0,0,0,0,0,3,4,5,71,34,52,25,22,18,16,2103
79608,4,32,2B,1,0,0,0,0,0,0,0,0,0,0,0,0,4,3,2,49,60,45,83,75,78,81,2103
79645,8,45,CF,1,0,0,0,0,0,0,0,0,0,0,0,0,3,1,1,69,48,72,13,10,27,9,2103
79684,4,58,2B,1,0,0,0,0,0,0,0,0,0,0,0,0,2,2,4,39,38,49,66,54,44,76,2103
79690,4,43,2B,1,0,0,0,0,0,0,0,0,0,0,0,0,2,1,5,79,63,62,81,65,61,62,2103
79704,8,71,CF,1,0,0,0,0,0,0,0,0,0,0,0,0,1,4,1,82,72,49,35,32,36,24,2103
79783,7,128,LF,1,0,0,0,0,0,0,0,0,0,0,0,0,14,15,11,68,29,42,9,10,12,2,2103
79785,2,102,C,1,0,0,0,0,0,0,0,0,0,0,0,0,52,56,63,48,67,46,30,31,70,45,2103
79789,5,71,3B,1,0,0,0,0,0,0,0,0,0,0,0,0,1,5,1,44,54,37,44,44,78,34,2103
80804,9,26,RF,1,0,0,0,0,0,0,0,0,0,0,0,0,1,4,1,76,65,63,28,27,48,3,2103
82876,2,49,C,1,0,0,0,0,0,0,0,0,0,0,0,0,75,74,65,42,57,41,18,23,57,9,2103
83453,2,21,C,1,0,0,0,0,0,0,0,0,0,0,0,0,74,84,52,34,50,42,19,22,51,5,2103
83565,8,102,CF,1,0,0,0,0,0,0,0,0,0,0,0,0,9,14,15,93,80,83,13,11,51,2,2103
81,2,115,C,1,0,0,0,0,0,0,0,0,0,0,0,0,74,75,79,9,51,6,14,15,52,6,2104
361,2,92,C,1,0,0,0,0,0,0,0,0,0,0,0,0,69,67,48,17,20,5,15,31,21,4,2104
587,8,29,CF,1,0,0,0,0,0,0,0,0,0,0,0,0,1,2,2,47,65,53,18,17,39,4,2104
834,4,91,2B,1,0,0,0,0,0,0,0,0,0,0,0,0,2,4,3,65,51,36,78,56,70,62,2104
1320,6,80,SS,1,0,0,0,0,0,0,0,0,0,0,0,0,4,1,4,54,71,46,81,86,92,71,2104
1356,5,31,3B,1,0,0,0,0,0,0,0,0,0,0,0,0,1,1,4,24,67,24,74,70,88,71,2104
1442,7,124,LF,1,0,0,0,0,0,0,0,0,0,0,0,0,4,4,2,61,52,33,20,10,42,15,2104
1486,7,85,LF,1,0,0,0,0,0,0,0,0,0,0,0,0,2,2,2,59,65,52,29,9,32,13,2104
1493,7,54,LF,1,0,0,0,0,0,0,0,0,0,0,0,0,2,1,2,58,21,34,16,13,39,15,2104
1515,5,29,3B,1,0,0,0,0,0,0,0,0,0,0,0,0,1,1,3,36,55,33,57,51,78,34,2104
1521,7,27,LF,1,0,0,0,0,0,0,0,0,0,0,0,0,2,4,1,68,70,53,17,14,29,4,2104
2195,8,129,CF,1,0,0,0,0,0,0,0,0,0,0,0,0,1,4,3,66,61,48,47,27,36,4,2104
19464,7,107,LF,1,0,0,0,0,0,0,0,0,0,0,0,0,1,4,2,57,59,23,36,22,23,23,2104
19812,9,58,RF,1,0,0,0,0,0,0,0,0,0,0,0,0,2,2,1,69,76,38,49,29,56,30,2104
20148,7,32,LF,1,0,0,0,0,0,0,0,0,0,0,0,0,2,4,1,72,81,48,42,20,56,24,2104
20371,2,126,C,1,0,0,0,0,0,0,0,0,0,0,0,0,87,87,60,21,38,38,19,26,38,14,2104
20507,4,99,2B,1,0,0,0,0,0,0,0,0,0,0,0,0,5,3,4,36,22,38,62,60,45,44,2104
20522,5,50,3B,1,0,0,0,0,0,0,0,0,0,0,0,0,2,1,1,38,60,29,51,38,79,29,2104
20606,8,27,CF,1,0,0,0,0,0,0,0,0,0,0,0,0,1,1,3,71,76,49,26,11,46,19,2104
20748,8,129,CF,1,0,0,0,0,0,0,0,0,0,0,0,0,4,4,1,92,72,72,43,24,26,25,2104
21186,5,73,3B,1,0,0,0,0,0,0,0,0,0,0,0,0,1,1,1,33,61,42,55,61,75,35,2104
21604,2,31,C,1,0,0,0,0,0,0,0,0,0,0,0,0,82,82,46,9,25,9,17,2,31,4,2104
22022,6,51,SS,1,0,0,0,0,0,0,0,0,0,0,0,0,1,6,2,80,61,62,100,81,66,93,2104
22157,6,54,SS,1,0,0,0,0,0,0,0,0,0,0,0,0,1,5,5,28,72,63,85,79,82,73,2104
22229,9,41,RF,1,0,0,0,0,0,0,0,0,0,0,0,0,1,1,5,78,66,61,49,31,31,5,2104
22233,4,63,2B,1,0,0,0,0,0,0,0,0,0,0,0,0,3,2,1,11,77,35,84,82,82,79,2104
22312,5,125,3B,1,0,0,0,0,0,0,0,0,0,0,0,0,4,5,2,53,71,60,40,48,78,37,2104
22354,8,49,CF,1,0,0,0,0,0,0,0,0,0,0,0,0,2,2,4,70,45,50,38,23,14,28,2104
22564,4,111,2B,1,0,0,0,0,0,0,0,0,0,0,0,0,2,1,6,21,75,22,84,75,76,86,2104
24125,4,78,2B,1,0,0,0,0,0,0,0,0,0,0,0,0,2,3,5,34,76,50,76,73,83,65,2104
25302,7,79,LF,1,0,0,0,0,0,0,0,0,0,0,0,0,4,2,2,64,85,57,32,17,53,20,2104
25648,5,25,3B,1,0,0,0,0,0,0,0,0,0,0,0,0,5,1,2,38,81,53,66,75,89,49,2104
26002,7,40,LF,1,0,0,0,0,0,0,0,0,0,0,0,0,4,2,2,52,57,41,27,21,30,4,2104
26028,2,23,C,1,0,0,0,0,0,0,0,0,0,0,0,0,76,77,48,10,34,31,10,24,37,1,2104
26099,2,124,C,1,0,0,0,0,0,0,0,0,0,0,0,0,99,99,59,1,34,6,10,29,30,6,2104
26109,9,65,RF,1,0,0,0,0,0,0,0,0,0,0,0,0,4,4,2,73,93,33,37,6,19,9,2104
26131,8,38,CF,1,0,0,0,0,0,0,0,0,0,0,0,0,4,1,1,82,67,66,41,25,28,33,2104
26138,2,122,C,1,0,0,0,0,0,0,0,0,0,0,0,0,64,46,63,6,46,16,17,31,38,6,2104
26145,5,150,3B,1,0,0,0,0,0,0,0,0,0,0,0,0,6,5,5,20,82,51,74,78,86,49,2104
26177,6,30,SS,1,0,0,0,0,0,0,0,0,0,0,0,0,1,5,4,57,37,44,82,72,65,73,2104
26211,7,59,LF,1,0,0,0,0,0,0,0,0,0,0,0,0,5,4,2,65,72,40,37,20,40,27,2104
26375,9,70,RF,1,0,0,0,0,0,0,0,0,0,0,0,0,2,1,2,72,51,44,42,22,9,5,2104
26398,2,57,C,1,0,0,0,0,0,0,0,0,0,0,0,0,76,76,60,8,44,17,26,23,44,5,2104
26477,5,148,3B,1,0,0,0,0,0,0,0,0,0,0,0,0,1,1,4,28,64,29,54,57,86,46,2104
26549,2,54,C,1,0,0,0,0,0,0,0,0,0,0,0,0,78,79,88,5,63,8,19,22,62,8,2104
26597,6,107,SS,1,0,0,0,0,0,0,0,0,0,0,0,0,2,2,2,21,50,48,99,79,65,79,2104
26649,6,55,SS,1,0,0,0,0,0,0,0,0,0,0,0,0,4,3,4,10,79,46,83,76,73,78,2104
26827,8,152,CF,1,0,0,0,0,0,0,0,0,0,0,0,0,4,2,1,83,62,50,36,12,34,20,2104
26908,9,100,RF,1,0,0,0,0,0,0,0,0,0,0,0,0,4,2,2,63,70,51,18,7,35,7,2104
26919,8,104,CF,1,0,0,0,0,0,0,0,0,0,0,0,0,2,4,4,89,50,51,42,30,7,28,2104
27030,8,76,CF,1,0,0,0,0,0,0,0,0,0,0,0,0,2,3,4,68,57,39,18,10,40,8,2104
27335,6,93,SS,1,0,0,0,0,0,0,0,0,0,0,0,0,1,1,3,10,69,60,95,79,92,71,2104
27351,5,129,3B,1,0,0,0,0,0,0,0,0,0,0,0,0,3,1,1,24,82,56,57,68,95,42,2104
27462,7,105,LF,1,0,0,0,0,0,0,0,0,0,0,0,0,1,3,4,53,51,42,15,9,32,9,2104
27522,6,63,SS,1,0,0,0,0,0,0,0,0,0,0,0,0,5,1,5,51,49,36,88,63,56,77,2104
27968,8,104,CF,1,0,0,0,0,0,0,0,0,0,0,0,0,1,1,1,78,44,44,23,12,20,3,2104
28572,4,144,2B,1,0,0,0,0,0,0,0,0,0,0,0,0,5,5,1,9,16,31,67,63,38,55,2104
29641,4,31,2B,1,0,0,0,0,0,0,0,0,0,0,0,0,1,1,2,26,37,33,62,50,55,59,2104
29875,9,73,RF,1,0,0,0,0,0,0,0,0,0,0,0,0,4,2,2,60,54,26,8,10,35,8,2104
29898,7,27,LF,1,0,0,0,0,0,0,0,0,0,0,0,0,1,2,1,64,31,47,52,37,10,40,2104
30183,6,28,SS,1,0,0,0,0,0,0,0,0,0,0,0,0,1,4,3,44,66,39,85,60,67,58,2104
30398,7,64,LF,1,0,0,0,0,0,0,0,0,0,0,0,0,1,2,2,66,47,54,52,30,19,36,2104
30435,5,67,3B,1,0,0,0,0,0,0,0,0,0,0,0,0,1,5,2,19,87,46,86,81,96,75,2104
30475,7,123,LF,1,0,0,0,0,0,0,0,0,0,0,0,0,4,1,2,66,81,53,47,30,29,3,2104
30499,6,128,SS,1,0,0,0,0,0,0,0,0,0,0,0,0,1,1,2,32,77,48,94,100,97,100,2104
30515,7,136,LF,1,0,0,0,0,0,0,0,0,0,0,0,0,2,1,2,62,54,49,28,15,21,16,2104
30565,8,117,CF,1,0,0,0,0,0,0,0,0,0,0,0,0,2,2,6,95,73,67,44,29,38,42,2104
30670,8,123,CF,1,0,0,0,0,0,0,0,0,0,0,0,0,3,1,5,81,79,67,40,19,33,19,2104
30971,8,152,CF,1,0,0,0,0,0,0,0,0,0,0,0,0,3,1,1,85,74,64,55,39,42,22,2104
31314,9,152,RF,1,0,0,0,0,0,0,0,0,0,0,0,0,4,1,1,66,54,62,19,16,38,12,2104
31512,8,35,CF,1,0,0,0,0,0,0,0,0,0,0,0,0,1,1,4,75,45,49,16,11,25,14,2104
32078,2,53,C,1,0,0,0,0,0,0,0,0,0,0,0,0,76,76,40,7,15,1,7,20,15,10,2104
32111,8,101,CF,1,0,0,0,0,0,0,0,0,0,0,0,0,2,2,5,84,77,62,62,46,22,45,2104
32183,6,130,SS,1,0,0,0,0,0,0,0,0,0,0,0,0,1,5,1,22,88,45,97,80,94,71,2104
32368,2,121,C,1,0,0,0,0,0,0,0,0,0,0,0,0,65,66,55,10,25,10,19,15,22,7,2104
32405,5,129,3B,1,0,0,0,0,0,0,0,0,0,0,0,0,2,3,4,54,70,40,73,59,77,70,2104
32486,6,20,SS,1,0,0,0,0,0,0,0,0,0,0,0,0,2,1,2,43,65,41,85,72,73,75,2104
32580,9,136,RF,1,0,0,0,0,0,0,0,0,0,0,0,0,4,3,1,67,54,41,52,32,29,39,2104
32880,9,77,RF,1,0,0,0,0,0,0,0,0,0,0,0,0,1,1,4,70,70,43,22,15,25,4,2104
33066,8,90,CF,1,0,0,0,0,0,0,0,0,0,0,0,0,3,1,4,97,59,88,27,23,31,20,2104
33236,6,130,SS,1,0,0,0,0,0,0,0,0,0,0,0,0,4,5,5,53,67,46,89,73,78,73,2104
33319,7,28,LF,1,0,0,0,0,0,0,0,0,0,0,0,0,2,2,1,63,76,68,36,24,29,3,2104
33349,6,95,SS,1,0,0,0,0,0,0,0,0,0,0,0,0,4,3,3,75,79,80,100,101,96,100,2104
33382,6,130,SS,1,0,0,0,0,0,0,0,0,0,0,0,0,1,2,1,68,96,41,78,66,82,66,2104
33421,6,31,SS,1,0,0,0,0,0,0,0,0,0,0,0,0,1,1,2,29,89,35,70,80,84,58,2104
33539,6,48,SS,1,0,0,0,0,0,0,0,0,0,0,0,0,4,1,3,59,57,54,87,88,81,75,2104
33650,2,33,C,1,0,0,0,0,0,0,0,0,0,0,0,0,59,58,63,28,45,28,30,16,61,23,2104
33722,9,43,RF,54,32,34,0,22,0,0,0,0,0,0,0,0,2,1,1,63,47,53,25,12,32,6,2104
33802,7,57,LF,1,0,0,0,0,0,0,0,0,0,0,0,0,2,2,3,70,54,43,39,21,9,27,2104
34211,6,152,SS,1,0,0,0,0,0,0,0,0,0,0,0,0,3,1,3,8,47,37,101,75,67,75,2104
34435,4,96,2B,1,0,0,0,0,0,0,0,0,0,0,0,0,4,1,5,53,49,38,78,68,77,84,2104
34444,2,53,C,1,0,0,0,0,0,0,0,0,0,0,0,0,83,89,65,7,30,32,20,16,36,10,2104
34466,6,141,SS,1,0,0,0,0,0,0,0,0,0,0,0,0,1,1,5,56,67,20,88,46,102,73,2104
34482,2,24,C,1,0,0,0,0,0,0,0,0,0,0,0,0,70,69,70,1,49,37,10,8,42,5,2104
34623,4,67,2B,1,0,0,0,0,0,0,0,0,0,0,0,0,3,1,1,7,18,40,77,83,58,78,2104
34644,2,23,C,1,0,0,0,0,0,0,0,0,0,0,0,0,82,81,68,20,40,6,12,14,40,6,2104
34682,5,148,3B,1,0,0,0,0,0,0,0,0,0,0,0,0,4,3,4,46,72,38,74,71,88,63,2104
34690,7,62,LF,1,0,0,0,0,0,0,0,0,0,0,0,0,4,2,1,70,65,64,13,14,40,9,2104
34704,2,43,C,1,0,0,0,0,0,0,0,0,0,0,0,0,69,71,70,11,61,6,13,20,52,6,2104
34708,2,85,C,1,0,0,0,0,0,0,0,0,0,0,0,0,62,73,85,8,67,9,10,17,54,4,2104
34819,8,63,CF,1,0,0,0,0,0,0,0,0,0,0,0,0,1,1,3,71,57,43,8,6,13,6,2104
34881,8,47,CF,1,0,0,0,0,0,0,0,0,0,0,0,0,3,1,4,72,64,87,20,18,30,7,2104
35315,2,123,C,1,0,0,0,0,0,0,0,0,0,0,0,0,78,77,44,7,25,25,8,24,24,6,2104
35578,2,33,C,1,0,0,0,0,0,0,0,0,0,0,0,0,82,100,46,8,29,42,54,12,22,9,2104
35584,6,91,SS,1,0,0,0,0,0,0,0,0,0,0,0,0,2,5,1,59,55,34,92,62,62,72,2104
35727,4,123,2B,1,0,0,0,0,0,0,0,0,0,0,0,0,1,4,2,51,49,44,75,67,73,69,2104
35828,8,88,CF,1,0,0,0,0,0,0,0,0,0,0,0,0,1,3,1,81,54,87,23,14,30,10,2104
35904,4,131,2B,1,0,0,0,0,0,0,0,0,0,0,0,0,4,1,5,37,53,37,79,69,76,74,2104
36431,2,29,C,1,0,0,0,0,0,0,0,0,0,0,0,0,74,78,74,8,53,13,14,27,50,10,2104
36510,7,50,LF,1,0,0,0,0,0,0,0,0,0,0,0,0,2,1,3,60,43,58,17,11,29,8,2104
36525,9,58,RF,1,0,0,0,0,0,0,0,0,0,0,0,0,1,2,5,66,99,80,20,20,63,3,2104
36543,5,51,3B,1,0,0,0,0,0,0,0,0,0,0,0,0,1,5,1,45,54,37,72,57,75,48,2104
36614,5,25,3B,1,0,0,0,0,0,0,0,0,0,0,0,0,2,4,4,29,46,31,39,63,56,26,2104
36796,4,137,2B,1,0,0,0,0,0,0,0,0,0,0,0,0,2,1,4,17,29,35,82,65,50,52,2104
36879,8,99,CF,1,0,0,0,0,0,0,0,0,0,0,0,0,4,2,4,89,56,101,35,16,25,32,2104
37068,5,100,3B,1,0,0,0,0,0,0,0,0,0,0,0,0,4,5,3,36,69,44,68,78,81,59,2104
37135,7,81,LF,1,0,0,0,0,0,0,0,0,0,0,0,0,5,2,1,71,67,81,24,14,21,17,2104
37147,9,24,RF,1,0,0,0,0,0,0,0,0,0,0,0,0,1,3,1,76,65,41,33,15,33,22,2104
37342,6,129,SS,1,0,0,0,0,0,0,0,0,0,0,0,0,4,2,2,20,83,53,77,74,94,72,2104
37811,9,83,RF,1,0,0,0,0,0,0,0,0,0,0,0,0,1,1,1,86,73,68,40,37,9,43,2104
37817,5,40,3B,1,0,0,0,0,0,0,0,0,0,0,0,0,4,2,5,31,40,41,49,58,59,55,2104
38167,4,122,2B,1,0,0,0,0,0,0,0,0,0,0,0,0,2,1,1,20,65,11,78,60,49,61,2104
38170,9,144,RF,1,0,0,0,0,0,0,0,0,0,0,0,0,5,3,3,55,83,51,30,19,52,24,2104
38538,2,104,C,1,0,0,0,0,0,0,0,0,0,0,0,0,64,70,70,9,29,25,24,25,28,9,2104
38610,9,141,RF,1,0,0,0,0,0,0,0,0,0,0,0,0,2,4,1,64,66,64,6,6,17,2,2104
38739,8,77,CF,1,0,0,0,0,0,0,0,0,0,0,0,0,1,2,2,85,55,52,34,19,12,31,2104
38876,4,94,2B,1,0,0,0,0,0,0,0,0,0,0,0,0,2,1,1,22,71,56,70,79,79,76,2104
38979,2,82,C,59,77,0,72,43,0,27,0,0,0,0,0,0,63,62,58,8,37,29,14,15,41,8,2104
39024,6,24,SS,1,0,0,0,0,0,0,0,0,0,0,0,0,1,2,2,57,80,61,73,63,79,63,2104
39058,7,99,LF,1,0,0,0,0,0,0,0,0,0,0,0,0,5,2,4,68,57,63,17,15,42,9,2104
39100,6,124,SS,1,0,0,0,0,0,0,0,0,0,0,0,0,1,4,1,33,61,41,86,80,79,71,2104
39547,7,150,LF,1,0,0,0,0,0,0,0,0,0,0,0,0,1,2,4,48,41,73,8,8,12,5,2104
39576,4,70,2B,1,0,0,0,0,0,0,0,0,0,0,0,0,4,5,1,42,45,38,72,61,60,64,2104
39584,8,74,CF,1,0,0,0,0,0,0,0,0,0,0,0,0,2,1,3,82,65,50,30,27,33,31,2104
39587,6,146,SS,1,0,0,0,0,0,0,0,0,0,0,0,0,4,3,4,7,62,65,98,94,72,100,2104
39625,2,108,C,1,0,0,0,0,0,0,0,0,0,0,0,0,68,74,33,10,11,22,21,13,7,4,2104
39691,5,115,3B,1,0,0,0,0,0,0,0,0,0,0,0,0,3,4,1,34,69,7,66,41,95,30,2104
39789,2,124,C,1,0,0,0,0,0,0,0,0,0,0,0,0,64,72,47,6,27,8,24,16,28,6,2104
39854,2,67,C,1,0,0,0,0,0,0,0,0,0,0,0,0,72,79,52,2,37,7,7,39,30,6,2104
39940,6,137,SS,1,0,0,0,0,0,0,0,0,0,0,0,0,5,1,4,18,72,51,93,86,83,88,2104
39957,2,55,C,1,0,0,0,0,0,0,0,0,0,0,0,0,80,87,42,7,20,8,22,16,13,7,2104
39974,6,150,SS,1,0,0,0,0,0,0,0,0,0,0,0,0,4,3,5,7,47,38,91,61,61,84,2104
39984,4,21,2B,1,0,0,0,0,0,0,0,0,0,0,0,0,1,1,2,1,52,44,42,91,51,61,2104
40138,2,50,C,1,0,0,0,0,0,0,0,0,0,0,0,0,84,81,63,47,41,2,8,23,38,6,2104
40325,9,92,RF,1,0,0,0,0,0,0,0,0,0,0,0,0,2,2,2,62,72,61,32,8,29,4,2104
40389,5,96,3B,1,0,0,0,0,0,0,0,0,0,0,0,0,1,1,4,10,79,42,68,77,92,88,2104
40411,6,99,SS,1,0,0,0,0,0,0,0,0,0,0,0,0,5,1,5,28,91,70,77,100,98,88,2104
40419,6,32,SS,1,0,0,0,0,0,0,0,0,0,0,0,0,5,2,2,10,70,49,81,63,84,73,2104
40442,5,105,3B,1,0,0,0,0,0,0,0,0,0,0,0,0,1,1,3,6,62,39,71,71,79,84,2104
40465,5,117,3B,1,0,0,0,0,0,0,0,0,0,0,0,0,3,1,1,61,71,65,64,75,73,67,2104
40512,2,116,C,1,0,0,0,0,0,0,0,0,0,0,0,0,71,76,76,1,57,6,15,34,60,6,2104
40686,4,24,2B,1,0,0,0,0,0,0,0,0,0,0,0,0,4,3,1,48,51,28,66,42,56,50,2104
40771,9,99,RF,1,0,0,0,0,0,0,0,0,0,0,0,0,1,2,4,67,63,48,40,19,26,5,2104
40908,7,102,LF,1,0,0,0,0,0,0,0,0,0,0,0,0,1,2,1,66,68,66,33,14,36,14,2104
41117,4,50,2B,1,0,0,0,0,0,0,0,0,0,0,0,0,3,2,4,24,17,27,72,69,47,72,2104
41130,9,41,RF,1,0,0,0,0,0,0,0,0,0,0,0,0,5,4,4,79,65,68,49,33,26,6,2104
41607,6,71,SS,1,0,0,0,0,0,0,0,0,0,0,0,0,4,2,1,7,55,38,88,43,68,54,2104
41629,4,25,2B,1,0,0,0,0,0,0,0,0,0,0,0,0,4,4,1,13,77,29,76,56,69,56,2104
42000,5,61,3B,1,0,0,0,0,0,0,0,0,0,0,0,0,4,4,1,26,46,13,54,36,75,34,2104
42226,8,106,CF,1,0,0,0,0,0,0,0,0,0,0,0,0,4,1,2,84,66,49,30,16,20,5,2104
42267,2,80,C,1,0,0,0,0,0,0,0,0,0,0,0,0,70,77,80,6,54,6,9,22,51,6,2104
42291,4,45,2B,1,0,0,0,0,0,0,0,0,0,0,0,0,5,2,3,8,17,24,65,54,35,43,2104
42377,6,81,SS,1,0,0,0,0,0,0,0,0,0,0,0,0,3,3,5,31,84,53,80,100,70,98,2104
42565,4,75,2B,1,0,0,0,0,0,0,0,0,0,0,0,0,3,2,5,53,62,61,81,86,85,86,2104
42688,4,78,2B,1,0,0,0,0,0,0,0,0,0,0,0,0,4,1,2,17,61,54,71,58,64,34,2104
42743,2,25,C,1,0,0,0,0,0,0,0,0,0,0,0,0,71,74,70,15,50,7,28,23,50,23,2104
42767,2,31,C,1,0,0,0,0,0,0,0,0,0,0,0,0,65,80,72,7,51,16,10,12,58,7,2104
42780,2,36,C,1,0,0,0,0,0,0,0,0,0,0,0,0,65,64,58,7,38,7,16,13,33,22,2104
42856,7,35,LF,1,0,0,0,0,0,0,0,0,0,0,0,0,4,5,2,56,48,59,42,33,9,39,2104
42970,2,106,C,1,0,0,0,0,0,0,0,0,0,0,0,0,60,66,69,7,42,7,20,28,40,6,2104
43024,2,124,C,1,0,0,0,0,0,0,0,0,0,0,0,0,69,66,58,6,20,22,11,9,20,6,2104
43217,9,57,RF,1,0,0,0,0,0,0,0,0,0,0,0,0,1,3,2,80,92,76,29,19,21,4,2104
43385,8,77,CF,1,0,0,0,0,0,0,0,0,0,0,0,0,1,1,3,68,82,69,29,25,42,3,2104
43502,8,100,CF,1,0,0,0,0,0,0,0,0,0,0,0,0,3,4,1,81,55,61,45,36,10,35,2104
43700,9,27,RF,1,0,0,0,0,0,0,0,0,0,0,0,0,1,1,2,71,69,28,43,28,34,4,2104
43909,2,51,C,1,0,0,0,0,0,0,0,0,0,0,0,0,74,74,50,9,27,38,14,6,25,6,2104
44046,6,135,SS,1,0,0,0,0,0,0,0,0,0,0,0,0,1,5,2,59,64,60,71,86,75,67,2104
44157,9,75,RF,1,0,0,0,0,0,0,0,0,0,0,0,0,4,1,3,59,61,72,13,13,32,3,2104
44249,5,34,3B,1,0,0,0,0,0,0,0,0,0,0,0,0,4,2,1,8,58,37,77,69,73,62,2104
44301,9,49,RF,1,13,0,0,0,0,0,0,0,0,0,0,0,1,1,4,65,80,46,30,11,44,10,2104
44459,9,154,RF,1,7,0,0,0,0,0,0,0,0,0,0,0,1,1,4,59,85,57,15,18,33,5,2104
44539,8,40,CF,1,10,0,0,0,0,0,0,0,0,0,0,0,1,1,5,77,54,67,35,20,29,13,2104
44857,6,42,SS,1,6,0,0,0,0,0,0,0,0,0,0,0,4,2,2,52,74,40,73,50,83,58,2104
44858,7,97,LF,1,0,0,0,0,0,0,0,0,0,0,0,0,2,4,2,61,53,56,52,43,30,37,2104
44869,4,21,2B,1,4,0,0,0,0,0,0,0,0,0,0,0,4,4,3,7,54,41,53,50,59,42,2104
44889,6,31,SS,1,11,0,0,0,0,0,0,0,0,0,0,0,2,1,1,15,47,61,94,63,62,65,2104
45113,9,110,RF,48,84,83,94,0,0,48,0,0,0,0,0,0,2,1,4,56,53,51,22,29,52,4,2104
45147,7,37,LF,1,0,0,0,0,0,0,0,0,0,0,0,0,3,2,4,80,45,34,28,17,42,27,2104
45622,2,42,C,1,6,0,0,0,0,0,0,0,0,0,0,0,67,61,35,2,34,43,6,11,21,18,2104
46065,4,44,2B,1,0,0,0,0,0,0,0,0,0,0,0,0,1,4,5,28,16,28,70,73,48,73,2104
46814,4,26,2B,1,0,0,0,0,0,0,0,0,0,0,0,0,6,7,7,9,68,38,53,48,85,29,2104
47056,2,85,C,1,0,0,0,0,0,0,0,0,0,0,0,0,76,91,85,6,45,27,16,6,49,37,2104
47273,2,58,C,1,10,0,0,0,0,0,0,0,0,0,0,0,86,85,33,7,9,15,10,18,8,4,2104
47372,7,62,LF,1,11,0,0,0,0,0,0,0,0,0,0,0,1,1,2,63,51,55,34,24,19,26,2104
47609,4,148,2B,1,0,0,0,0,0,0,0,0,0,0,0,0,1,1,2,28,8,32,74,79,47,76,2104
47759,4,44,2B,1,0,0,0,0,0,0,0,0,0,0,0,0,1,5,3,15,59,63,78,77,74,75,2104
47819,4,136,2B,1,0,0,0,0,0,0,0,0,0,0,0,0,3,1,1,10,12,54,69,78,50,85,2104
47844,8,22,CF,1,0,0,0,0,0,0,0,0,0,0,0,0,2,1,5,62,61,46,29,16,17,4,2104
48846,6,34,SS,1,0,0,0,0,0,0,0,0,0,0,0,0,4,1,5,59,61,51,84,81,82,83,2104
48965,5,62,3B,1,0,0,0,0,0,0,0,0,0,0,0,0,4,1,5,19,81,62,57,58,69,62,2104
49397,4,36,2B,1,0,0,0,0,0,0,0,0,0,0,0,0,7,14,16,8,25,22,64,58,50,66,2104
49432,7,108,LF,1,0,0,0,0,0,0,0,0,0,0,0,0,4,3,5,73,57,69,15,16,29,4,2104
49535,8,52,CF,1,0,0,0,0,0,0,0,0,0,0,0,0,4,2,4,76,37,53,54,28,16,37,2104
50569,4,105,2B,1,0,0,0,0,0,0,0,0,0,0,0,0,1,3,2,40,59,47,73,66,66,61,2104
50867,2,97,C,1,0,0,0,0,0,0,0,0,0,0,0,0,89,91,86,7,67,3,16,16,68,7,2104
53393,8,75,CF,1,0,0,0,0,0,0,0,0,0,0,0,0,2,4,1,74,62,78,43,27,10,41,2104
54643,8,39,CF,1,0,0,0,0,0,0,0,0,0,0,0,0,1,1,2,76,68,48,24,10,27,12,2104
56161,4,66,2B,1,0,0,0,0,0,0,0,0,0,0,0,0,1,3,4,43,36,43,29,40,29,31,2104
61722,5,80,3B,1,1,0,0,0,0,0,0,0,0,0,0,0,1,1,4,32,52,46,46,70,64,46,2104
63350,6,82,SS,1,0,0,0,0,0,0,0,0,0,0,0,0,1,1,2,60,71,52,82,72,85,75,2104
63791,2,26,C,1,0,0,0,0,0,0,0,0,0,0,0,0,73,77,71,7,51,7,10,7,50,1,2104
64705,7,80,LF,1,0,0,0,0,0,0,0,0,0,0,0,0,2,1,1,84,51,77,45,38,6,34,2104
70721,8,100,CF,1,0,0,0,0,0,0,0,0,0,0,0,0,2,4,5,77,69,50,33,20,27,4,2104
70722,5,52,3B,1,0,0,0,0,0,0,0,0,0,0,0,0,2,2,3,42,57,34,74,55,66,61,2104
70729,8,105,CF,1,0,0,0,0,0,0,0,0,0,0,0,0,1,1,5,79,71,71,57,38,37,4,2104
70744,2,79,C,1,0,0,0,0,0,0,0,0,0,0,0,0,57,57,60,62,53,50,26,26,53,2,2104
70792,9,67,RF,1,0,0,0,0,0,0,0,0,0,0,0,0,3,1,1,66,69,69,51,49,47,3,2104
70796,6,57,SS,1,0,0,0,0,0,0,0,0,0,0,0,0,2,1,1,70,66,55,97,81,88,71,2104
70906,8,153,CF,1,0,0,0,0,0,0,0,0,0,0,0,0,1,1,5,73,46,46,50,30,9,30,2104
71006,5,68,3B,1,0,0,0,0,0,0,0,0,0,0,0,0,1,1,1,40,53,38,81,60,64,60,2104
71008,9,83,RF,1,0,0,0,0,0,0,0,0,0,0,0,0,2,2,1,77,71,49,47,21,34,27,2104
71073,4,98,2B,1,0,0,0,0,0,0,0,0,0,0,0,0,4,2,2,30,55,27,70,62,66,58,2104
71089,2,59,C,1,0,0,0,0,0,0,0,0,0,0,0,0,68,64,58,27,41,18,12,17,33,5,2104
71177,5,74,3B,1,0,0,0,0,0,0,0,0,0,0,0,0,1,4,4,55,61,46,65,72,73,71,2104
71194,8,36,CF,1,0,0,0,0,0,0,0,0,0,0,0,0,9,11,10,63,47,61,18,15,18,10,2104
71328,4,126,2B,1,0,0,0,0,0,0,0,0,0,0,0,0,9,12,15,35,44,37,75,53,45,64,2104
71390,4,28,2B,1,0,0,0,0,0,0,0,0,0,0,0,0,1,2,1,26,59,37,71,62,71,66,2104
71447,4,104,2B,1,0,0,0,0,0,0,0,0,0,0,0,0,4,1,4,57,59,42,75,79,74,65,2104
71456,2,39,C,1,0,0,0,0,0,0,0,0,0,0,0,0,68,65,54,13,30,23,22,31,26,6,2104
71461,2,74,C,1,0,0,0,0,0,0,0,0,0,0,0,0,67,65,53,8,28,8,20,34,30,9,2104
71463,6,88,SS,1,0,0,0,0,0,0,0,0,0,0,0,0,4,4,1,68,46,48,95,70,66,70,2104
71476,4,29,2B,1,0,0,0,0,0,0,0,0,0,0,0,0,2,5,4,47,52,59,97,74,58,81,2104
71495,6,85,SS,1,0,0,0,0,0,0,0,0,0,0,0,0,1,2,2,49,46,27,73,53,69,67,2104
71571,7,85,LF,1,0,0,0,0,0,0,0,0,0,0,0,0,4,3,4,68,63,52,10,10,30,3,2104
71600,7,99,LF,1,0,0,0,0,0,0,0,0,0,0,0,0,1,3,1,68,73,29,49,36,13,17,2104
71602,4,141,2B,1,0,0,0,0,0,0,0,0,0,0,0,0,2,4,2,49,60,55,79,58,69,61,2104
71629,2,26,C,1,0,0,0,0,0,0,0,0,0,0,0,0,83,83,80,1,57,10,18,11,59,20,2104
71654,6,134,SS,1,0,0,0,0,0,0,0,0,0,0,0,0,4,5,5,53,60,47,83,77,83,87,2104
71682,6,152,SS,1,0,0,0,0,0,0,0,0,0,0,0,0,1,1,1,9,64,54,85,94,80,86,2104
71820,9,30,RF,1,0,0,0,0,0,0,0,0,0,0,0,0,2,2,4,70,73,39,52,36,38,3,2104
71832,9,43,RF,1,0,0,0,0,0,0,0,0,0,0,0,0,2,3,3,55,80,51,10,4,50,1,2104
71891,5,78,3B,1,0,0,0,0,0,0,0,0,0,0,0,0,1,1,2,61,83,69,62,78,54,29,2104
71893,4,68,2B,1,0,0,0,0,0,0,0,0,0,0,0,0,4,4,2,18,70,48,59,78,70,61,2104
71917,9,41,RF,1,0,0,0,0,0,0,0,0,0,0,0,0,1,4,1,51,71,29,24,20,39,3,2104
71932,6,32,SS,1,0,0,0,0,0,0,0,0,0,0,0,0,5,2,1,45,40,14,73,42,60,55,2104
71946,4,33,2B,1,0,0,0,0,0,0,0,0,0,0,0,0,1,2,4,34,70,27,78,61,82,66,2104
71968,2,40,C,1,0,0,0,0,0,0,0,0,0,0,0,0,62,60,88,22,74,7,22,16,74,6,2104
71970,2,78,C,1,0,0,0,0,0,0,0,0,0,0,0,0,65,65,62,7,50,7,15,22,44,5,2104
71985,5,26,3B,1,0,0,0,0,0,0,0,0,0,0,0,0,4,3,4,26,6,41,61,45,26,47,2104
71997,6,113,SS,1,0,0,0,0,0,0,0,0,0,0,0,0,1,2,5,50,85,53,87,84,91,79,2104
72017,5,37,3B,1,0,0,0,0,0,0,0,0,0,0,0,0,2,2,2,44,52,42,54,40,62,27,2104
72056,4,99,2B,1,0,0,0,0,0,0,0,0,0,0,0,0,1,4,2,65,57,58,79,43,56,65,2104
72068,4,150,2B,1,0,0,0,0,0,0,0,0,0,0,0,0,2,1,2,51,40,38,85,55,49,67,2104
72073,9,60,RF,1,0,0,0,0,0,0,0,0,0,0,0,0,3,2,4,70,87,50,55,28,66,30,2104
72077,2,112,C,1,0,0,0,0,0,0,0,0,0,0,0,0,60,74,40,24,27,12,27,20,22,5,2104
72082,4,88,2B,1,0,0,0,0,0,0,0,0,0,0,0,0,4,1,1,44,66,28,81,67,71,45,2104
72103,4,22,2B,1,0,0,0,0,0,0,0,0,0,0,0,0,4,1,3,48,24,37,63,43,36,44,2104
72273,8,71,CF,1,0,0,0,0,0,0,0,0,0,0,0,0,4,1,1,77,70,59,20,16,24,10,2104
72367,7,20,LF,1,0,0,0,0,0,0,0,0,0,0,0,0,3,2,1,59,33,55,60,37,6,41,2104
72389,9,50,RF,1,0,0,0,0,0,0,0,0,0,0,0,0,2,4,4,66,74,41,27,18,41,15,2104
72404,6,48,SS,1,0,0,0,0,0,0,0,0,0,0,0,0,1,5,2,59,52,46,82,69,71,70,2104
72409,7,27,LF,1,0,0,0,0,0,0,0,0,0,0,0,0,3,5,3,64,69,41,28,20,42,3,2104
72425,2,134,C,1,0,0,0,0,0,0,0,0,0,0,0,0,82,82,60,36,31,47,13,22,30,8,2104
72428,9,53,RF,1,0,0,0,0,0,0,0,0,0,0,0,0,1,3,2,48,76,52,31,24,48,20,2104
72442,7,46,LF,1,0,0,0,0,0,0,0,0,0,0,0,0,4,2,5,59,62,31,10,7,22,3,2104
72447,7,78,LF,1,0,0,0,0,0,0,0,0,0,0,0,0,1,1,3,69,57,60,50,32,33,34,2104
72459,2,57,C,1,0,0,0,0,0,0,0,0,0,0,0,0,65,68,60,14,48,22,12,29,39,2,2104
72468,4,54,2B,1,0,0,0,0,0,0,0,0,0,0,0,0,5,1,5,44,72,42,84,73,78,73,2104
72481,9,58,RF,1,0,0,0,0,0,0,0,0,0,0,0,0,2,3,1,63,66,37,37,22,44,4,2104
72485,2,60,C,1,0,0,0,0,0,0,0,0,0,0,0,0,58,55,49,24,24,4,27,34,33,6,2104
72513,4,60,2B,1,0,0,0,0,0,0,0,0,0,0,0,0,4,1,4,29,26,35,70,72,54,76,2104
72515,6,48,SS,1,0,0,0,0,0,0,0,0,0,0,0,0,1,2,4,58,78,56,71,64,83,60,2104
72560,5,49,3B,1,0,0,0,0,0,0,0,0,0,0,0,0,5,4,1,60,72,36,64,55,62,54,2104
72593,7,36,LF,1,0,0,0,0,0,0,0,0,0,0,0,0,2,4,1,71,51,57,36,23,16,27,2104
72614,8,134,CF,1,0,0,0,0,0,0,0,0,0,0,0,0,5,4,1,79,61,43,58,37,35,38,2104
72619,8,146,CF,1,0,0,0,0,0,0,0,0,0,0,0,0,5,4,2,83,78,63,39,24,36,25,2104
72651,2,48,C,1,0,0,0,0,0,0,0,0,0,0,0,0,57,58,60,13,30,3,26,46,35,6,2104
72667,2,54,C,1,0,0,0,0,0,0,0,0,0,0,0,0,71,71,79,16,52,2,10,8,49,5,2104
72774,2,50,C,1,0,0,0,0,0,0,0,0,0,0,0,0,63,62,56,22,16,24,13,16,14,2,2104
72859,9,53,RF,1,0,0,0,0,0,0,0,0,0,0,0,0,3,1,5,62,64,62,14,11,25,7,2104
72912,5,83,3B,1,0,0,0,0,0,0,0,0,0,0,0,0,11,10,12,6,66,57,76,76,83,48,2104
72915,5,27,3B,1,0,0,0,0,0,0,0,0,0,0,0,0,1,4,2,26,19,28,60,42,35,57,2104
72920,6,51,SS,1,0,0,0,0,0,0,0,0,0,0,0,0,1,4,1,50,69,46,77,53,75,52,2104
72969,7,24,LF,1,0,0,0,0,0,0,0,0,0,0,0,0,2,2,2,71,63,53,46,26,35,31,2104
72995,4,85,2B,79,22,0,0,0,0,20,25,0,0,0,0,0,4,2,3,49,33,31,73,48,51,63,2104
73058,5,103,3B,1,0,0,0,0,0,0,0,0,0,0,0,0,1,3,2,28,56,21,64,43,78,54,2104
73112,8,28,CF,1,0,0,0,0,0,0,0,0,0,0,0,0,4,5,3,78,18,53,74,72,39,68,2104
73196,6,27,SS,1,0,0,0,0,0,0,0,0,0,0,0,0,2,2,1,21,26,18,51,53,39,40,2104
73239,6,45,SS,1,0,0,0,0,0,0,0,0,0,0,0,0,3,1,4,15,77,23,78,62,83,54,2104
73293,6,70,SS,1,0,0,0,0,0,0,0,0,0,0,0,0,1,2,1,55,57,60,53,37,28,40,2104
73301,2,133,C,1,0,0,0,0,0,0,0,0,0,0,0,0,70,73,50,14,41,8,13,26,33,6,2104
73583,7,78,LF,1,0,0,0,0,0,0,0,0,0,0,0,0,1,4,1,71,58,62,56,40,16,44,2104
73592,4,25,2B,1,0,0,0,0,0,0,0,0,0,0,0,0,1,3,3,43,22,34,70,58,51,64,2104
73629,5,83,3B,1,0,0,0,0,0,0,0,0,0,0,0,0,1,2,1,69,71,48,76,71,80,80,2104
73633,2,99,C,1,0,0,0,0,0,0,0,0,0,0,0,0,76,75,56,13,38,47,25,27,34,5,2104
73646,5,44,3B,1,0,0,0,0,0,0,0,0,0,0,0,0,2,4,4,37,64,24,63,47,82,49,2104
73655,4,75,2B,1,0,0,0,0,0,0,0,0,0,0,0,0,1,1,4,40,20,54,53,63,44,62,2104
73667,5,108,3B,1,0,0,0,0,0,0,0,0,0,0,0,0,3,3,2,49,77,53,75,63,78,64,2104
73673,6,23,SS,1,0,0,0,0,0,0,0,0,0,0,0,0,3,4,4,43,63,42,77,43,60,56,2104
73680,6,21,SS,1,0,0,0,0,0,0,0,0,0,0,0,0,1,2,4,23,65,38,96,76,66,67,2104
73689,6,68,SS,1,0,0,0,0,0,0,0,0,0,0,0,0,5,1,1,55,64,31,70,57,72,63,2104
73693,5,82,3B,1,0,0,0,0,0,0,0,0,0,0,0,0,6,9,11,36,55,41,46,35,68,47,2104
73706,8,93,CF,1,0,0,0,0,0,0,0,0,0,0,0,0,3,2,2,81,58,68,50,29,18,33,2104
73709,7,43,LF,1,0,0,0,0,0,0,0,0,0,0,0,0,1,1,3,68,78,42,56,38,53,3,2104
73792,7,43,LF,1,0,0,0,0,0,0,0,0,0,0,0,0,1,4,2,52,48,66,25,20,15,13,2104
73832,8,147,CF,1,0,0,0,0,0,0,0,0,0,0,0,0,1,4,1,72,48,54,8,9,14,4,2104
73866,4,84,2B,1,0,0,0,0,0,0,0,0,0,0,0,0,3,5,4,39,48,33,78,89,67,64,2104
73883,9,31,RF,1,0,0,0,0,0,0,0,0,0,0,0,0,4,2,1,62,89,61,13,6,60,3,2104
73930,9,43,RF,1,0,0,0,0,0,0,0,0,0,0,0,0,2,4,1,79,29,49,39,24,18,21,2104
73991,9,87,RF,1,0,0,0,0,0,0,0,0,0,0,0,0,9,6,9,50,79,51,24,23,52,4,2104
74046,5,74,3B,1,0,0,0,0,0,0,0,0,0,0,0,0,3,1,2,26,38,28,55,53,68,44,2104
74054,9,82,RF,1,0,0,0,0,0,0,0,0,0,0,0,0,2,5,2,66,76,52,18,18,44,9,2104
74056,5,113,3B,1,0,0,0,0,0,0,0,0,0,0,0,0,9,6,13,36,56,32,66,62,77,55,2104
74110,7,30,LF,1,0,0,0,0,0,0,0,0,0,0,0,0,12,7,14,60,53,39,24,12,55,14,2104
74185,7,66,LF,1,0,0,0,0,0,0,0,0,0,0,0,0,1,1,2,66,43,56,8,7,14,1,2104
74200,9,41,RF,1,0,0,0,0,0,0,0,0,0,0,0,0,2,2,4,67,35,54,21,16,25,7,2104
74274,7,66,LF,1,0,0,0,0,0,0,0,0,0,0,0,0,1,4,5,60,46,48,37,30,33,28,2104
74302,7,154,LF,1,0,0,0,0,0,0,0,0,0,0,0,0,1,5,4,77,39,55,55,43,13,37,2104
74448,2,125,C,1,0,0,0,0,0,0,0,0,0,0,0,0,64,58,70,52,48,49,18,10,47,6,2104
74527,5,53,3B,1,0,0,0,0,0,0,0,0,0,0,0,0,4,2,2,45,59,29,72,54,71,54,2104
74553,9,109,RF,1,0,0,0,0,0,0,0,0,0,0,0,0,1,4,1,70,49,45,52,46,36,40,2104
74579,5,45,3B,1,0,0,0,0,0,0,0,0,0,0,0,0,6,12,11,30,49,21,53,51,76,53,2104
74595,8,124,CF,1,0,0,0,0,0,0,0,0,0,0,0,0,9,6,7,70,64,57,51,39,31,3,2104
74663,7,78,LF,1,0,0,0,0,0,0,0,0,0,0,0,0,4,1,4,61,67,43,64,57,70,46,2104
74667,9,100,RF,1,0,0,0,0,0,0,0,0,0,0,0,0,1,1,4,60,50,27,7,1,20,1,2104
74692,8,23,CF,1,0,0,0,0,0,0,0,0,0,0,0,0,11,11,6,72,49,59,12,7,24,3,2104
74860,9,70,RF,1,0,0,0,0,0,0,0,0,0,0,0,0,4,4,1,66,56,58,14,7,36,2,2104
74865,4,20,2B,1,0,0,0,0,0,0,0,0,0,0,0,0,3,4,4,49,47,29,69,49,56,51,2104
74890,7,52,LF,1,0,0,0,0,0,0,0,0,0,0,0,0,4,1,4,75,45,64,28,23,37,24,2104
74981,4,28,2B,1,0,0,0,0,0,0,0,0,0,0,0,0,9,6,4,52,64,40,59,44,70,55,2104
74991,4,70,2B,1,0,0,0,0,0,0,0,0,0,0,0,0,1,4,2,30,37,31,53,43,43,65,2104
75020,8,35,CF,1,0,0,0,0,0,0,0,0,0,0,0,0,4,1,3,65,43,53,27,18,18,3,2104
75063,5,91,3B,1,0,0,0,0,0,0,0,0,0,0,0,0,4,1,1,22,45,24,61,66,73,54,2104
75101,5,53,3B,1,0,0,0,0,0,0,0,0,0,0,0,0,9,5,11,44,48,28,62,45,74,37,2104
75183,6,36,SS,1,0,0,0,0,0,0,0,0,0,0,0,0,2,1,4,68,69,51,67,51,70,64,2104
75196,5,125,3B,1,0,0,0,0,0,0,0,0,0,0,0,0,11,9,10,33,46,29,63,51,65,48,2104
75214,5,72,3B,1,0,0,0,0,0,0,0,0,0,0,0,0,2,1,3,36,59,33,74,62,79,73,2104
75405,7,37,LF,1,0,0,0,0,0,0,0,0,0,0,0,0,4,2,4,67,43,47,42,30,17,4,2104
75518,8,57,CF,1,0,0,0,0,0,0,0,0,0,0,0,0,9,12,5,73,44,44,42,21,31,21,2104
75519,2,116,C,1,0,0,0,0,0,0,0,0,0,0,0,0,67,67,73,57,65,54,26,8,60,49,2104
75529,7,29,LF,1,0,0,0,0,0,0,0,0,0,0,0,0,2,2,2,62,55,34,31,24,48,17,2104
75534,7,65,LF,1,0,0,0,0,0,0,0,0,0,0,0,0,1,1,2,65,51,57,20,10,18,8,2104
75544,9,151,RF,1,0,0,0,0,0,0,0,0,0,0,0,0,13,6,6,69,74,66,39,33,49,27,2104
75555,5,139,3B,1,0,0,0,0,0,0,0,0,0,0,0,0,1,1,4,36,52,35,60,58,78,40,2104
75570,9,64,RF,1,0,0,0,0,0,0,0,0,0,0,0,0,1,4,3,71,79,59,33,28,53,19,2104
75670,7,20,LF,1,0,0,0,0,0,0,0,0,0,0,0,0,1,1,3,63,58,48,10,10,31,1,2104
75733,6,27,SS,1,0,0,0,0,0,0,0,0,0,0,0,0,1,3,1,30,43,30,68,55,61,55,2104
75832,9,128,RF,1,0,0,0,0,0,0,0,0,0,0,0,0,4,2,3,71,58,44,24,19,31,4,2104
75852,7,131,LF,1,0,0,0,0,0,0,0,0,0,0,0,0,3,3,3,72,59,56,22,16,24,10,2104
75862,4,33,2B,1,0,0,0,0,0,0,0,0,0,0,0,0,9,12,5,32,37,30,46,52,43,47,2104
75967,2,45,C,1,0,0,0,0,0,0,0,0,0,0,0,0,75,76,56,36,38,22,16,16,41,6,2104
76014,8,61,CF,1,0,0,0,0,0,0,0,0,0,0,0,0,10,9,7,77,54,43,10,2,32,1,2104
76112,4,45,2B,1,0,0,0,0,0,0,0,0,0,0,0,0,1,2,1,11,27,32,65,64,54,65,2104
76146,9,155,RF,1,0,0,0,0,0,0,0,0,0,0,0,0,3,2,5,57,63,67,27,21,54,20,2104
76169,2,40,C,1,0,0,0,0,0,0,0,0,0,0,0,0,61,56,72,29,57,33,34,17,60,7,2104
76195,9,98,RF,1,0,0,0,0,0,0,0,0,0,0,0,0,5,2,1,53,72,58,31,30,50,3,2104
76775,2,22,C,1,0,0,0,0,0,0,0,0,0,0,0,0,56,56,53,21,35,27,37,21,40,7,2104
76818,5,24,3B,1,0,0,0,0,0,0,0,0,0,0,0,0,1,2,4,59,31,47,58,68,75,40,2104
76953,4,68,2B,1,0,0,0,0,0,0,0,0,0,0,0,0,8,6,14,30,61,22,63,73,60,58,2104
77063,2,107,C,1,0,0,0,0,0,0,0,0,0,0,0,0,57,50,34,37,49,26,21,10,26,9,2104
77092,7,51,LF,1,0,0,0,0,0,0,0,0,0,0,0,0,2,2,2,70,24,58,34,31,23,29,2104
77109,8,45,CF,1,0,0,0,0,0,0,0,0,0,0,0,0,4,4,4,81,59,72,14,11,32,2,2104
77229,6,44,SS,1,0,0,0,0,0,0,0,0,0,0,0,0,4,4,5,63,59,67,76,77,70,71,2104
77236,8,26,CF,1,0,0,0,0,0,0,0,0,0,0,0,0,4,3,1,77,65,50,11,6,49,4,2104
77269,5,24,3B,1,0,0,0,0,0,0,0,0,0,0,0,0,6,13,10,58,47,52,50,42,59,41,2104
77317,5,27,3B,1,0,0,0,0,0,0,0,0,0,0,0,0,2,4,2,62,46,22,93,41,63,47,2104
77354,5,38,3B,1,0,0,0,0,0,0,0,0,0,0,0,0,4,3,4,46,55,43,56,44,66,45,2104
77368,7,29,LF,1,0,0,0,0,0,0,0,0,0,0,0,0,5,1,5,54,54,46,21,16,19,4,2104
77414,4,27,2B,1,0,0,0,0,0,0,0,0,0,0,0,0,1,4,3,11,36,18,67,52,65,50,2104
77446,5,91,3B,1,0,0,0,0,0,0,0,0,0,0,0,0,1,5,4,34,55,45,54,53,71,30,2104
77471,9,58,RF,1,0,0,0,0,0,0,0,0,0,0,0,0,1,3,2,58,69,59,15,7,55,1,2104
77492,8,103,CF,1,0,0,0,0,0,0,0,0,0,0,0,0,11,11,11,75,37,59,13,12,15,3,2104
77520,7,111,LF,1,0,0,0,0,0,0,0,0,0,0,0,0,1,4,1,67,71,67,20,19,26,3,2104
77524,7,111,LF,1,0,0,0,0,0,0,0,0,0,0,0,0,6,11,15,67,43,53,39,35,41,4,2104
77545,4,136,2B,1,0,0,0,0,0,0,0,0,0,0,0,0,4,1,4,56,36,48,59,54,31,64,2104
78507,2,98,C,1,0,0,0,0,0,0,0,0,0,0,0,0,62,70,64,54,56,29,27,22,55,11,2104
78512,7,91,LF,1,0,0,0,0,0,0,0,0,0,0,0,0,10,11,13,57,55,45,32,27,44,3,2104
78541,6,125,SS,1,0,0,0,0,0,0,0,0,0,0,0,0,9,7,7,28,49,30,57,46,52,46,2104
78548,9,22,RF,1,0,0,0,0,0,0,0,0,0,0,0,0,4,4,5,51,78,59,27,26,52,20,2104
78675,8,22,CF,1,0,0,0,0,0,0,0,0,0,0,0,0,4,4,2,71,50,70,21,16,1,3,2104
78676,4,131,2B,1,0,0,0,0,0,0,0,0,0,0,0,0,1,1,2,54,58,48,82,65,66,70,2104
78690,7,57,LF,1,0,0,0,0,0,0,0,0,0,0,0,0,1,1,1,69,65,44,34,31,60,23,2104
78706,8,86,CF,1,0,0,0,0,0,0,0,0,0,0,0,0,1,3,1,64,42,52,6,6,15,1,2104
78716,5,136,3B,1,0,0,0,0,0,0,0,0,0,0,0,0,4,4,2,36,39,42,74,75,69,65,2104
78717,7,21,LF,1,0,0,0,0,0,0,0,0,0,0,0,0,2,4,2,48,44,98,15,14,38,8,2104
78733,2,98,C,1,0,0,0,0,0,0,0,0,0,0,0,0,69,60,42,57,43,46,36,24,32,23,2104
78738,9,146,RF,1,0,0,0,0,0,0,0,0,0,0,0,0,12,16,13,70,55,51,14,14,28,6,2104
78749,7,95,LF,1,0,0,0,0,0,0,0,0,0,0,0,0,2,1,4,70,36,49,36,26,18,3,2104
78834,5,53,3B,1,0,0,0,0,0,0,0,0,0,0,0,0,1,3,1,54,57,51,71,66,70,67,2104
78869,7,128,LF,1,0,0,0,0,0,0,0,0,0,0,0,0,5,4,1,48,51,68,17,20,38,12,2104
78871,7,29,LF,1,0,0,0,0,0,0,0,0,0,0,0,0,5,1,2,43,49,35,25,26,32,3,2104
78890,7,61,LF,1,0,0,0,0,0,0,0,0,0,0,0,0,3,4,1,56,55,68,33,27,43,3,2104
78924,4,117,2B,1,0,0,0,0,0,0,0,0,0,0,0,0,2,4,1,55,68,44,78,49,71,48,2104
78946,8,25,CF,1,0,0,0,0,0,0,0,0,0,0,0,0,2,1,4,69,63,45,26,25,43,19,2104
78960,2,59,C,1,0,0,0,0,0,0,0,0,0,0,0,0,56,52,59,27,54,34,35,7,52,19,2104
78966,2,116,C,1,0,0,0,0,0,0,0,0,0,0,0,0,74,70,69,50,49,42,16,18,41,21,2104
78969,9,124,RF,1,0,0,0,0,0,0,0,0,0,0,0,0,14,10,11,62,59,52,56,61,29,59,2104
79011,2,26,C,1,0,0,0,0,0,0,0,0,0,0,0,0,72,74,71,46,50,36,13,6,54,12,2104
79020,9,53,RF,1,0,0,0,0,0,0,0,0,0,0,0,0,16,9,12,79,49,70,23,20,20,14,2104
79068,6,132,SS,1,0,0,0,0,0,0,0,0,0,0,0,0,2,2,2,40,50,37,58,55,73,74,2104
79070,7,114,LF,1,0,0,0,0,0,0,0,0,0,0,0,0,16,9,12,69,49,65,29,24,27,29,2104
79102,2,82,C,1,0,0,0,0,0,0,0,0,0,0,0,0,33,79,59,41,50,38,33,14,44,28,2104
79116,2,44,C,1,0,0,0,0,0,0,0,0,0,0,0,0,72,81,40,46,40,38,21,3,42,15,2104
79125,5,129,3B,1,0,0,0,0,0,0,0,0,0,0,0,0,11,12,15,49,74,41,37,68,98,29,2104
79556,8,118,CF,1,0,0,0,0,0,0,0,0,0,0,0,0,5,1,1,83,75,66,73,65,54,60,2104
79559,9,81,RF,1,0,0,0,0,0,0,0,0,0,0,0,0,3,4,5,71,34,52,23,20,16,14,2104
79566,9,53,RF,1,0,0,0,0,0,0,0,0,0,0,0,0,1,2,3,56,57,44,61,42,55,37,2104
79635,6,33,SS,1,0,0,0,0,0,0,0,0,0,0,0,0,11,6,8,51,42,69,65,85,61,85,2104
79645,8,118,CF,1,0,0,0,0,0,0,0,0,0,0,0,0,3,1,1,69,49,72,13,9,26,9,2104
79684,4,64,2B,1,0,0,0,0,0,0,0,0,0,0,0,0,2,2,4,38,38,49,67,54,44,76,2104
79690,6,98,SS,1,0,0,0,0,0,0,0,0,0,0,0,0,2,1,5,79,63,62,81,65,61,62,2104
79704,9,41,RF,1,0,0,0,0,0,0,0,0,0,0,0,0,1,4,1,72,72,49,34,31,35,24,2104
79740,9,24,RF,1,0,0,0,0,0,0,0,0,0,0,0,0,11,11,9,58,58,49,12,13,39,4,2104
79783,7,34,LF,1,0,0,0,0,0,0,0,0,0,0,0,0,14,15,11,68,29,42,8,8,11,2,2104
79785,2,110,C,1,0,0,0,0,0,0,0,0,0,0,0,0,52,56,63,46,66,45,29,31,70,45,2104
80804,9,139,RF,1,0,0,0,0,0,0,0,0,0,0,0,0,1,4,1,76,65,63,28,26,48,3,2104
80887,6,104,SS,1,0,0,0,0,0,0,0,0,0,0,0,0,4,4,5,43,49,31,72,74,64,71,2104
82809,4,46,2B,1,0,0,0,0,0,0,0,0,0,0,0,0,4,5,5,42,32,48,52,49,28,50,2104
82860,2,66,C,1,0,0,0,0,0,0,0,0,0,0,0,0,69,67,67,33,57,45,23,40,57,18,2104
82876,2,118,C,1,0,0,0,0,0,0,0,0,0,0,0,0,75,74,65,42,57,41,18,23,57,9,2104
83037,6,150,SS,1,0,0,0,0,0,0,0,0,0,0,0,0,1,3,2,53,55,45,78,65,75,78,2104
83500,5,117,3B,1,0,0,0,0,0,0,0,0,0,0,0,0,2,4,2,56,57,35,71,65,64,68,2104
83557,7,46,LF,1,0,0,0,0,0,0,0,0,0,0,0,0,2,4,3,73,59,58,44,45,43,36,2104
83565,8,135,CF,1,0,0,0,0,0,0,0,0,0,0,0,0,9,14,15,93,80,83,13,10,51,2,2104
83580,9,46,RF,1,0,0,0,0,0,0,0,0,0,0,0,0,2,4,3,70,72,51,36,35,38,29,2104
84989,2,82,C,1,0,0,0,0,0,0,0,0,0,0,0,0,64,53,71,40,67,46,22,45,55,10,2104
84999,4,46,2B,1,0,0,0,0,0,0,0,0,0,0,0,0,2,1,3,56,61,53,52,62,63,50,2104
85114,8,56,CF,1,0,0,0,0,0,0,0,0,0,0,0,0,3,3,1,77,56,47,11,7,26,2,2104
85763,4,132,2B,1,0,0,0,0,0,0,0,0,0,0,0,0,1,2,5,49,56,27,70,42,62,75,2104
87017,4,29,2B,1,0,0,0,0,0,0,0,0,0,0,0,0,3,2,5,50,53,43,76,71,56,71,2104
