player_id,g,gs,is_starter,stamina,fst,snk,cutt,crv,sld,chg,splt,frk,circhg,scr,kncrv,knbl,Cfram,Cabil,Carm,OFrange,OFarm,OFerror,IFrange,IFerror,IFarm,turnDP,season_year
84,35,35,True,48,82,0,0,0,86,42,53,0,0,0,0,0,3,4,3,45,14,17,26,15,58,6,2101
699,96,0,False,25,105,102,33,0,0,0,0,0,0,0,0,0,1,4,4,20,26,34,25,18,54,8,2101
743,48,0,False,10,0,0,102,104,0,0,0,0,0,0,0,0,1,1,1,38,7,24,18,13,68,5,2101
1205,13,0,False,61,62,72,0,0,7,50,0,0,0,0,0,0,1,4,1,24,22,23,19,17,60,7,2101
1258,21,21,True,83,84,84,0,0,65,45,79,0,0,0,0,0,2,2,3,26,22,40,21,10,23,3,2101
1258,11,11,True,83,84,84,0,0,65,45,79,0,0,0,0,0,2,2,3,26,22,40,21,10,23,3,2101
1472,25,25,True,61,78,0,0,0,0,36,86,0,0,0,0,0,2,1,2,45,24,22,17,28,44,8,2101
2113,46,0,False,13,80,42,84,0,89,48,0,0,0,0,0,0,2,4,1,20,46,13,25,15,33,27,2101
19365,91,0,False,71,60,49,21,0,0,0,0,0,0,0,0,0,1,2,1,5,12,14,13,10,32,7,2101
19581,29,3,False,62,89,21,21,0,44,0,0,0,0,0,0,0,1,2,2,19,8,22,20,1,54,2,2101
20076,55,0,False,16,105,0,0,0,103,0,0,0,0,0,0,0,1,4,1,37,23,14,16,13,37,3,2101
20076,19,0,False,16,105,0,0,0,103,0,0,0,0,0,0,0,1,4,1,37,23,14,16,13,37,3,2101
21174,27,2,False,82,72,0,0,0,0,42,26,0,0,0,37,0,1,3,3,24,15,25,25,9,39,4,2101
23003,23,0,False,8,102,0,0,0,0,0,0,0,0,0,87,0,5,4,1,27,42,47,20,22,34,3,2101
23608,33,33,True,48,40,50,21,0,15,0,0,0,0,0,0,0,2,4,5,49,57,44,20,25,72,9,2101
24110,27,27,True,55,0,87,80,91,82,39,0,0,0,0,0,0,2,3,1,15,10,12,32,17,55,1,2101
24161,50,0,False,62,64,0,0,0,35,31,0,0,0,0,0,0,1,1,3,7,23,23,18,20,18,5,2101
24224,33,33,True,61,68,0,0,0,30,48,0,0,0,0,10,0,4,4,2,17,26,2,21,12,38,17,2101
24273,33,33,True,93,82,35,36,0,0,0,0,0,0,0,0,0,2,5,1,49,11,12,21,3,54,1,2101
24360,86,0,False,32,50,71,0,49,0,0,0,0,0,21,0,0,3,4,4,10,7,34,18,8,28,19,2101
24506,36,4,False,56,0,70,0,0,73,31,22,0,0,0,0,0,3,4,1,21,21,19,10,18,25,11,2101
25018,52,0,False,14,48,0,0,65,0,0,0,0,0,0,0,0,2,2,2,28,10,18,18,6,54,24,2101
25591,56,0,False,58,93,0,0,0,0,40,0,0,0,0,88,0,2,4,4,15,23,15,24,19,42,14,2101
25656,35,0,False,54,39,0,48,0,0,56,0,0,0,0,0,0,1,3,1,21,4,18,21,21,55,3,2101
25768,31,3,False,31,61,50,48,0,0,0,0,20,0,0,0,0,1,4,1,53,15,11,18,21,47,3,2101
25924,28,0,False,41,70,0,61,23,0,35,0,0,0,0,0,0,2,3,3,9,14,1,17,34,29,10,2101
25927,34,34,True,56,68,50,69,0,0,47,0,0,0,0,0,0,2,1,2,21,12,15,21,13,57,27,2101
26076,69,0,False,22,87,0,0,0,0,27,0,0,0,0,0,0,1,4,2,16,21,24,19,27,68,2,2101
26197,68,0,False,21,104,0,0,48,0,0,0,0,0,0,0,0,2,2,4,17,32,29,24,15,34,20,2101
26249,20,0,False,63,60,55,0,0,0,28,0,0,0,0,0,0,2,5,4,16,33,26,25,16,59,5,2101
26267,78,0,False,14,102,41,101,0,0,0,0,0,0,0,0,0,1,4,2,79,35,25,18,22,40,3,2101
26594,45,0,False,46,76,49,0,0,0,78,0,0,0,34,0,0,1,1,1,26,12,22,18,4,76,7,2101
26693,56,0,False,40,61,0,0,0,0,29,55,0,0,0,0,0,2,1,3,27,12,11,19,23,45,3,2101
26779,66,5,False,55,66,0,72,0,0,36,0,0,0,0,0,0,4,1,3,16,24,4,24,18,18,13,2101
26811,58,0,False,27,101,0,0,0,0,53,0,0,0,0,0,0,2,4,2,36,14,4,27,15,45,11,2101
27337,52,0,False,55,66,60,24,69,0,0,0,0,0,0,0,0,1,3,4,25,10,19,14,19,31,1,2101
27363,62,0,False,15,87,0,72,0,0,87,0,0,0,0,0,0,1,2,2,13,8,16,15,14,56,4,2101
27642,62,0,False,50,59,33,0,0,78,37,0,0,0,0,0,0,2,2,1,27,9,1,15,23,52,5,2101
27930,14,0,False,10,94,0,0,0,101,0,0,0,0,0,0,0,5,1,5,56,2,11,19,23,42,4,2101
27930,32,0,False,10,94,0,0,0,101,0,0,0,0,0,0,0,5,1,5,56,2,11,19,23,42,4,2101
28596,20,20,True,56,84,0,0,0,87,43,0,45,0,0,0,0,4,4,4,21,11,14,22,34,69,2,2101
28985,65,0,False,81,104,0,0,0,71,0,0,0,0,0,0,0,4,2,2,10,13,7,16,9,45,22,2101
29480,73,0,False,7,98,0,0,77,0,0,0,0,0,0,0,0,5,1,5,94,21,19,18,10,62,14,2101
29533,32,32,True,58,51,0,47,0,60,30,0,0,0,0,0,0,5,1,5,26,27,17,16,22,49,2,2101
29618,27,27,True,66,77,0,0,0,82,43,0,0,0,0,0,0,3,4,4,20,28,14,16,14,29,3,2101
29829,48,12,False,63,80,77,0,38,0,33,0,0,0,0,0,0,4,1,4,25,14,23,19,5,47,12,2101
29840,67,0,False,69,61,61,0,0,0,28,0,0,0,0,0,0,2,4,4,25,14,18,21,17,36,4,2101
29894,86,0,False,66,43,50,0,41,0,33,0,0,0,35,0,0,3,4,1,12,26,26,35,9,62,4,2101
29980,33,33,True,61,82,34,0,82,0,43,0,0,0,0,0,0,1,2,4,54,24,27,20,5,64,4,2101
30142,79,0,False,4,0,0,103,0,0,0,0,0,75,0,0,0,3,1,2,26,13,16,22,16,90,4,2101
30148,45,1,False,56,0,0,75,77,87,46,36,0,0,0,62,0,2,4,2,12,24,12,22,22,51,4,2101
30286,36,36,True,38,50,0,0,0,0,87,93,0,0,0,0,0,2,1,1,31,22,10,20,9,56,9,2101
30590,93,0,False,63,82,0,0,0,77,35,0,0,0,0,0,0,2,2,4,8,26,8,21,19,54,3,2101
30631,39,27,True,30,0,0,81,77,62,27,48,0,0,0,0,0,2,2,2,20,11,23,20,23,28,6,2101
30676,34,34,True,64,97,87,0,0,0,100,0,0,0,0,0,0,1,1,2,24,9,6,14,5,43,1,2101
30747,24,15,True,29,88,40,0,0,0,28,0,0,0,0,0,0,2,2,5,13,7,21,28,8,57,12,2101
30820,42,0,False,11,0,63,0,95,84,39,83,0,0,0,0,0,5,1,3,17,8,33,26,18,46,32,2101
30907,37,0,False,11,104,0,0,0,0,0,0,0,0,0,101,0,4,1,3,23,10,30,23,16,36,4,2101
31165,90,0,False,7,103,0,0,0,0,0,101,0,0,0,0,0,2,1,4,23,15,9,17,11,41,20,2101
31321,28,0,False,12,103,104,20,0,0,0,0,0,0,0,0,0,5,2,3,51,46,45,21,19,51,20,2101
31321,32,0,False,12,103,104,20,0,0,0,0,0,0,0,0,0,5,2,3,51,46,45,21,19,51,20,2101
31326,33,33,True,30,0,70,0,40,61,29,50,0,0,0,0,0,4,1,1,23,14,12,19,9,50,10,2101
31580,35,35,True,54,100,0,0,21,0,72,0,55,0,0,38,0,5,3,2,11,22,8,16,22,53,7,2101
31723,34,19,True,80,70,0,0,0,66,35,0,0,0,0,0,0,4,2,2,10,9,37,11,12,55,2,2101
31754,33,33,True,84,84,0,0,84,63,43,0,0,0,0,87,0,4,5,3,6,30,16,34,17,44,12,2101
31764,32,28,True,43,67,0,70,0,17,76,0,30,0,0,0,0,12,16,12,45,42,51,15,10,51,5,2101
31809,39,0,False,12,0,0,96,0,102,0,0,0,0,0,0,0,1,4,2,13,16,24,23,13,59,2,2101
31809,21,0,False,12,0,0,96,0,102,0,0,0,0,0,0,0,1,4,2,13,16,24,23,13,59,2,2101
31904,33,33,True,61,74,0,0,64,69,74,38,0,0,0,0,0,1,1,1,8,14,10,23,18,34,3,2101
31963,26,26,True,54,43,31,87,0,0,97,0,0,0,0,0,0,1,3,1,4,9,8,25,19,54,4,2101
31968,33,21,True,35,33,50,0,46,0,37,0,0,0,0,0,0,1,5,1,8,20,13,21,13,60,25,2101
32145,32,32,True,61,57,68,0,0,14,0,0,0,0,0,0,0,1,1,1,16,12,2,18,34,53,8,2101
32341,39,16,False,57,56,23,0,0,51,77,0,0,0,0,0,0,1,1,5,50,52,47,23,13,54,17,2101
32485,42,7,False,62,25,33,0,0,27,34,31,0,0,0,0,0,4,2,2,12,19,16,19,22,50,7,2101
32500,28,28,True,70,0,0,95,11,78,78,0,0,0,0,0,0,1,1,2,20,28,16,28,20,37,10,2101
32511,32,32,True,62,73,76,50,37,0,50,0,0,0,0,0,0,2,2,2,28,13,16,19,18,39,17,2101
32548,41,0,False,6,98,0,0,0,0,79,0,0,0,0,0,0,2,3,4,43,15,27,30,10,59,4,2101
32821,80,0,False,42,82,0,0,87,24,32,0,0,0,28,0,0,1,1,2,14,10,10,15,8,38,4,2101
32909,10,0,False,55,65,0,0,28,0,74,67,0,0,0,48,0,4,1,4,2,19,15,23,15,45,5,2101
32954,59,7,False,14,95,0,0,90,0,0,0,0,0,0,0,0,2,4,2,47,9,10,18,16,48,3,2101
33013,36,36,True,93,101,0,0,55,105,38,108,0,0,0,0,0,3,4,4,14,12,8,23,8,58,7,2101
33185,45,0,False,12,101,0,0,35,0,0,0,0,0,0,0,0,2,4,3,27,29,17,30,6,60,5,2101
33256,54,24,False,60,0,0,54,26,0,43,73,0,0,0,0,0,1,1,4,18,18,21,12,4,53,3,2101
33350,71,0,False,49,65,48,0,37,0,0,0,0,0,0,0,0,4,1,2,17,25,29,24,15,59,35,2101
33360,56,0,False,59,0,22,0,71,0,36,55,0,0,0,0,0,5,5,4,25,11,25,34,26,77,8,2101
33417,55,5,False,56,74,47,0,0,20,39,0,0,0,0,0,0,1,3,1,3,7,7,19,15,42,3,2101
33431,29,29,True,80,47,62,0,62,65,32,0,0,0,0,0,0,4,1,4,12,37,10,15,15,45,4,2101
33571,30,9,False,82,59,66,0,0,68,48,0,0,0,0,0,0,2,2,1,6,11,10,17,40,46,2,2101
33785,69,0,False,15,0,0,107,0,101,0,0,0,0,0,0,0,2,1,4,22,19,4,22,36,28,7,2101
33816,32,32,True,59,84,0,89,0,0,47,0,0,27,0,0,0,4,2,3,17,5,21,23,19,58,40,2101
33831,61,0,False,31,81,81,0,84,0,75,0,0,0,0,0,0,1,1,4,25,31,46,15,9,37,4,2101
33845,63,0,False,55,63,31,64,0,46,0,0,0,0,0,0,0,2,1,1,57,20,39,16,18,39,11,2101
33944,26,0,False,18,77,49,63,0,0,0,0,0,0,0,0,0,4,4,2,13,21,33,20,20,58,18,2101
33980,51,0,False,12,63,53,46,3,26,0,0,0,0,0,0,0,1,1,2,31,8,24,19,22,44,16,2101
34003,62,0,False,11,0,0,101,0,73,0,0,0,0,0,0,0,1,4,1,14,9,41,27,11,53,11,2101
34252,33,33,True,62,85,63,68,0,54,59,0,0,0,0,0,0,3,3,4,7,9,19,16,22,65,9,2101
34372,66,0,False,1,0,0,101,0,0,48,0,0,0,0,0,0,2,1,1,40,53,14,19,22,53,13,2101
34448,24,24,True,80,43,41,0,0,19,50,0,0,0,0,0,0,5,5,3,14,5,27,20,23,73,4,2101
34522,33,33,True,42,60,54,68,0,0,39,0,0,0,0,0,0,5,4,1,26,50,14,21,8,40,7,2101
34588,53,0,False,39,90,32,0,50,0,0,0,0,0,0,0,0,1,3,3,9,29,19,20,23,52,8,2101
34726,34,34,True,61,10,67,92,0,0,31,0,0,0,0,0,0,4,4,5,9,16,20,17,34,54,4,2101
35016,43,0,False,57,58,48,53,0,0,0,0,0,0,0,0,0,4,1,1,4,47,6,26,16,42,15,2101
35103,48,0,False,2,104,0,0,44,0,0,0,0,0,0,0,0,3,1,2,10,52,20,12,24,42,10,2101
35188,40,0,False,30,78,25,80,0,0,0,0,0,0,0,0,0,2,3,2,50,61,9,23,17,55,17,2101
35269,41,0,False,55,87,76,0,0,85,27,84,0,0,0,0,0,5,2,1,10,12,11,10,34,55,4,2101
35385,17,17,True,57,58,75,42,7,0,0,0,0,0,0,0,0,1,2,1,28,19,13,14,17,45,11,2101
35531,43,0,False,13,104,0,0,0,37,0,0,0,0,0,0,0,2,4,4,35,20,15,15,8,51,10,2101
35552,42,0,False,17,102,0,0,0,91,0,0,0,0,0,0,0,13,8,7,40,37,61,21,29,49,26,2101
35653,12,12,True,40,59,29,0,0,0,0,59,0,0,0,0,0,4,2,1,31,28,6,20,11,53,5,2101
35845,34,0,False,10,103,0,0,0,49,0,0,0,0,0,0,0,2,2,2,28,14,8,19,21,49,15,2101
35910,33,33,True,63,73,0,85,48,90,48,83,0,0,0,0,0,2,3,1,10,21,17,13,16,47,7,2101
35922,81,0,False,55,81,69,34,0,0,0,0,0,28,25,0,0,1,3,4,21,21,8,31,8,51,7,2101
36426,35,35,True,63,81,25,0,0,92,0,0,27,0,0,0,0,1,2,1,30,14,6,22,19,50,8,2101
36523,14,0,False,36,100,37,0,0,0,0,0,0,0,0,0,0,1,3,4,6,30,10,20,20,65,14,2101
36523,32,0,False,36,100,37,0,0,0,0,0,0,0,0,0,0,1,3,4,6,30,10,20,20,65,14,2101
36544,71,0,False,11,0,0,95,89,0,0,0,0,0,0,0,0,1,2,1,21,16,9,21,9,53,9,2101
36554,21,0,False,72,73,0,0,0,51,0,86,0,0,0,0,0,4,2,4,16,6,9,26,13,45,6,2101
36558,15,15,True,48,81,18,0,19,0,57,47,0,0,0,0,0,4,1,2,10,8,21,18,19,52,8,2101
36610,77,0,False,20,101,0,0,47,0,0,0,0,0,0,0,0,4,2,1,21,33,10,17,24,45,6,2101
36697,32,32,True,56,77,59,0,75,0,48,0,0,0,0,0,0,1,5,1,7,8,42,17,26,51,7,2101
36727,29,0,False,31,63,27,0,84,24,0,0,0,0,0,0,0,4,1,4,39,43,44,26,23,49,3,2101
36728,22,12,True,52,0,83,90,59,18,39,0,0,0,0,0,0,5,2,5,41,18,17,21,31,52,17,2101
36749,22,22,True,63,101,75,0,56,0,0,0,0,0,0,97,0,1,2,2,14,17,13,22,27,51,26,2101
36749,11,11,True,63,101,75,0,56,0,0,0,0,0,0,97,0,1,2,2,14,17,13,22,27,51,26,2101
36751,24,24,True,38,0,0,95,98,72,80,34,0,0,0,86,0,3,1,2,16,9,13,21,8,34,3,2101
36846,37,37,True,31,66,75,91,0,0,90,0,0,0,0,0,0,4,3,4,10,18,6,14,25,48,4,2101
36870,32,0,False,30,90,27,90,0,0,0,0,0,0,0,0,0,1,1,1,17,18,30,10,10,53,6,2101
36878,28,0,False,21,92,76,0,0,0,0,0,0,0,0,0,0,1,4,4,28,10,19,23,17,44,4,2101
36943,80,0,False,14,103,0,73,0,97,0,0,0,0,0,0,0,1,4,2,6,10,11,21,25,64,8,2101
37007,33,33,True,40,92,44,55,0,0,27,0,0,0,0,0,0,4,2,5,17,13,9,32,17,60,6,2101
37032,63,17,False,9,75,47,65,0,0,0,0,0,0,0,0,0,2,4,1,22,28,6,12,23,25,10,2101
37078,87,0,False,28,61,68,0,0,17,0,0,15,0,0,0,0,4,1,2,4,25,20,25,15,59,39,2101
37080,37,36,True,57,0,49,0,58,50,27,0,0,0,0,0,0,2,1,1,6,20,40,22,22,38,6,2101
37193,49,15,False,33,31,0,0,0,0,75,102,0,0,0,0,0,1,1,2,5,41,18,16,19,57,11,2101
37282,31,31,True,43,0,64,0,81,0,33,78,0,0,0,0,0,4,1,3,10,6,11,13,12,56,30,2101
37349,50,0,False,30,102,0,0,0,85,0,0,0,0,0,0,0,3,2,2,9,16,29,33,25,79,33,2101
37609,34,34,True,77,94,101,0,32,90,42,0,0,0,0,0,0,1,1,1,10,21,10,30,14,76,18,2101
37620,34,34,True,61,74,72,0,0,67,33,0,0,0,0,0,0,4,3,4,16,32,15,17,19,54,8,2101
37728,33,33,True,71,75,0,0,0,48,78,0,0,0,0,0,0,4,4,1,5,29,9,36,6,60,28,2101
37785,16,0,False,22,71,32,0,0,59,28,0,0,0,0,0,0,4,1,1,41,14,9,19,35,68,3,2101
37785,45,0,False,22,71,32,0,0,59,28,0,0,0,0,0,0,4,1,1,41,14,9,19,35,68,3,2101
37853,28,21,True,25,31,0,0,85,37,0,0,0,0,0,0,0,1,1,5,38,31,48,31,19,44,4,2101
37967,32,32,True,63,47,37,37,0,0,57,0,0,0,0,16,0,4,1,1,7,27,20,18,7,51,1,2101
38104,49,25,True,75,63,74,0,0,72,33,0,0,0,0,0,0,5,1,4,12,15,25,19,10,11,3,2101
38147,61,0,False,20,101,0,0,74,0,0,0,0,0,0,0,0,4,3,4,19,1,1,10,25,20,12,2101
38161,41,11,False,39,32,26,0,0,0,44,42,0,0,0,75,0,2,1,5,26,39,21,16,12,55,1,2101
38269,32,32,True,61,0,0,75,35,0,45,53,0,0,0,0,0,2,3,1,15,16,1,15,14,44,8,2101
38335,60,8,False,21,84,0,0,0,36,0,0,0,0,0,0,0,2,1,3,24,25,13,16,13,33,25,2101
38342,64,0,False,24,102,0,0,0,103,0,0,0,0,0,0,0,2,1,4,15,19,48,13,24,41,5,2101
38348,33,0,False,12,103,0,0,79,0,0,0,0,0,0,0,0,4,2,1,12,24,18,13,4,21,5,2101
38359,51,0,False,8,98,0,0,0,0,37,0,0,0,0,0,0,2,4,3,10,22,17,19,12,49,6,2101
38363,55,14,False,56,95,0,0,0,0,63,19,0,0,0,0,0,1,1,4,38,22,11,24,19,66,17,2101
38377,83,0,False,13,0,43,0,0,102,0,0,0,0,0,0,0,4,2,2,18,34,17,17,19,51,11,2101
38483,21,21,True,56,67,38,0,50,0,0,38,50,0,0,0,0,4,1,1,42,14,10,20,14,72,6,2101
38483,12,0,False,56,67,38,0,50,0,0,38,50,0,0,0,0,4,1,1,42,14,10,20,14,72,6,2101
38512,72,0,False,55,84,0,0,0,91,0,0,0,0,0,0,0,5,1,3,26,18,25,21,34,45,10,2101
38611,58,0,False,21,102,0,0,0,0,0,95,0,0,0,0,0,2,3,1,38,24,26,21,19,56,13,2101
38640,37,37,True,6,79,74,81,0,69,53,0,0,0,0,0,0,5,5,6,27,26,8,22,50,54,3,2101
38672,33,0,False,54,0,0,105,0,0,72,0,0,0,0,0,0,1,3,4,26,1,9,14,14,47,6,2101
38674,54,0,False,61,0,48,31,0,48,0,0,0,0,0,0,0,1,5,4,8,24,8,11,6,52,4,2101
38795,11,11,True,77,96,0,0,79,0,66,67,0,0,0,0,0,11,11,7,50,58,48,21,36,61,3,2101
38807,12,1,False,60,54,33,49,0,0,0,0,0,0,0,0,0,1,4,1,21,7,25,22,21,44,9,2101
38836,100,0,False,18,70,57,0,0,0,55,35,48,0,0,0,0,2,4,4,22,23,16,24,29,39,4,2101
38846,48,0,False,23,95,0,0,0,38,0,0,0,0,0,0,0,2,3,5,16,14,19,20,17,40,21,2101
38852,33,33,True,55,28,54,0,0,87,73,0,17,0,0,0,0,2,1,2,17,9,8,20,13,49,3,2101
38866,62,0,False,36,68,0,84,0,0,25,0,0,0,0,0,0,2,1,1,17,17,8,19,7,59,13,2101
38898,31,31,True,58,89,0,0,0,93,60,94,0,0,0,0,0,5,3,2,24,34,43,19,29,62,2,2101
38901,69,10,False,50,95,27,0,0,76,0,0,0,0,0,0,0,1,2,1,24,12,9,29,8,44,12,2101
38934,45,17,False,54,55,0,0,0,0,45,32,0,0,0,0,0,4,3,2,9,15,8,18,24,56,6,2101
38955,60,0,False,56,98,62,0,0,0,0,0,0,0,0,58,0,4,1,2,16,13,37,16,11,42,1,2101
38979,16,0,False,59,77,0,72,43,0,27,0,0,0,0,0,0,63,64,58,14,44,36,20,16,45,9,2101
38987,33,33,True,54,81,0,0,77,80,28,0,0,0,0,0,0,1,1,1,48,24,15,23,12,25,4,2101
38988,36,36,True,65,93,95,0,0,0,45,0,0,0,0,0,0,1,1,3,1,31,29,23,32,56,13,2101
39003,82,0,False,30,98,0,16,0,1,88,0,0,0,0,0,0,2,3,2,8,19,10,21,29,62,15,2101
39019,58,0,False,8,93,0,0,43,0,0,0,0,0,0,0,0,1,3,4,17,10,22,20,21,53,10,2101
39199,83,0,False,38,101,35,0,0,0,37,0,0,0,0,0,0,2,1,2,14,31,21,13,14,39,7,2101
39238,31,31,True,28,0,0,80,94,0,46,23,0,0,0,0,0,2,2,1,18,18,20,27,15,54,18,2101
39261,63,0,False,23,102,0,0,50,0,0,0,0,0,0,0,0,3,2,3,10,23,33,18,6,40,3,2101
39300,33,33,True,55,0,61,0,0,0,30,0,0,0,0,0,77,2,3,4,19,25,14,12,50,20,2,2101
39399,13,0,False,18,80,0,0,36,0,0,0,0,0,0,0,0,5,2,2,14,5,20,21,28,56,7,2101
39745,33,33,True,49,68,63,0,0,0,77,0,0,0,0,0,0,2,1,4,24,7,11,20,24,64,16,2101
39950,32,32,True,54,0,0,69,17,0,70,62,0,0,0,59,0,1,1,2,8,8,4,17,21,62,4,2101
40434,82,0,False,16,102,0,0,0,0,0,42,0,0,0,0,0,3,4,3,10,30,20,23,20,68,4,2101
40533,52,19,False,55,95,0,78,0,11,40,0,0,0,0,0,0,2,4,4,22,18,23,20,19,45,4,2101
40592,86,0,False,58,0,0,66,43,15,0,36,0,0,0,0,0,2,1,2,28,13,8,20,14,58,22,2101
40606,25,0,False,3,103,0,0,32,0,0,0,0,0,0,0,0,5,1,4,7,10,12,16,19,36,1,2101
40636,41,0,False,31,56,32,45,0,0,0,0,0,0,0,0,0,5,1,4,13,8,9,16,15,20,4,2101
40695,27,0,False,50,43,20,69,0,0,0,0,0,0,0,0,0,1,1,4,23,35,24,20,18,52,2,2101
41194,26,18,True,33,77,0,42,29,0,0,0,0,0,0,0,0,1,2,5,6,37,7,30,8,19,3,2101
41297,59,0,False,27,102,0,0,101,84,0,21,0,0,0,0,0,1,4,2,15,27,17,34,12,42,4,2101
41324,20,0,False,12,93,73,95,0,19,0,0,0,0,0,0,0,2,5,1,21,16,20,20,26,44,7,2101
41548,32,32,True,66,68,56,54,0,0,36,0,0,0,0,0,0,2,3,1,16,10,10,21,23,52,27,2101
41559,18,0,False,13,102,0,62,0,0,68,0,0,0,0,0,0,1,5,1,23,16,7,21,17,38,1,2101
41578,72,0,False,15,0,104,0,30,0,0,0,0,0,0,0,0,1,1,2,44,29,19,20,12,34,5,2101
41697,31,31,True,67,42,47,31,0,0,26,0,0,0,0,0,0,1,3,4,10,19,30,22,18,38,4,2101
41717,38,0,False,13,101,0,0,101,0,0,0,0,0,0,0,0,1,1,1,31,14,6,33,16,49,12,2101
41771,69,26,False,13,0,0,67,86,0,0,0,0,0,0,0,0,2,1,5,74,7,8,18,36,44,6,2101
41966,88,0,False,53,48,49,0,0,0,28,0,0,0,0,0,0,1,2,2,36,29,1,21,31,60,18,2101
42013,54,11,False,67,0,0,62,69,68,0,46,0,0,0,0,0,2,1,1,10,29,19,36,27,55,1,2101
42124,41,0,False,32,104,0,0,0,0,38,0,0,0,0,0,0,3,1,2,19,25,15,18,37,47,13,2101
42158,82,0,False,16,0,0,104,83,0,0,0,0,0,0,0,0,5,1,3,5,50,22,32,8,93,5,2101
42177,31,31,True,65,74,57,0,0,0,36,0,0,0,0,0,0,1,4,4,10,59,22,24,6,33,8,2101
42206,30,30,True,59,0,0,86,0,89,52,95,0,0,0,0,0,5,3,5,28,12,9,21,31,70,3,2101
42251,49,0,False,13,0,0,104,0,21,0,0,0,0,0,0,0,4,1,2,14,10,13,15,26,50,26,2101
42293,78,0,False,9,0,0,102,103,0,0,0,0,0,0,0,0,2,1,1,47,13,9,20,25,80,3,2101
42318,19,0,False,12,89,0,0,0,0,0,0,0,63,0,0,0,3,1,2,17,14,17,12,8,40,9,2101
42322,67,0,False,28,0,0,104,0,97,0,0,0,0,0,0,0,1,1,4,18,8,8,20,29,69,1,2101
42326,65,0,False,11,100,57,91,63,74,0,0,0,0,0,0,0,2,4,2,28,3,4,19,16,38,5,2101
42423,32,6,False,36,83,84,55,5,51,0,0,0,0,0,0,0,5,4,1,28,19,11,17,24,59,5,2101
42470,33,11,False,57,80,0,71,0,0,35,18,0,0,0,0,0,2,4,2,21,19,11,43,11,61,5,2101
42519,25,14,True,88,0,0,81,0,81,0,0,0,31,0,0,0,1,4,1,15,28,41,18,11,78,5,2101
42575,33,33,True,65,0,0,92,0,28,0,0,0,48,0,0,0,4,4,2,10,9,8,15,7,33,6,2101
42610,33,25,True,30,71,79,0,43,0,58,0,0,0,21,0,0,2,3,2,7,11,7,18,13,45,10,2101
42631,80,0,False,66,95,0,0,0,87,40,0,0,0,0,0,0,4,1,2,14,15,7,20,24,47,23,2101
42667,22,22,True,44,82,0,0,73,81,34,0,0,0,0,0,0,4,4,2,8,1,12,20,18,63,19,2101
42671,28,0,False,52,50,0,0,0,19,43,0,0,0,0,0,0,2,1,3,13,11,25,25,21,50,3,2101
42705,22,21,True,61,82,0,0,89,19,44,0,0,0,0,0,0,2,5,3,1,26,25,21,11,76,22,2101
42705,13,0,False,61,82,0,0,89,19,44,0,0,0,0,0,0,2,5,3,1,26,25,21,11,76,22,2101
42724,48,0,False,1,95,0,0,0,0,97,0,0,0,0,0,0,3,3,2,34,41,13,12,17,39,1,2101
42746,62,0,False,8,0,0,103,0,0,84,0,0,0,0,0,0,1,4,2,12,23,16,24,23,16,2,2101
42771,79,0,False,15,0,0,49,77,0,0,0,0,0,0,0,0,4,1,5,3,6,24,18,13,29,4,2101
42846,28,0,False,12,100,0,0,91,0,0,0,0,0,0,0,0,4,1,4,20,12,10,14,11,36,25,2101
42863,28,28,True,71,0,0,82,75,75,33,0,0,0,0,0,0,5,3,1,6,8,26,24,33,53,30,2101
42892,47,0,False,34,20,34,0,0,0,0,0,0,0,0,0,0,2,1,2,47,23,18,20,21,62,4,2101
42930,31,31,True,55,76,67,0,83,0,89,0,0,0,0,0,0,4,1,2,16,10,19,15,12,41,4,2101
43107,28,28,True,55,0,0,72,83,72,72,46,0,0,0,65,0,4,1,5,6,22,24,23,6,53,36,2101
43181,35,35,True,44,0,42,0,90,0,83,101,0,0,0,0,0,2,1,1,14,32,7,24,6,27,6,2101
43256,58,0,False,8,86,0,0,101,0,82,0,0,0,0,0,0,1,1,1,8,8,15,19,26,58,15,2101
43269,35,26,True,50,0,0,67,69,0,80,0,0,0,0,0,0,2,3,1,26,22,20,32,15,66,9,2101
43311,24,24,True,49,65,22,50,0,0,25,0,0,0,0,0,0,4,1,4,8,19,8,17,18,42,5,2101
43319,25,0,False,7,73,56,37,62,0,0,0,0,0,0,0,0,4,1,3,4,7,7,14,23,56,6,2101
43325,71,0,False,29,0,0,104,91,0,0,0,0,0,0,0,0,2,1,5,9,15,15,17,28,63,4,2101
43544,33,33,True,50,96,0,0,0,0,75,0,0,0,0,92,0,1,2,1,15,13,8,21,25,47,26,2101
43566,16,3,False,55,0,0,0,0,35,43,0,0,53,0,0,54,2,5,4,10,17,10,14,6,33,4,2101
43658,22,22,True,56,73,20,53,0,50,36,0,0,0,0,0,0,1,1,5,7,17,26,12,3,36,22,2101
43810,61,0,False,10,103,0,0,0,88,0,0,0,0,0,0,0,4,4,5,20,12,15,16,13,55,12,2101
44071,18,18,True,35,38,50,0,0,11,47,0,0,0,0,0,0,4,3,2,14,6,9,22,21,24,2,2101
44204,56,4,False,60,54,87,0,0,0,0,27,0,0,0,0,0,4,2,4,23,14,21,22,25,34,9,2101
44330,65,0,False,33,0,0,31,40,33,0,63,0,0,0,0,0,2,1,4,7,19,40,19,22,38,3,2101
44429,57,0,False,39,84,0,0,0,81,60,0,0,0,0,0,0,2,1,1,6,9,11,7,19,40,4,2101
44550,44,6,False,21,91,0,0,33,0,0,0,0,0,0,0,0,2,1,5,13,15,10,30,9,87,22,2101
44767,24,13,True,54,77,51,0,0,0,72,32,0,0,0,0,0,5,3,1,29,32,15,21,16,94,3,2101
44772,10,0,False,30,71,25,0,0,72,41,37,0,0,0,0,0,1,1,2,19,10,37,20,10,67,16,2101
44789,60,0,False,64,78,49,63,0,0,0,0,0,0,0,0,0,3,3,4,23,22,38,21,26,61,4,2101
44812,88,0,False,60,79,77,0,0,0,29,0,0,0,0,0,0,4,1,2,24,13,15,20,12,89,8,2101
44913,32,32,True,42,0,0,50,45,56,32,41,0,0,0,59,0,4,1,4,6,6,10,6,10,82,12,2101
44932,33,31,True,56,50,45,40,0,0,47,0,0,0,1,0,0,1,1,1,13,28,15,14,15,59,8,2101
44998,49,0,False,29,0,0,33,0,43,0,0,0,0,0,0,0,1,1,4,18,17,4,19,19,49,15,2101
45107,51,0,False,54,77,0,0,0,0,0,78,0,0,0,0,0,3,1,1,7,14,7,25,23,61,10,2101
45113,33,33,True,63,89,87,101,0,0,51,0,0,0,0,0,0,2,1,4,57,53,50,22,29,52,4,2101
45151,64,0,False,18,102,102,0,0,0,93,0,0,0,95,0,0,1,1,4,6,6,6,21,23,73,21,2101
45202,31,31,True,58,82,74,36,0,83,34,0,0,0,0,0,0,1,1,2,9,8,5,24,13,63,23,2101
45204,33,33,True,54,73,73,0,68,0,0,0,0,0,0,0,0,4,1,1,22,24,12,9,11,42,1,2101
45234,28,28,True,39,82,57,0,48,67,66,0,0,0,0,0,0,4,4,1,36,43,6,26,18,82,1,2101
45235,33,33,True,56,73,0,0,34,69,0,0,0,0,0,0,0,4,4,3,16,30,10,23,16,76,7,2101
45238,34,34,True,57,90,92,0,0,0,83,0,0,0,0,0,0,4,4,4,22,8,15,24,12,33,2,2101
45712,27,0,False,12,89,77,0,0,0,70,0,0,0,0,0,0,4,4,1,18,20,8,26,17,69,16,2101
45765,33,33,True,69,77,77,0,94,0,28,0,0,0,0,0,0,1,1,5,11,9,29,25,17,45,1,2101
45826,25,25,True,63,0,0,50,98,77,49,0,0,0,0,0,0,3,1,1,7,35,10,11,25,41,4,2101
45909,78,0,False,31,95,0,0,0,83,0,0,0,0,0,0,0,3,3,4,9,9,11,22,1,50,6,2101
45992,39,0,False,35,46,34,19,0,0,0,0,0,0,0,0,0,2,1,1,12,17,44,10,23,23,15,2101
46061,10,9,True,36,69,65,23,4,0,0,64,0,0,0,0,0,4,2,1,7,11,7,14,20,57,4,2101
46094,31,17,True,57,37,46,0,81,0,36,0,0,23,0,0,0,1,1,1,2,6,17,4,6,17,23,2101
46096,11,11,True,46,83,0,0,81,0,0,76,0,0,0,0,0,4,1,2,7,6,1,15,8,51,3,2101
46232,37,21,True,56,53,0,0,0,77,84,0,0,0,0,0,0,4,4,2,7,7,7,11,11,38,13,2101
46260,33,33,True,49,84,0,82,0,0,48,0,0,0,0,0,0,30,30,34,5,29,6,37,32,56,19,2101
46324,33,33,True,60,77,48,36,0,0,0,92,0,27,0,0,0,2,1,2,33,5,7,9,18,38,8,2101
46392,11,7,True,39,70,68,45,0,0,0,0,0,0,13,0,0,1,1,4,7,10,8,23,15,63,27,2101
46397,95,0,False,38,80,76,0,0,0,0,0,0,0,0,0,0,4,4,1,12,14,4,17,6,43,28,2101
46449,52,0,False,40,39,59,0,22,58,0,65,0,0,0,0,0,5,2,4,28,24,9,20,19,35,8,2101
46818,79,11,False,57,87,63,0,0,0,27,0,0,0,44,0,0,2,2,3,18,9,9,21,14,60,7,2101
46928,32,32,True,73,78,90,0,0,69,60,0,0,0,0,0,0,3,1,4,7,39,6,8,11,36,8,2101
46941,27,27,True,60,62,44,0,56,0,0,53,0,0,0,0,0,2,2,4,58,27,6,15,2,67,4,2101
46997,31,31,True,67,70,72,0,0,0,103,0,0,0,0,0,0,1,1,5,11,13,26,21,26,51,33,2101
47026,33,11,False,62,77,33,0,0,0,78,0,0,0,0,0,0,3,3,5,8,8,2,21,14,42,3,2101
47305,45,0,False,8,103,0,0,0,102,0,0,0,0,0,0,0,5,1,1,28,23,20,26,13,50,22,2101
47658,33,33,True,55,69,44,34,0,0,0,0,0,0,0,0,0,1,1,3,1,6,2,20,32,55,5,2101
47684,32,0,False,12,93,30,0,0,0,56,0,0,0,0,0,0,2,1,4,10,38,56,18,31,44,34,2101
47781,32,32,True,61,101,0,0,0,0,79,0,0,0,0,48,0,5,1,3,9,43,13,24,8,63,40,2101
48184,32,32,True,56,89,0,53,37,32,38,73,0,0,0,0,0,5,2,2,13,15,20,19,8,49,6,2101
48255,76,0,False,25,62,75,0,0,0,61,0,0,0,0,0,0,1,1,1,9,13,13,9,15,26,2,2101
48259,28,28,True,60,75,44,82,45,0,69,0,0,0,0,0,0,1,1,2,18,17,8,12,19,56,4,2101
48589,46,0,False,49,37,56,0,0,0,27,68,0,0,0,0,0,2,1,2,18,23,9,8,14,40,6,2101
48912,28,0,False,55,0,68,61,83,73,65,0,0,0,0,0,0,3,4,5,9,13,2,16,25,50,3,2101
49518,63,0,False,13,103,0,0,0,0,75,0,0,0,0,0,0,11,11,9,42,41,50,12,13,46,2,2101
49549,44,12,False,64,0,68,54,0,0,0,0,0,0,0,0,0,1,1,1,14,20,7,12,14,39,3,2101
49673,70,0,False,37,85,0,0,0,84,0,0,0,0,0,0,0,5,1,5,6,7,7,15,18,47,9,2101
50176,29,17,True,54,0,0,59,0,72,34,0,0,0,0,0,0,2,1,1,1,16,6,11,17,50,22,2101
51206,33,33,True,40,54,56,0,0,0,41,0,0,0,0,0,0,3,1,1,7,7,7,5,22,40,1,2101
55233,40,18,False,28,70,0,0,0,19,80,0,0,0,0,0,0,1,1,2,29,22,6,3,19,34,1,2101
55591,32,32,True,58,79,64,81,0,0,0,0,0,0,0,0,0,2,2,2,16,8,7,17,12,29,4,2101
55921,67,0,False,44,86,0,0,0,0,0,0,79,0,0,0,0,1,1,1,27,15,6,25,27,36,25,2101
60398,62,0,False,12,72,0,0,0,0,0,61,0,0,0,0,0,1,1,5,30,26,25,15,5,43,2,2101
60601,28,28,True,50,0,69,89,74,0,36,0,0,0,0,0,0,1,1,2,39,55,53,17,19,50,19,2101
61293,22,22,True,58,53,30,0,51,0,0,0,0,0,0,0,0,1,1,3,1,4,13,1,9,17,6,2101
61293,11,11,True,58,53,30,0,51,0,0,0,0,0,0,0,0,1,1,3,1,4,13,1,9,17,6,2101
62510,21,21,True,59,64,0,0,0,0,100,0,0,0,49,91,0,3,1,4,1,26,9,14,18,60,2,2101
62629,49,0,False,10,63,59,0,0,42,0,0,0,0,0,0,0,1,1,4,10,13,20,6,18,34,20,2101
64848,32,27,True,33,60,28,0,0,63,66,0,0,0,0,0,0,4,1,1,20,21,15,13,9,40,32,2101
65856,34,24,True,56,60,0,0,43,53,50,11,47,0,0,0,0,1,1,1,14,41,10,4,9,54,26,2101
66044,64,0,False,8,75,0,69,0,32,0,0,0,0,0,0,0,4,3,2,10,15,26,15,18,64,4,2101
70719,62,0,False,16,86,46,24,0,0,0,0,0,0,0,0,0,5,4,1,16,9,22,20,33,39,2,2101
70749,33,33,True,31,37,46,46,0,29,0,0,0,0,0,0,0,4,4,5,9,31,29,29,21,39,11,2101
70793,95,0,False,32,100,0,0,0,0,0,26,0,0,0,0,0,1,1,1,7,11,10,34,22,57,12,2101
70808,34,34,True,73,56,63,0,0,0,40,54,0,0,0,0,0,1,5,1,36,14,32,12,4,38,10,2101
70813,69,0,False,22,104,0,0,0,0,101,0,0,0,0,0,0,2,4,1,10,2,8,16,28,47,4,2101
71026,65,0,False,54,39,0,50,0,18,23,0,0,0,0,0,0,2,4,4,10,37,20,17,19,48,5,2101
71088,16,0,False,14,104,0,0,0,59,0,0,0,0,0,0,0,2,3,1,15,16,27,18,2,66,3,2101
71215,30,30,True,47,86,0,0,0,0,74,92,0,0,0,0,0,4,5,4,15,27,19,25,32,61,23,2101
71544,54,0,False,16,77,84,0,0,97,52,0,0,0,0,0,0,2,1,2,4,1,25,19,12,39,15,2101
71561,45,0,False,5,0,0,101,0,83,0,0,0,0,0,0,0,1,2,4,14,7,35,22,11,42,4,2101
71593,29,0,False,81,63,0,48,0,48,65,0,0,0,0,0,0,4,5,2,66,11,6,24,30,72,14,2101
71782,29,0,False,29,103,0,0,0,0,75,0,0,0,0,0,0,2,5,1,15,26,16,27,13,18,3,2101
72059,27,27,True,57,98,77,0,0,100,90,0,0,88,0,0,0,5,1,3,28,29,35,30,30,57,50,2101
72130,20,0,False,32,72,56,0,0,24,47,0,0,0,0,0,0,11,8,13,43,47,40,19,23,59,1,2101
72139,58,0,False,8,0,90,0,98,0,0,0,0,0,0,0,0,8,11,11,75,60,63,15,15,55,11,2101
72187,16,0,False,66,48,0,43,0,0,29,0,0,0,0,0,0,1,3,2,25,35,28,19,6,46,3,2101
72458,39,0,False,11,102,34,103,0,0,97,0,0,0,0,0,0,1,2,1,36,21,18,16,18,24,14,2101
72549,27,0,False,18,0,41,0,0,83,0,0,0,0,0,0,0,1,4,4,12,36,16,19,21,59,10,2101
72555,65,0,False,65,54,48,0,0,13,77,0,0,0,0,0,0,4,5,1,16,15,35,17,31,37,6,2101
72570,37,0,False,41,0,45,0,36,50,0,42,0,0,0,50,0,2,4,3,14,1,25,23,11,59,23,2101
72574,61,0,False,12,86,0,0,39,0,0,0,0,0,0,0,0,1,5,4,13,36,20,15,10,45,3,2101
72603,17,0,False,21,89,77,0,84,0,48,0,0,0,0,0,0,5,4,5,55,31,18,24,4,47,14,2101
72610,55,0,False,9,98,0,0,0,28,0,0,0,0,0,0,0,3,4,2,24,51,13,21,15,60,12,2101
72679,37,0,False,30,96,0,0,0,37,0,0,0,0,0,0,0,5,4,1,26,21,27,20,30,43,3,2101
72701,31,31,True,54,36,37,0,0,43,41,0,0,0,0,31,0,4,1,3,17,35,62,20,25,28,16,2101
72708,33,33,True,72,71,73,0,89,74,59,0,0,0,0,0,0,4,1,2,18,4,19,21,28,68,9,2101
72803,54,0,False,65,65,0,48,6,0,23,30,0,0,0,0,0,4,2,1,9,35,10,15,13,50,1,2101
72828,14,14,True,62,63,27,0,0,48,79,0,0,0,0,0,0,4,2,5,10,16,7,26,9,27,7,2101
72838,15,5,False,44,64,38,0,0,0,58,43,0,0,0,0,0,1,2,1,12,34,7,23,10,55,3,2101
73132,10,10,True,81,101,0,0,95,24,74,0,0,0,0,0,0,5,2,2,8,86,21,23,18,55,8,2101
73345,16,0,False,47,84,0,0,0,77,67,91,0,0,0,0,0,3,2,4,19,29,10,25,16,25,6,2101
73345,24,0,False,47,84,0,0,0,77,67,91,0,0,0,0,0,3,2,4,19,29,10,25,16,25,6,2101
73452,17,15,True,60,59,68,0,77,0,41,0,0,0,0,0,0,5,4,2,26,15,8,21,10,43,2,2101
73812,12,0,False,22,103,0,0,0,94,0,0,0,0,0,0,0,4,5,3,40,46,43,24,24,48,30,2101
73851,74,0,False,29,91,93,21,0,0,0,0,0,0,0,0,0,1,2,4,48,43,41,24,20,51,14,2101
73863,52,0,False,34,49,33,0,86,0,0,0,0,0,0,0,0,5,2,1,34,30,39,40,22,37,3,2101
73873,33,33,True,53,42,38,50,0,17,0,0,0,0,0,0,0,10,10,16,49,60,33,24,36,71,11,2101
73945,37,37,True,90,77,31,0,84,0,101,0,0,0,0,0,0,1,4,1,52,46,58,16,24,50,4,2101
73958,34,32,True,63,0,82,0,0,87,48,0,0,0,0,0,0,5,2,1,34,52,44,22,16,82,2,2101
74104,45,0,False,17,95,0,0,89,0,0,0,0,0,0,0,0,2,4,2,55,53,54,24,34,60,9,2101
74120,30,30,True,58,87,60,36,0,72,0,0,0,0,0,0,0,1,2,1,41,46,42,24,27,44,13,2101
74139,41,19,False,52,54,63,51,0,0,0,0,0,0,0,0,0,7,11,13,45,63,47,27,5,78,14,2101
74187,29,11,False,58,98,0,0,0,0,78,20,0,0,0,0,0,5,2,2,60,54,48,23,22,56,7,2101
74295,54,0,False,13,104,0,0,44,0,0,68,0,0,0,0,0,2,1,5,55,54,48,17,31,51,4,2101
74384,19,0,False,20,104,0,0,35,0,0,0,0,0,0,0,0,3,1,2,20,31,34,18,32,44,10,2101
74405,34,22,True,32,87,79,0,0,0,43,0,0,0,0,0,0,3,1,5,8,21,29,15,22,40,13,2101
74455,27,27,True,58,0,30,0,0,35,67,43,0,0,0,0,0,2,4,1,21,29,32,24,26,38,1,2101
74555,81,0,False,23,0,58,0,103,0,0,0,0,0,0,0,0,1,4,3,46,54,52,20,18,70,13,2101
74611,58,0,False,5,102,0,0,0,0,0,0,0,0,0,93,0,14,7,15,26,26,41,18,9,34,10,2101
75375,33,33,True,59,94,0,0,0,32,87,0,61,0,0,0,0,4,4,1,13,44,27,25,20,71,4,2101
76089,15,0,False,18,70,0,98,0,0,29,0,0,0,0,0,0,1,3,1,16,51,32,23,10,42,2,2101
76191,55,0,False,8,0,0,50,110,0,0,0,0,0,0,0,0,4,4,5,29,45,37,19,28,62,3,2101
77250,66,1,False,21,0,0,101,105,0,0,0,0,0,0,0,0,2,1,1,35,42,52,25,12,55,19,2101
77485,23,0,False,16,96,0,0,0,0,80,0,0,0,0,0,0,4,4,3,28,47,42,36,17,68,12,2101
78271,51,0,False,24,91,0,0,0,0,82,0,0,0,0,0,0,5,3,3,50,55,62,25,24,60,4,2101
78744,22,22,True,81,51,45,50,41,50,36,0,0,0,0,0,0,2,2,2,65,61,51,18,35,45,8,2101
78772,11,0,False,16,101,0,0,98,0,0,0,0,0,0,0,0,3,3,4,57,49,60,27,55,42,36,2101
79791,45,0,False,21,102,0,0,109,0,0,0,0,0,0,0,0,11,6,15,33,50,57,23,20,73,20,2101
84762,33,33,True,82,0,50,0,0,36,50,0,0,0,0,0,0,2,4,3,54,49,58,16,26,52,3,2101
84,18,18,True,51,82,0,0,0,81,41,53,0,0,0,0,0,3,4,3,44,13,15,26,15,59,6,2102
84,14,14,True,51,82,0,0,0,81,41,53,0,0,0,0,0,3,4,3,44,13,15,26,15,59,6,2102
549,87,0,False,15,85,58,101,0,0,0,0,0,0,0,0,0,1,2,2,40,30,9,20,16,29,2,2102
699,94,0,False,26,104,102,37,0,0,0,0,0,0,0,0,0,1,4,4,17,26,35,25,18,54,8,2102
743,49,0,False,11,0,0,101,103,0,0,0,0,0,0,0,0,1,1,1,36,7,22,18,14,68,5,2102
1258,34,34,True,82,83,84,0,0,64,49,77,0,0,0,0,0,2,2,3,26,22,41,21,10,24,3,2102
1330,35,0,False,56,86,28,0,89,0,37,0,0,0,0,0,0,1,3,3,19,8,20,19,16,67,3,2102
1444,28,0,False,24,96,0,0,22,0,0,94,0,0,0,101,0,2,5,5,16,28,10,18,11,27,4,2102
1472,30,25,True,61,82,0,0,0,0,38,92,0,0,0,0,0,2,1,2,45,24,21,17,29,44,8,2102
1479,37,0,False,29,0,36,0,0,39,45,43,0,0,0,0,0,2,1,2,26,21,7,18,18,49,4,2102
1528,70,12,False,77,82,50,0,0,43,53,0,0,0,0,0,0,5,2,2,24,21,8,23,16,56,3,2102
1681,36,0,False,55,67,65,0,0,63,34,0,0,0,0,0,0,4,2,1,18,7,4,28,15,51,4,2102
2113,65,0,False,14,81,41,82,0,87,48,0,0,0,0,0,0,2,4,1,18,44,9,25,15,33,27,2102
19365,87,0,False,71,63,50,22,0,0,0,0,0,0,0,0,0,1,2,1,5,11,13,13,11,32,7,2102
19581,44,0,False,64,93,22,23,0,44,0,0,0,0,0,0,0,1,2,2,16,8,20,20,1,54,2,2102
20076,61,0,False,13,105,0,0,0,103,0,0,0,0,0,0,0,1,4,1,36,21,13,17,13,37,3,2102
20383,21,15,True,95,87,0,27,0,29,30,70,0,0,0,0,0,4,2,1,17,26,12,25,27,27,15,2102
20402,69,0,False,8,102,0,0,83,0,0,0,0,0,0,0,0,2,5,3,18,16,40,12,13,33,6,2102
20829,27,0,False,25,47,61,35,0,32,0,0,0,0,0,0,0,2,6,1,9,45,49,15,18,55,8,2102
21174,40,11,False,81,74,0,0,0,0,44,25,0,0,0,38,0,1,3,3,24,13,22,25,9,39,4,2102
21656,25,25,True,69,63,66,0,0,21,38,0,0,0,0,0,0,1,3,2,16,7,18,18,14,57,8,2102
22319,31,0,False,55,73,50,0,0,1,37,0,0,0,0,0,0,4,1,4,14,6,14,15,7,39,6,2102
23003,66,0,False,12,101,0,0,0,0,0,0,0,0,0,84,0,5,4,1,27,42,47,20,22,34,3,2102
23652,32,31,True,61,62,0,75,0,0,39,0,0,0,0,0,0,3,3,2,20,20,14,18,17,27,8,2102
24110,33,33,True,50,0,82,80,89,80,37,0,0,0,0,0,0,2,3,1,14,8,10,32,17,55,1,2102
24129,40,0,False,23,101,69,0,0,94,0,0,0,0,0,0,0,1,5,3,23,14,32,26,8,56,3,2102
24224,28,12,False,62,64,0,0,0,28,48,0,0,0,0,11,0,4,4,2,15,23,2,21,12,38,17,2102
24224,11,11,True,62,64,0,0,0,28,48,0,0,0,0,11,0,4,4,2,15,23,2,21,12,38,17,2102
24273,33,33,True,94,80,37,37,0,0,0,0,0,0,0,0,0,2,5,1,48,10,10,21,3,54,1,2102
24360,116,0,False,36,49,74,0,47,0,0,0,0,0,20,0,0,3,4,4,10,7,32,18,9,28,19,2102
24506,25,25,True,54,0,72,0,0,72,33,24,0,0,0,0,0,3,4,1,19,20,18,11,18,25,11,2102
24946,47,18,False,59,67,62,0,37,0,50,0,0,77,0,0,0,3,1,2,33,6,20,21,14,14,3,2102
25018,76,0,False,15,48,0,0,66,0,0,0,0,0,0,0,0,2,2,2,25,8,17,18,6,54,24,2102
25066,53,26,False,18,97,0,0,0,75,0,0,0,0,0,0,0,3,2,1,14,21,6,14,21,44,4,2102
25548,23,0,False,22,49,25,57,0,0,0,0,0,0,0,0,0,4,2,1,15,23,19,18,3,48,3,2102
25574,34,33,True,59,0,0,83,48,58,27,0,0,0,0,0,0,3,1,4,19,11,24,24,34,67,13,2102
25591,66,0,False,58,95,0,0,0,0,0,0,0,0,0,85,0,2,4,4,14,21,15,24,19,42,14,2102
25768,27,27,True,31,61,50,50,0,0,0,0,20,0,0,0,0,1,4,1,52,14,9,18,21,47,3,2102
25904,68,0,False,63,92,0,0,0,76,59,20,0,0,0,0,0,1,4,5,12,7,10,16,21,45,10,2102
25927,38,38,True,55,65,49,68,0,0,46,0,0,0,0,0,0,2,1,2,21,11,14,21,14,57,27,2102
26076,60,0,False,18,87,0,0,0,0,27,0,0,0,0,0,0,1,4,2,15,18,23,19,27,68,2,2102
26168,25,25,True,65,77,0,26,0,0,30,36,0,0,0,0,0,2,1,4,15,23,7,30,11,52,4,2102
26197,64,0,False,16,104,0,0,50,0,0,0,0,0,0,0,0,2,2,4,15,30,26,24,15,34,20,2102
26210,51,0,False,6,0,0,48,0,101,0,0,0,0,0,0,0,4,3,4,18,31,15,25,15,43,24,2102
26213,20,19,True,70,61,0,58,48,0,27,0,0,0,0,0,0,1,2,4,15,21,10,16,7,38,5,2102
26249,60,0,False,62,56,55,0,0,0,28,0,0,0,0,0,0,2,5,4,15,33,24,25,16,59,5,2102
26267,45,0,False,13,103,42,101,0,0,0,0,0,0,0,0,0,1,4,2,78,35,23,18,22,40,3,2102
26267,15,0,False,13,103,42,101,0,0,0,0,0,0,0,0,0,1,4,2,78,35,23,18,22,40,3,2102
26594,43,0,False,48,72,50,0,0,0,73,0,0,0,0,0,0,1,1,1,25,11,20,18,4,76,7,2102
26693,27,0,False,39,62,0,0,0,0,0,57,0,0,0,0,0,2,1,3,25,11,10,19,23,45,3,2102
26756,108,0,False,19,102,0,0,0,0,69,0,0,0,0,0,0,5,3,4,48,15,7,18,24,40,16,2102
26779,38,0,False,55,65,0,70,0,0,34,0,0,0,0,0,0,4,1,3,14,22,4,24,18,18,13,2102
26811,72,0,False,28,102,0,0,0,0,55,0,0,0,0,0,0,2,4,2,36,13,4,27,16,45,11,2102
27038,16,16,True,55,27,0,0,0,30,48,0,0,0,0,0,0,3,2,5,40,19,23,20,21,62,7,2102
27337,74,0,False,58,68,59,26,69,0,0,0,0,0,0,0,0,1,3,4,23,8,17,14,19,31,2,2102
27363,77,27,False,13,87,0,72,0,0,75,0,0,0,0,0,0,1,2,2,11,8,14,15,14,56,4,2102
27642,63,0,False,54,56,34,0,0,79,0,0,0,0,0,0,0,2,2,1,27,8,1,15,23,52,5,2102
27930,49,0,False,10,89,0,0,0,101,0,0,0,0,0,0,0,5,1,5,55,2,7,19,23,42,4,2102
28586,15,15,True,13,101,0,82,0,41,0,0,0,0,0,0,0,4,3,3,12,8,6,20,11,41,8,2102
28966,38,0,False,41,77,0,0,0,0,0,0,0,0,80,0,0,1,2,2,16,17,5,22,24,65,10,2102
28985,21,0,False,79,104,0,0,0,72,0,0,0,0,0,0,0,4,2,2,10,13,7,16,9,45,22,2102
29480,86,0,False,5,93,0,0,73,0,0,0,0,0,0,0,0,5,1,5,93,19,17,18,10,62,14,2102
29533,23,23,True,59,48,0,48,0,56,30,0,0,0,0,0,0,5,1,5,24,25,13,16,22,49,2,2102
29618,17,17,True,64,77,0,0,0,82,43,0,0,0,0,0,0,3,4,4,18,27,14,16,14,29,3,2102
29618,13,13,True,64,77,0,0,0,82,43,0,0,0,0,0,0,3,4,4,18,27,14,16,14,29,3,2102
29667,67,0,False,31,69,0,83,0,30,50,45,0,0,0,0,0,1,2,3,22,24,18,18,6,60,11,2102
29829,38,25,True,63,79,74,0,38,0,32,0,0,0,0,0,0,4,1,4,23,13,20,19,5,47,13,2102
29840,29,0,False,70,61,61,0,0,0,28,0,0,0,0,0,0,2,4,4,23,13,17,21,17,36,4,2102
29894,14,0,False,66,44,48,0,41,0,33,0,0,0,36,0,0,3,4,1,10,24,24,35,9,62,4,2102
29958,26,0,False,19,103,0,0,101,0,0,0,0,0,0,0,0,4,5,4,4,31,15,30,5,66,4,2102
29980,37,32,True,52,87,34,0,86,0,43,0,0,0,0,0,0,1,2,4,54,24,27,20,5,64,4,2102
30121,19,19,True,74,73,0,69,68,0,39,0,0,0,0,87,0,2,1,1,9,23,15,16,22,49,3,2102
30142,97,0,False,5,0,0,103,0,0,0,0,0,68,0,0,0,3,1,2,25,13,17,22,16,90,4,2102
30148,58,3,False,55,0,0,77,78,89,48,36,0,0,0,65,0,2,4,2,10,21,10,22,22,51,4,2102
30208,76,0,False,36,87,0,0,0,0,0,88,0,0,0,0,0,2,6,1,22,8,22,23,16,49,7,2102
30286,33,33,True,37,57,0,0,0,0,89,93,0,0,0,0,0,2,1,1,30,21,9,20,9,56,9,2102
30297,37,0,False,15,0,0,77,0,66,0,0,0,0,0,0,0,1,2,3,8,13,13,23,13,33,1,2102
30309,61,0,False,5,102,0,0,50,0,0,0,0,0,0,0,0,2,1,4,31,9,22,13,11,39,5,2102
30590,98,0,False,64,82,0,0,0,77,35,0,0,0,0,0,0,2,2,4,7,23,7,21,19,54,3,2102
30615,10,0,False,49,100,0,0,0,0,26,46,50,0,0,3,0,3,3,2,22,15,12,28,16,52,3,2102
30631,23,0,False,31,0,0,81,77,54,28,53,0,0,0,0,0,2,2,2,18,10,22,20,23,28,6,2102
30676,35,35,True,66,97,83,0,0,0,99,0,0,0,0,0,0,1,1,2,23,9,6,14,5,43,1,2102
30820,65,0,False,11,0,64,0,87,80,37,82,0,0,0,0,0,5,1,3,15,7,31,26,19,46,32,2102
30907,74,0,False,10,104,0,0,0,0,0,0,0,0,0,102,0,4,1,3,20,8,28,23,16,37,4,2102
31165,47,0,False,4,101,0,0,0,0,0,98,0,0,0,0,0,2,1,4,22,14,9,17,11,41,20,2102
31165,27,0,False,4,101,0,0,0,0,0,98,0,0,0,0,0,2,1,4,22,14,9,17,11,41,20,2102
31321,42,0,False,12,103,104,21,0,0,0,0,0,0,0,0,0,5,2,3,51,45,43,21,19,52,20,2102
31326,53,18,False,29,0,65,0,39,54,27,48,0,0,0,0,0,4,1,1,19,12,10,19,9,50,10,2102
31580,37,37,True,55,100,0,0,20,0,69,0,56,0,0,39,0,5,3,2,8,21,6,16,22,53,7,2102
31723,24,24,True,67,69,0,0,0,63,35,0,0,0,0,0,0,4,2,2,8,8,36,11,12,55,2,2102
31754,32,32,True,87,83,0,0,79,55,41,0,0,0,0,80,0,4,5,3,6,29,14,34,18,44,12,2102
31764,44,24,True,41,68,0,68,0,17,71,0,29,0,0,0,0,12,16,12,43,41,50,15,10,51,5,2102
31809,15,0,False,10,0,0,96,0,103,0,0,0,0,0,0,0,1,4,2,11,15,23,23,13,59,2,2102
31904,21,21,True,61,70,0,0,59,66,72,37,0,0,0,0,0,1,1,1,7,13,10,23,18,34,3,2102
31963,33,33,True,55,41,32,84,0,0,93,0,0,0,0,0,0,1,3,1,4,8,7,25,19,54,4,2102
31968,19,19,True,30,33,50,0,44,0,38,0,0,0,0,0,0,1,5,1,8,19,12,21,13,60,25,2102
32145,34,28,True,61,59,67,0,0,14,0,0,0,0,0,0,0,1,1,1,14,9,2,18,34,53,8,2102
32146,52,0,False,6,83,32,79,0,0,0,0,0,0,0,0,0,5,4,1,10,24,10,25,9,36,20,2102
32185,62,0,False,13,85,79,96,0,0,0,0,0,0,0,0,0,5,3,2,10,9,10,22,7,74,7,2102
32255,33,33,True,68,81,26,0,0,0,73,0,0,0,0,0,0,2,1,3,7,7,5,14,7,58,12,2102
32306,31,31,True,76,93,0,0,31,0,48,56,0,0,0,0,0,2,2,4,9,21,11,17,8,33,23,2102
32341,35,30,True,56,56,23,0,0,51,74,0,0,0,0,0,0,1,1,5,49,51,45,23,13,54,17,2102
32500,28,28,True,72,0,0,93,11,76,77,0,0,0,0,0,0,1,1,2,19,28,14,28,20,37,10,2102
32511,34,34,True,61,69,68,48,37,0,47,0,0,0,0,0,0,2,2,2,24,9,13,19,18,39,17,2102
32538,25,24,True,86,101,0,0,96,21,56,100,0,0,0,0,0,1,2,4,9,17,25,21,4,47,22,2102
32548,17,0,False,8,97,0,0,0,0,74,0,0,0,0,0,0,2,3,4,43,14,27,30,10,59,4,2102
32821,29,22,True,43,83,0,0,89,23,32,0,0,0,29,0,0,1,1,2,12,9,8,15,8,38,4,2102
32909,37,15,False,57,63,0,0,30,0,72,67,0,0,0,46,0,4,1,4,2,16,13,23,15,45,5,2102
32954,44,0,False,12,95,0,0,90,0,0,0,0,0,0,0,0,2,4,2,45,8,8,18,16,48,3,2102
32954,32,0,False,12,95,0,0,90,0,0,0,0,0,0,0,0,2,4,2,45,8,8,18,16,48,3,2102
33013,24,24,True,92,102,0,0,59,107,39,108,0,0,0,0,0,3,4,4,13,11,8,23,8,58,7,2102
33185,54,0,False,16,100,0,0,32,0,0,0,0,0,0,0,0,2,4,3,25,27,16,30,6,60,5,2102
33256,16,0,False,59,0,0,53,24,0,41,70,0,0,0,0,0,1,1,4,16,16,18,12,5,53,4,2102
33350,80,0,False,49,63,50,0,35,0,0,0,0,0,0,0,0,4,1,2,15,24,28,24,15,59,35,2102
33360,10,0,False,54,0,22,0,72,0,36,55,0,0,0,0,0,5,5,4,22,9,24,34,26,77,8,2102
33368,109,0,False,9,104,0,0,0,39,0,0,0,0,0,0,0,3,4,1,16,19,15,12,42,26,5,2102
33417,10,10,True,51,76,46,0,0,21,38,0,0,0,0,0,0,1,2,1,3,7,7,18,15,42,3,2102
33431,40,13,False,79,48,58,0,62,59,31,0,0,0,0,0,0,4,1,4,10,35,8,15,15,45,4,2102
33571,30,30,True,83,64,68,0,0,71,50,0,0,0,0,0,0,2,2,1,6,10,9,17,40,46,2,2102
33667,74,0,False,6,0,0,101,0,91,0,0,0,0,0,0,0,2,2,4,10,6,10,16,17,52,5,2102
33709,81,0,False,14,102,0,0,86,0,0,0,0,0,0,0,0,2,2,2,8,25,4,17,14,57,8,2102
33785,22,0,False,15,0,0,106,0,102,0,0,0,0,0,0,0,2,1,4,21,16,4,22,36,29,7,2102
33785,33,0,False,15,0,0,106,0,102,0,0,0,0,0,0,0,2,1,4,21,16,4,22,36,29,7,2102
33816,20,20,True,56,80,0,87,0,0,47,0,0,27,0,0,0,4,2,3,15,5,18,23,19,58,40,2102
33831,36,0,False,29,73,71,0,80,0,73,0,0,0,0,0,0,1,1,4,24,30,44,15,9,37,4,2102
33845,64,0,False,54,65,31,61,0,49,0,0,0,0,0,0,0,2,1,1,56,19,38,16,18,39,11,2102
33944,50,0,False,16,76,49,62,0,0,0,0,0,0,0,0,0,4,4,2,11,20,30,20,20,58,18,2102
33980,53,0,False,13,66,57,48,4,27,0,0,0,0,0,0,0,1,1,2,30,8,22,19,22,45,16,2102
34003,85,0,False,10,0,0,99,0,71,0,0,0,0,0,0,0,1,4,1,12,8,40,27,12,53,11,2102
34252,33,33,True,64,86,65,67,0,54,60,0,0,0,0,0,0,3,3,4,7,9,17,16,22,65,9,2102
34324,26,24,True,60,91,24,26,0,77,43,0,0,0,0,0,0,1,1,2,13,14,16,18,10,26,31,2102
34372,57,0,False,2,0,0,101,0,0,48,0,0,0,0,0,0,2,1,1,39,50,12,19,23,53,14,2102
34448,76,0,False,79,43,39,0,0,19,48,0,0,0,0,0,0,5,5,3,12,5,24,20,23,73,4,2102
34522,80,2,False,34,65,58,68,0,0,39,0,0,0,0,0,0,5,4,1,25,50,14,21,8,40,7,2102
34651,33,33,True,67,49,29,28,0,41,33,49,0,0,0,0,0,2,1,3,6,14,9,16,13,41,14,2102
34675,64,0,False,51,80,34,0,0,0,0,61,0,0,0,0,0,3,1,1,10,9,9,12,41,42,4,2102
34726,34,34,True,63,9,65,91,0,0,30,0,0,0,0,0,0,4,4,5,9,15,19,17,34,54,5,2102
35016,51,0,False,57,59,48,50,0,0,0,0,0,0,0,0,0,4,1,1,4,46,6,26,16,42,15,2102
35103,18,0,False,4,103,0,0,41,0,0,0,0,0,0,0,0,3,1,2,9,51,17,12,24,42,10,2102
35188,69,0,False,32,74,24,73,0,0,0,0,0,0,0,0,0,2,3,2,48,58,9,23,17,55,17,2102
35229,20,0,False,11,93,0,0,0,34,0,0,0,0,0,0,0,2,1,4,34,20,28,19,36,20,38,2102
35269,80,6,False,41,86,74,0,0,82,27,84,0,0,0,0,0,5,2,1,8,12,9,10,34,55,4,2102
35531,73,0,False,14,105,0,0,0,46,0,0,0,0,0,0,0,2,4,4,34,18,14,15,8,51,10,2102
35552,62,0,False,14,102,0,0,0,87,0,0,0,0,0,0,0,13,8,7,38,36,59,21,29,49,26,2102
35653,23,18,True,43,62,33,0,0,0,0,65,0,0,0,0,0,4,2,1,30,27,6,20,11,53,6,2102
35910,13,8,True,64,73,0,85,48,90,48,83,0,0,0,0,0,2,3,1,10,20,16,13,16,47,7,2102
35922,72,7,False,54,81,66,32,0,0,0,0,0,27,24,0,0,1,3,4,19,19,8,31,8,51,7,2102
36426,35,29,True,62,80,25,0,0,90,0,0,27,0,0,0,0,1,2,1,29,13,6,22,19,50,8,2102
36523,75,0,False,42,96,35,0,0,0,0,0,0,0,0,0,0,1,3,4,6,29,9,20,20,65,14,2102
36544,61,9,False,17,0,0,90,86,0,0,0,0,0,0,0,0,1,2,1,21,15,8,21,9,53,9,2102
36558,13,0,False,41,78,17,0,19,0,56,48,0,0,0,0,0,4,1,2,9,8,20,18,19,52,8,2102
36610,86,0,False,23,100,0,0,50,0,0,0,0,0,0,0,0,4,2,1,18,32,9,16,24,45,6,2102
36697,33,33,True,56,81,59,0,75,0,47,0,0,0,0,0,0,1,5,1,6,8,41,16,26,52,7,2102
36709,29,29,True,60,72,0,0,0,0,27,61,0,0,13,0,0,5,3,2,24,33,16,16,3,79,8,2102
36727,21,0,False,29,57,26,0,77,27,0,0,0,0,0,0,0,4,1,4,36,41,42,26,23,49,3,2102
36727,53,0,False,29,57,26,0,77,27,0,0,0,0,0,0,0,4,1,4,36,41,42,26,23,49,3,2102
36749,34,34,True,61,101,74,0,56,0,0,0,0,0,0,96,0,1,2,2,12,13,11,22,27,51,26,2102
36751,72,6,False,39,0,0,87,96,71,75,33,0,0,0,84,0,3,1,2,15,7,12,21,8,34,3,2102
36825,26,26,True,51,69,68,0,0,53,34,0,0,0,0,0,0,1,2,4,8,18,17,14,6,56,22,2102
36846,36,36,True,31,61,71,85,0,0,84,0,0,0,0,0,0,4,3,4,9,17,6,14,25,48,4,2102
36870,71,0,False,34,89,26,87,0,0,0,0,0,0,0,0,0,1,1,1,16,17,28,10,10,53,6,2102
36943,45,0,False,12,102,0,73,0,92,0,0,0,0,0,0,0,1,4,2,6,9,11,21,25,64,8,2102
37007,34,34,True,39,92,45,55,0,0,27,0,0,0,0,0,0,4,2,5,15,11,9,32,17,60,6,2102
37032,71,18,False,11,74,46,63,0,0,0,0,0,0,0,0,0,2,4,1,19,24,6,12,23,25,10,2102
37078,37,6,False,27,52,63,0,0,16,0,0,13,0,0,0,0,4,1,2,4,23,19,25,15,59,39,2102
37080,36,36,True,60,0,48,0,57,50,24,0,0,0,0,0,0,2,1,1,6,16,37,22,22,38,6,2102
37102,27,0,False,18,100,0,0,0,0,0,86,0,0,0,0,0,2,1,1,44,24,16,14,11,36,5,2102
37193,86,0,False,31,31,0,0,0,0,72,101,0,0,0,0,0,1,1,2,5,39,16,16,19,57,11,2102
37282,34,34,True,47,0,64,0,82,0,32,76,0,0,0,0,0,4,1,3,9,6,10,13,12,56,30,2102
37349,64,0,False,21,100,0,0,0,84,0,0,0,0,0,0,0,3,2,2,8,15,26,33,25,79,33,2102
37365,21,0,False,21,65,47,50,52,0,0,0,0,0,0,3,0,4,4,2,5,30,10,18,25,34,7,2102
37365,14,0,False,21,65,47,50,52,0,0,0,0,0,0,3,0,4,4,2,5,30,10,18,25,34,7,2102
37472,21,16,True,63,73,62,17,0,77,0,0,0,0,0,0,0,1,1,3,41,20,5,13,23,81,3,2102
37609,27,27,True,80,96,101,0,31,90,42,0,0,0,0,0,0,1,1,1,9,20,10,29,14,76,18,2102
37620,30,30,True,62,72,69,0,0,66,33,0,0,0,0,0,0,4,3,4,14,31,14,17,19,54,8,2102
37728,25,22,True,75,74,0,0,0,47,77,0,0,0,0,0,0,4,4,1,5,25,7,36,6,60,28,2102
37785,23,0,False,18,70,33,0,0,62,0,0,0,0,0,0,0,4,1,1,40,12,8,19,35,68,3,2102
37785,17,0,False,18,70,33,0,0,62,0,0,0,0,0,0,0,4,1,1,40,12,8,19,35,68,3,2102
37967,26,26,True,63,45,36,37,0,0,57,0,0,0,0,15,0,4,1,1,7,26,18,18,7,51,1,2102
38104,38,23,True,62,61,71,0,0,69,33,0,0,0,0,0,0,5,1,4,11,13,24,19,10,11,3,2102
38147,22,0,False,23,101,0,0,74,0,0,0,0,0,0,0,0,4,3,4,19,1,1,10,25,20,12,2102
38161,28,28,True,41,29,25,0,0,0,41,41,0,0,0,68,0,2,1,5,24,38,20,16,12,55,1,2102
38269,32,32,True,57,0,0,77,35,0,46,58,0,0,0,0,0,2,3,1,13,14,1,15,15,44,8,2102
38342,41,0,False,17,102,0,0,0,102,0,0,0,0,0,0,0,2,1,4,13,17,46,13,24,41,5,2102
38348,46,0,False,9,103,0,0,79,0,0,0,0,0,0,0,0,4,2,1,10,23,17,13,4,21,5,2102
38359,58,0,False,6,94,0,0,0,0,36,0,0,0,0,0,0,2,4,3,10,21,15,19,12,49,6,2102
38363,62,20,False,56,91,0,0,0,0,63,18,0,0,0,0,0,1,1,4,36,21,9,24,19,66,17,2102
38377,81,0,False,13,0,44,0,0,102,0,0,0,0,0,0,0,4,2,2,16,33,15,17,19,51,11,2102
38483,32,0,False,57,65,37,0,47,0,0,40,50,0,0,0,0,4,1,1,41,13,10,20,14,72,6,2102
38512,77,0,False,58,82,0,0,0,89,0,0,0,0,0,0,0,5,1,3,25,18,24,21,34,45,10,2102
38576,60,0,False,39,67,57,0,75,0,0,0,0,0,0,0,0,5,1,1,10,9,34,12,16,54,3,2102
38611,63,0,False,20,101,0,0,0,0,0,89,0,0,0,0,0,2,3,1,36,22,25,21,19,56,13,2102
38672,14,0,False,54,0,0,103,0,0,68,0,0,0,0,0,0,1,3,4,24,1,9,14,14,47,6,2102
38674,47,2,False,54,0,47,31,0,48,0,0,0,0,0,0,0,1,5,4,8,23,8,11,6,52,4,2102
38763,84,0,False,28,80,25,0,89,0,50,32,0,0,0,0,0,3,2,4,14,29,8,21,4,30,7,2102
38795,34,34,True,76,97,0,0,76,0,68,65,0,0,0,0,0,11,11,7,48,57,47,21,36,61,3,2102
38807,58,0,False,59,54,32,48,0,0,0,0,0,0,0,0,0,1,4,1,19,7,24,22,21,44,9,2102
38836,97,0,False,18,69,54,0,0,0,51,34,50,0,0,0,0,2,4,4,20,22,13,24,29,39,4,2102
38846,26,0,False,25,90,0,0,0,41,0,0,0,0,0,0,0,2,3,5,15,14,18,20,17,40,21,2102
38852,32,32,True,55,27,54,0,0,87,72,0,17,0,0,0,0,2,1,2,13,7,6,20,13,49,3,2102
38866,94,0,False,33,62,0,79,0,0,23,0,0,0,0,0,0,2,1,1,17,15,7,19,7,59,13,2102
38898,32,32,True,56,90,0,0,0,91,58,87,0,0,0,0,0,5,3,2,22,33,40,19,29,62,2,2102
38901,72,0,False,51,92,27,0,0,75,0,0,0,0,0,0,0,1,2,1,22,10,9,29,8,44,12,2102
38934,21,0,False,55,60,0,0,0,0,47,34,0,0,0,0,0,4,3,2,8,13,8,18,24,56,6,2102
38955,33,33,True,55,98,66,0,0,0,0,0,0,0,0,57,0,4,1,2,14,10,35,16,11,42,1,2102
38987,32,32,True,56,81,0,0,76,81,27,0,0,0,0,0,0,1,1,1,46,21,11,23,12,25,4,2102
38988,34,34,True,61,91,94,0,0,0,43,0,0,0,0,0,0,1,1,3,1,30,28,23,32,56,13,2102
39003,85,0,False,31,94,0,15,0,1,85,0,0,0,0,0,0,2,3,2,8,17,9,21,29,62,15,2102
39019,27,0,False,11,91,0,0,43,0,0,0,0,0,0,0,0,1,3,4,16,10,21,20,21,53,10,2102
39043,31,28,True,35,101,93,102,0,4,0,0,0,0,0,0,0,4,2,1,7,19,20,17,24,51,3,2102
39049,24,0,False,14,103,0,0,0,80,0,0,0,0,0,0,0,3,3,2,15,49,19,15,19,39,11,2102
39069,15,2,False,44,53,0,0,0,0,36,0,0,0,0,52,0,4,1,4,15,59,8,14,16,36,6,2102
39106,43,0,False,55,25,83,0,0,83,60,0,0,0,0,0,0,2,2,4,29,32,11,9,7,34,5,2102
39199,86,0,False,37,101,34,0,0,0,0,0,0,0,0,0,0,2,1,2,13,29,21,13,14,39,7,2102
39238,32,32,True,27,0,0,79,90,0,46,22,0,0,0,0,0,2,2,1,16,17,20,27,15,54,18,2102
39261,76,0,False,22,101,0,0,50,0,0,0,0,0,0,0,0,3,2,3,9,21,32,18,6,40,3,2102
39300,34,34,True,42,0,58,0,0,0,29,0,0,0,0,0,70,2,3,4,16,23,11,12,50,21,2,2102
39327,33,33,True,57,49,27,0,16,0,50,82,0,0,0,0,0,4,1,1,23,7,19,17,16,50,23,2102
39399,49,0,False,17,79,0,0,37,0,0,0,0,0,0,0,0,5,2,2,10,5,17,21,28,56,7,2102
39424,34,0,False,57,80,0,0,24,0,0,79,20,0,0,0,0,5,1,1,10,12,10,19,41,43,21,2102
39519,10,0,False,21,82,0,0,0,14,0,0,0,0,0,0,0,2,1,2,8,2,5,17,37,45,6,2102
39562,29,0,False,18,75,63,72,0,16,0,0,0,0,0,0,0,4,1,5,8,9,6,13,23,50,17,2102
39641,38,15,False,55,32,25,32,0,0,39,0,0,0,0,0,0,5,4,1,34,11,9,18,1,43,25,2102
39745,36,36,True,50,65,59,0,0,0,68,0,0,0,0,0,0,2,1,4,22,7,8,20,24,64,16,2102
39769,14,5,False,59,98,0,0,18,60,0,0,0,0,0,0,0,1,2,2,1,9,18,13,21,34,11,2102
39769,20,20,True,59,98,0,0,18,60,0,0,0,0,0,0,0,1,2,2,1,9,18,13,21,34,11,2102
39822,91,0,False,13,101,23,101,0,0,45,0,0,0,0,0,0,5,1,2,14,10,35,19,20,76,4,2102
39950,33,33,True,54,0,0,67,17,0,67,58,0,0,0,53,0,1,1,2,7,8,4,17,21,62,4,2102
40097,54,0,False,14,103,0,0,48,0,0,0,0,0,0,0,0,3,2,2,19,23,14,31,15,43,6,2102
40156,48,0,False,24,96,0,0,0,0,34,73,0,0,0,0,0,1,1,3,19,9,31,23,15,62,48,2102
40434,62,0,False,10,102,0,0,0,0,0,40,0,0,0,0,0,3,4,3,10,29,18,23,20,68,4,2102
40434,14,0,False,10,102,0,0,0,0,0,40,0,0,0,0,0,3,4,3,10,29,18,23,20,68,4,2102
40519,16,8,True,73,72,50,0,0,0,45,0,0,0,0,0,0,3,4,2,23,13,19,18,11,41,6,2102
40533,33,32,True,38,95,0,80,0,12,44,0,0,0,0,0,0,2,4,4,20,16,21,20,19,45,4,2102
40592,66,6,False,56,0,0,69,42,16,0,37,0,0,0,0,0,2,1,2,25,10,6,20,14,58,22,2102
40606,61,0,False,5,103,0,0,28,0,0,0,0,0,0,0,0,5,1,4,7,10,12,16,19,36,1,2102
40617,45,4,False,30,86,0,0,75,0,0,0,0,0,0,0,0,1,2,4,16,10,17,20,17,60,5,2102
40636,22,0,False,34,56,32,43,0,0,0,0,0,0,0,0,0,5,1,4,12,7,8,16,15,20,4,2102
40711,16,4,False,27,52,0,0,0,22,48,49,0,0,0,0,0,1,1,2,12,12,6,12,20,14,5,2102
40838,14,1,False,63,61,0,0,11,0,22,47,0,0,0,0,0,4,2,2,29,2,19,22,26,43,1,2102
41194,56,0,False,32,79,0,45,32,0,0,0,0,0,0,0,0,1,2,5,6,36,7,30,8,19,3,2102
41203,23,23,True,29,0,55,0,48,53,24,58,0,0,0,66,0,1,4,1,26,14,20,14,7,31,16,2102
41231,34,30,True,53,0,0,33,48,62,55,22,0,0,0,98,0,1,1,1,18,18,1,12,11,41,16,2102
41297,57,0,False,24,102,0,0,101,82,0,21,0,0,0,0,0,1,4,2,14,25,16,34,12,42,4,2102
41324,55,0,False,11,92,76,95,0,19,0,0,0,0,0,0,0,2,5,1,19,14,18,20,26,44,7,2102
41332,82,0,False,12,103,0,0,0,84,0,0,0,0,0,0,0,1,4,1,15,15,5,36,16,34,18,2102
41396,55,0,False,56,70,0,37,0,48,39,0,0,0,0,0,0,4,1,4,29,59,21,32,13,42,3,2102
41474,65,31,False,12,0,0,90,35,0,0,0,0,0,0,0,0,1,3,1,12,23,9,25,21,39,10,2102
41546,13,0,False,77,69,0,0,0,0,66,46,0,0,0,0,0,4,2,4,10,21,20,29,17,69,1,2102
41548,32,24,True,66,71,61,54,0,0,37,0,0,0,0,0,0,2,3,1,14,10,8,21,23,52,27,2102
41559,14,0,False,12,102,0,67,0,0,71,0,0,0,0,0,0,1,5,1,23,16,7,21,17,38,1,2102
41578,68,0,False,8,0,103,0,30,0,0,0,0,0,0,0,0,1,1,2,43,29,17,20,12,34,5,2102
41627,37,0,False,15,0,0,98,0,20,0,0,0,0,0,0,0,2,1,1,13,32,41,20,5,27,4,2102
41697,25,15,True,68,45,50,30,0,0,27,0,0,0,0,0,0,1,3,4,8,18,30,22,18,38,4,2102
41717,72,0,False,9,97,0,0,92,0,0,0,0,0,0,0,0,1,1,1,30,12,6,33,16,49,12,2102
41722,57,2,False,51,0,0,57,0,0,35,48,0,0,0,0,0,3,1,4,28,22,8,17,15,39,10,2102
41771,68,34,True,13,0,0,67,87,0,0,0,0,0,0,0,0,2,1,5,73,7,8,18,36,44,6,2102
41895,22,0,False,12,99,0,0,0,69,0,0,0,0,0,0,0,4,2,3,33,17,22,9,12,35,10,2102
41966,97,0,False,55,49,48,0,0,0,27,0,0,0,0,0,0,1,2,2,34,28,1,21,31,60,18,2102
41995,38,0,False,45,53,29,12,0,20,0,0,0,0,0,0,0,3,2,4,16,17,8,18,21,50,6,2102
42124,58,1,False,29,104,0,0,0,0,37,0,0,0,0,0,0,3,1,2,17,24,13,18,37,47,13,2102
42124,28,0,False,29,104,0,0,0,0,37,0,0,0,0,0,0,3,1,2,17,24,13,18,37,47,13,2102
42158,72,0,False,15,0,0,103,83,0,0,0,0,0,0,0,0,5,1,3,5,48,20,32,8,93,5,2102
42160,28,0,False,62,72,82,0,0,0,29,0,0,0,0,0,0,4,3,4,62,26,7,12,15,44,3,2102
42177,59,0,False,62,75,57,0,0,0,0,0,0,0,0,0,0,1,4,4,9,59,22,24,6,33,8,2102
42206,34,34,True,60,0,0,86,0,89,52,95,0,0,0,0,0,5,3,5,25,11,9,20,31,70,3,2102
42233,38,0,False,1,102,0,0,0,48,0,0,0,0,0,0,0,3,1,6,14,6,17,20,31,41,39,2102
42293,57,0,False,9,0,0,101,101,0,0,0,0,0,0,0,0,2,1,1,45,10,8,20,25,80,3,2102
42293,34,0,False,9,0,0,101,101,0,0,0,0,0,0,0,0,2,1,1,45,10,8,20,25,80,3,2102
42311,89,0,False,54,0,64,70,0,0,63,0,0,0,0,6,0,1,2,2,27,33,16,27,11,41,20,2102
42318,25,0,False,14,87,0,0,0,0,0,0,0,60,0,0,0,3,1,2,16,13,16,12,8,40,9,2102
42322,76,0,False,19,0,0,103,0,96,0,0,0,0,0,0,0,1,1,4,14,8,8,20,29,69,1,2102
42326,74,0,False,9,100,58,89,60,73,0,0,0,0,0,0,0,2,4,2,26,3,4,19,16,38,5,2102
42423,32,32,True,40,82,84,53,6,52,0,0,0,0,0,0,0,5,4,1,27,18,10,17,24,59,5,2102
42470,33,11,False,56,76,0,69,0,0,35,18,0,0,0,0,0,2,4,2,19,18,10,43,11,61,5,2102
42519,55,21,False,87,0,0,80,0,82,0,0,0,31,0,0,0,1,4,1,12,27,39,18,11,78,5,2102
42575,26,26,True,71,0,0,93,0,27,0,0,0,48,0,0,0,4,4,2,7,6,6,15,7,33,6,2102
42599,27,0,False,15,102,0,0,96,0,0,0,0,0,0,0,0,1,1,1,18,16,8,11,23,57,3,2102
42610,45,17,False,33,72,77,0,41,0,54,0,0,0,19,0,0,2,3,2,7,10,7,18,13,45,10,2102
42631,69,0,False,68,93,0,0,0,84,0,0,0,0,0,0,0,4,1,2,12,15,7,20,24,47,23,2102
42667,36,36,True,37,82,0,0,71,80,33,0,0,0,0,0,0,4,4,2,7,1,11,20,18,63,19,2102
42705,30,30,True,61,75,0,0,84,18,43,0,0,0,0,0,0,2,5,3,1,26,24,21,11,76,22,2102
42746,64,0,False,8,0,0,103,0,0,83,0,0,0,0,0,0,1,4,2,10,23,14,24,23,16,2,2102
42771,10,0,False,19,0,0,48,79,0,0,0,0,0,0,0,0,4,1,5,3,6,22,18,13,29,4,2102
42784,47,0,False,59,90,0,0,23,82,0,0,0,0,0,0,0,4,2,2,12,25,11,9,17,33,5,2102
42846,29,0,False,16,97,0,0,91,0,0,0,0,0,0,0,0,4,1,4,19,11,9,14,11,36,25,2102
42863,17,17,True,72,0,0,82,75,79,32,0,0,0,0,0,0,5,3,1,6,7,25,24,33,53,30,2102
42863,13,13,True,72,0,0,82,75,79,32,0,0,0,0,0,0,5,3,1,6,7,25,24,33,53,30,2102
42865,82,0,False,13,96,0,15,69,0,0,0,0,0,0,0,0,1,4,4,15,12,4,18,31,40,17,2102
42891,18,0,False,12,101,0,0,0,79,0,0,0,0,0,0,0,4,3,2,8,12,2,15,16,55,6,2102
42930,20,20,True,57,66,64,0,77,0,84,0,0,0,0,0,0,4,1,2,16,10,19,15,12,41,4,2102
43107,29,29,True,59,0,0,72,83,74,72,46,0,0,0,68,0,4,1,5,6,21,21,23,6,53,36,2102
43136,56,0,False,33,93,0,0,78,19,0,0,0,0,0,0,0,4,1,4,1,31,12,4,26,23,6,2102
43181,35,33,True,34,0,39,0,85,0,79,97,0,0,0,0,0,2,1,1,14,32,7,24,6,27,6,2102
43256,42,0,False,10,87,0,0,101,0,76,0,0,0,0,0,0,1,1,1,6,7,12,19,26,58,15,2102
43256,27,0,False,10,87,0,0,101,0,76,0,0,0,0,0,0,1,1,1,6,7,12,19,26,58,15,2102
43269,35,1,False,52,0,0,66,63,0,77,0,0,0,0,0,0,2,3,1,24,21,18,32,15,66,9,2102
43271,51,0,False,12,69,0,0,10,48,47,77,0,0,0,0,0,2,3,4,6,26,9,24,20,70,23,2102
43311,29,29,True,40,64,21,49,0,0,25,0,0,0,0,0,0,4,1,4,8,19,8,17,18,42,5,2102
43319,12,0,False,10,62,49,35,56,0,0,0,0,0,0,0,0,4,1,3,4,7,7,14,23,56,6,2102
43325,91,0,False,31,0,0,102,86,0,0,0,0,0,0,0,0,2,1,5,9,13,14,17,28,63,4,2102
43451,41,0,False,11,0,0,48,0,94,0,0,0,0,0,0,0,3,1,3,13,18,12,14,11,63,10,2102
43544,54,20,False,51,96,0,0,0,0,76,0,0,0,0,91,0,1,2,1,15,12,8,21,25,47,26,2102
43568,28,0,False,56,103,0,0,25,0,0,0,0,0,0,0,0,3,5,1,14,27,20,23,11,52,13,2102
43658,17,17,True,50,63,20,48,0,50,35,0,0,0,0,0,0,1,1,5,7,17,26,12,3,36,22,2102
43680,45,0,False,5,104,0,0,0,101,0,0,0,0,0,0,0,1,1,1,7,18,7,19,17,39,7,2102
43810,62,0,False,11,102,0,0,0,89,0,0,0,0,0,0,0,4,4,5,19,11,14,15,13,55,12,2102
43949,17,0,False,60,83,0,0,0,0,32,32,0,0,0,0,0,1,1,1,23,26,12,24,18,36,1,2102
44226,22,0,False,40,70,64,0,10,0,0,0,0,0,0,0,0,2,1,3,15,13,9,19,14,38,5,2102
44330,75,0,False,31,0,0,30,45,32,0,63,0,0,0,0,0,2,1,4,6,18,38,19,22,38,3,2102
44429,73,0,False,40,85,0,0,0,84,62,0,0,0,0,0,0,2,1,1,6,7,9,7,19,40,4,2102
44510,36,0,False,55,68,0,69,0,0,48,0,0,0,0,0,0,2,1,2,12,17,9,16,8,60,4,2102
44730,52,20,False,51,68,31,0,0,0,68,0,0,28,0,0,0,1,1,1,1,7,9,7,15,58,8,2102
44767,37,0,False,55,76,51,0,0,0,68,33,0,0,0,0,0,5,3,1,28,31,14,21,16,94,3,2102
44789,68,0,False,69,77,49,62,0,0,0,0,0,0,0,0,0,3,3,4,22,21,36,21,26,61,4,2102
44812,90,0,False,64,73,73,0,0,0,29,0,0,0,0,0,0,4,1,2,23,11,14,20,12,89,8,2102
44826,26,26,True,35,63,54,41,48,0,30,0,0,0,0,0,0,4,1,2,9,26,11,12,6,61,10,2102
44827,77,0,False,54,0,0,61,49,75,0,34,0,0,0,0,0,2,1,5,7,7,6,13,12,58,5,2102
44879,13,13,True,32,75,61,0,0,50,65,0,0,0,0,0,0,4,3,5,60,6,21,20,9,64,15,2102
44890,37,0,False,22,95,0,0,0,0,0,79,0,0,0,0,0,4,4,2,18,9,16,24,13,24,15,2102
44913,21,21,True,41,0,0,49,45,57,32,42,0,0,0,57,0,4,1,4,6,6,9,6,10,82,12,2102
44932,25,22,True,56,49,45,38,0,0,46,0,0,0,1,0,0,1,1,1,10,27,13,14,15,59,8,2102
44998,81,0,False,24,0,0,33,0,41,0,0,0,0,0,0,0,1,1,4,16,15,4,19,19,49,15,2102
45024,33,0,False,59,72,0,0,0,0,45,32,0,0,0,0,0,4,1,1,6,6,11,16,16,68,8,2102
45080,31,31,True,64,51,69,0,95,0,60,0,15,0,0,0,0,1,1,2,19,11,6,11,8,22,3,2102
45081,18,0,False,43,72,0,0,0,50,37,0,0,0,0,0,0,4,2,2,1,13,6,15,5,51,1,2102
45081,27,4,False,43,72,0,0,0,50,37,0,0,0,0,0,0,4,2,2,1,13,6,15,5,51,1,2102
45107,83,0,False,54,72,0,0,0,0,0,75,0,0,0,0,0,3,1,1,7,13,7,25,23,61,10,2102
45113,34,34,True,59,87,84,99,0,0,51,0,0,0,0,0,0,2,1,4,57,53,51,22,29,52,4,2102
45151,68,0,False,17,101,100,0,0,0,87,0,0,0,93,0,0,1,1,4,6,6,6,21,23,73,21,2102
45202,35,30,True,61,83,71,37,0,82,34,0,0,0,0,0,0,1,1,2,9,8,5,28,17,66,26,2102
45204,32,32,True,55,73,73,0,68,0,0,0,0,0,0,0,0,4,1,1,20,23,10,9,11,42,1,2102
45234,56,0,False,42,81,51,0,48,65,65,0,0,0,0,0,0,4,4,1,34,41,6,26,18,82,1,2102
45235,26,0,False,57,67,0,0,34,67,0,0,0,0,0,0,0,4,4,3,15,28,8,23,16,76,7,2102
45238,12,10,True,55,87,82,0,0,0,77,0,0,0,0,0,0,4,3,4,18,6,13,23,12,33,2,2102
45238,20,20,True,55,87,82,0,0,0,77,0,0,0,0,0,0,4,3,4,18,6,13,23,12,33,2,2102
45826,11,11,True,63,0,0,49,95,73,50,0,0,0,0,0,0,3,1,1,7,33,9,11,25,41,4,2102
45826,20,20,True,63,0,0,49,95,73,50,0,0,0,0,0,0,3,1,1,7,33,9,11,25,41,4,2102
45909,39,0,False,30,96,0,0,0,83,0,0,0,0,0,0,0,3,3,4,9,9,9,22,1,50,6,2102
45909,42,0,False,30,96,0,0,0,83,0,0,0,0,0,0,0,3,3,4,9,9,9,22,1,50,6,2102
46061,22,14,True,40,63,63,21,1,0,0,64,0,0,0,0,0,4,2,1,7,11,7,13,20,56,4,2102
46080,12,0,False,56,98,39,0,0,0,0,0,36,0,0,48,0,1,2,1,14,22,11,19,20,33,4,2102
46094,21,21,True,50,36,43,0,75,0,36,0,0,23,0,0,0,1,1,1,2,6,15,4,6,17,23,2102
46096,74,0,False,50,83,0,0,80,0,0,76,0,0,0,0,0,4,1,2,7,7,1,14,8,51,4,2102
46229,62,0,False,36,56,21,0,59,33,0,30,0,0,0,0,0,2,1,1,6,5,14,18,15,23,3,2102
46232,33,33,True,50,48,0,0,0,72,76,0,0,0,0,0,0,4,4,2,7,7,7,11,11,38,13,2102
46234,11,0,False,58,58,32,0,50,0,0,0,0,0,0,0,0,5,1,2,14,25,6,9,14,72,6,2102
46260,32,32,True,54,85,0,82,0,0,48,0,0,0,0,0,0,30,30,34,5,25,6,37,32,56,19,2102
46324,35,35,True,58,72,45,37,0,0,0,94,0,27,0,0,0,2,1,2,31,5,7,9,18,38,8,2102
46391,22,11,True,60,80,0,66,0,0,64,0,0,0,0,0,0,1,1,4,15,6,16,22,18,58,4,2102
46392,30,1,False,42,65,63,44,0,0,0,0,0,0,12,0,0,1,1,4,7,10,7,23,15,63,27,2102
46392,11,0,False,42,65,63,44,0,0,0,0,0,0,12,0,0,1,1,4,7,10,7,23,15,63,27,2102
46397,81,0,False,30,80,75,0,0,0,0,0,0,0,0,0,0,4,4,1,10,13,4,17,6,43,28,2102
46449,40,25,True,40,41,62,0,23,60,0,60,0,0,0,0,0,5,2,4,26,23,8,20,19,35,8,2102
46468,33,33,True,57,47,57,0,34,0,0,14,0,23,0,0,0,5,1,2,34,17,2,5,27,58,24,2102
46534,37,0,False,63,92,56,0,0,0,0,0,0,73,0,0,0,3,3,1,11,7,7,21,29,39,1,2102
46587,20,0,False,19,103,0,0,27,0,0,0,0,0,0,0,0,3,2,3,40,40,44,20,34,41,24,2102
46819,13,0,False,52,79,20,0,0,0,57,0,0,0,0,44,0,2,1,1,10,38,15,19,11,74,8,2102
46928,32,32,True,62,77,81,0,0,68,55,0,0,0,0,0,0,3,1,4,7,37,6,8,11,36,8,2102
46941,30,30,True,63,61,45,0,56,0,0,53,0,0,0,0,0,2,2,4,56,25,6,15,2,67,4,2102
46952,29,2,False,95,0,70,0,91,0,54,0,0,0,0,0,0,4,4,3,17,20,26,21,22,33,4,2102
46997,23,23,True,71,70,69,0,0,0,103,0,0,0,0,0,0,1,1,5,10,11,25,21,26,51,33,2102
47026,34,2,False,66,77,34,0,0,0,77,0,0,0,0,0,0,3,3,5,6,7,2,21,14,42,3,2102
47026,19,2,False,66,77,34,0,0,0,77,0,0,0,0,0,0,3,3,5,6,7,2,21,14,42,3,2102
47140,36,36,True,82,68,40,69,0,0,0,69,0,0,0,0,0,1,2,2,7,12,6,21,25,41,3,2102
47305,62,0,False,7,103,0,0,0,101,0,0,0,0,0,0,0,5,1,1,26,22,20,26,13,50,22,2102
47585,69,2,False,55,86,92,0,59,0,49,0,0,0,0,0,0,2,4,1,12,12,8,10,18,44,7,2102
47658,17,17,True,56,69,43,35,0,0,0,0,0,0,0,0,0,1,1,3,1,6,2,20,32,55,5,2102
47684,58,0,False,13,93,31,0,0,0,55,0,0,0,0,0,0,2,1,4,9,37,55,18,31,44,34,2102
47807,19,19,True,44,0,0,72,71,0,77,87,0,0,0,0,0,2,1,1,22,13,5,8,22,45,8,2102
48184,34,34,True,55,89,0,56,40,35,39,75,0,0,0,0,0,5,2,2,12,14,19,19,8,49,6,2102
48249,84,0,False,21,103,0,0,0,0,0,0,0,82,0,0,0,2,2,1,13,53,22,16,29,35,6,2102
48259,32,32,True,60,74,43,82,45,0,67,0,0,0,0,0,0,1,1,2,18,17,8,12,19,56,4,2102
48450,32,32,True,56,56,69,0,0,0,21,57,0,0,0,0,0,5,5,2,6,21,4,35,14,41,14,2102
48547,61,0,False,6,93,0,0,0,0,65,0,0,0,0,0,0,1,2,4,7,34,23,24,30,43,10,2102
48689,61,0,False,28,72,60,0,0,48,0,0,0,0,0,0,0,2,1,3,16,39,32,16,28,39,8,2102
48912,21,18,True,57,0,64,59,83,71,61,0,0,0,0,0,0,3,4,5,8,10,2,16,25,50,3,2102
48949,33,16,False,75,0,68,0,67,0,24,63,0,0,0,0,0,1,1,4,8,6,6,13,5,52,34,2102
49274,31,31,True,73,75,56,0,0,0,37,0,0,0,0,0,0,4,5,3,6,11,6,21,30,69,7,2102
49418,56,0,False,11,103,0,0,0,0,0,49,0,0,0,0,0,4,4,1,18,23,8,17,18,50,5,2102
49518,73,0,False,10,100,0,0,0,0,78,0,0,0,0,0,0,11,11,9,40,39,49,12,13,46,2,2102
49549,74,13,False,61,0,67,56,0,0,0,0,0,0,0,0,0,1,1,1,14,20,7,12,14,39,3,2102
49673,76,0,False,29,84,0,0,0,80,0,0,0,0,0,0,0,5,1,5,6,7,7,14,18,47,8,2102
50176,27,27,True,57,0,0,54,0,69,34,0,0,0,0,0,0,2,1,1,1,16,6,11,17,50,22,2102
50273,51,0,False,57,74,0,70,0,0,0,0,0,0,0,0,0,1,1,2,1,27,7,4,7,50,3,2102
51206,30,30,True,38,54,54,0,2,0,39,0,0,0,0,0,0,3,1,1,7,7,7,5,22,40,1,2102
51983,18,2,False,59,64,61,0,0,0,59,0,0,0,0,0,0,1,1,2,6,16,8,25,1,27,1,2102
55233,79,2,False,29,63,0,0,0,17,77,0,0,0,0,0,0,1,1,2,29,22,6,3,19,34,1,2102
55292,58,0,False,11,82,0,72,0,0,0,0,0,0,0,0,0,5,3,2,20,58,9,14,31,52,5,2102
55591,33,33,True,59,77,63,83,0,0,0,0,0,0,0,0,0,2,2,2,14,7,7,17,12,29,4,2102
55921,89,0,False,43,89,0,0,0,0,0,0,81,0,0,0,0,1,1,1,25,14,6,25,27,36,25,2102
56101,44,22,True,58,60,25,72,0,0,0,0,0,0,0,0,0,2,2,1,14,8,55,20,38,26,8,2102
60386,44,22,True,28,49,52,0,45,0,33,0,0,0,0,0,0,2,4,2,9,24,9,15,5,27,9,2102
60398,42,0,False,15,67,0,0,0,0,0,55,0,0,0,0,0,1,1,5,30,26,25,15,5,43,2,2102
60601,26,26,True,52,0,66,86,74,0,36,0,0,0,0,0,0,1,1,2,39,55,53,17,19,49,19,2102
61293,33,33,True,61,52,29,0,51,0,0,0,0,0,0,0,0,1,1,3,1,4,13,1,8,17,5,2102
62443,58,0,False,51,82,60,0,0,0,25,0,0,0,0,0,0,1,1,4,1,10,8,1,33,57,22,2102
62510,18,18,True,61,56,0,0,0,0,100,0,0,0,47,86,0,3,1,4,1,26,9,14,18,60,2,2102
62510,13,13,True,61,56,0,0,0,0,100,0,0,0,47,86,0,3,1,4,1,26,9,14,18,60,2,2102
62629,34,0,False,13,56,54,0,0,37,0,0,0,0,0,0,0,1,1,4,10,13,20,6,18,34,20,2102
63964,63,0,False,60,78,0,14,0,0,36,0,0,0,83,0,0,3,2,4,8,22,8,14,15,38,4,2102
64848,51,22,False,31,60,27,0,0,61,68,0,0,0,0,0,0,4,1,1,17,19,12,13,9,40,32,2102
65856,22,15,True,50,57,0,0,39,51,48,11,47,0,0,0,0,1,1,1,14,41,10,4,9,53,26,2102
66044,82,0,False,8,72,0,68,0,31,0,0,0,0,0,0,0,4,3,2,9,14,24,15,18,64,4,2102
66466,18,2,False,70,34,44,0,34,0,25,40,0,0,0,48,0,1,1,4,60,55,47,22,11,52,24,2102
69165,55,0,False,22,99,0,0,0,0,0,0,0,0,0,78,0,4,3,3,22,16,9,14,21,27,7,2102
70719,49,0,False,17,80,46,22,0,0,0,0,0,0,0,0,0,5,4,1,15,9,21,20,33,39,2,2102
70749,33,33,True,26,35,46,46,0,29,0,0,0,0,0,0,0,4,4,5,9,29,28,29,21,39,11,2102
70793,34,0,False,32,99,0,0,0,0,0,27,0,0,0,0,0,1,1,1,7,11,9,34,22,57,12,2102
70808,18,18,True,74,56,65,0,0,0,42,56,0,0,0,0,0,1,5,1,34,14,32,12,4,38,10,2102
70813,65,0,False,17,103,0,0,0,0,101,0,0,0,0,0,0,2,4,1,8,2,8,17,28,47,4,2102
70901,29,10,False,22,95,61,94,0,0,0,0,0,0,0,0,0,2,4,2,19,12,10,20,22,36,10,2102
70983,54,0,False,29,102,0,0,0,24,0,0,0,0,0,0,0,1,2,4,16,21,25,20,12,67,4,2102
71023,51,0,False,39,61,21,50,0,0,0,0,0,0,0,0,0,2,3,1,20,22,18,32,15,52,10,2102
71088,46,0,False,13,104,0,0,0,59,0,0,0,0,0,0,0,2,3,1,13,13,22,18,2,66,3,2102
71215,33,33,True,50,86,0,0,0,0,74,92,0,0,0,0,0,4,5,4,15,27,17,25,32,61,23,2102
71252,58,0,False,58,69,73,0,0,27,69,0,0,0,0,0,0,5,3,2,31,46,49,16,11,66,3,2102
71536,56,0,False,31,0,0,34,0,89,0,0,0,0,0,0,0,5,4,5,24,17,4,33,18,48,3,2102
71544,47,0,False,13,77,89,0,0,90,53,0,0,0,0,0,0,2,1,2,4,1,23,19,12,40,15,2102
71555,19,0,False,92,39,39,0,0,30,29,0,0,0,0,0,0,3,3,1,22,10,33,22,21,50,11,2102
71561,67,0,False,3,0,0,100,0,82,0,0,0,0,0,0,0,1,2,4,13,7,34,22,11,42,4,2102
71589,59,3,False,23,73,56,23,0,0,0,0,0,0,0,0,0,1,5,4,6,19,17,12,11,58,3,2102
71608,11,0,False,11,0,0,75,0,50,0,0,0,0,0,0,0,2,2,1,20,13,3,45,20,70,7,2102
71715,27,27,True,92,87,91,72,0,0,49,0,0,38,0,0,0,2,5,2,13,23,16,16,16,50,4,2102
71782,38,0,False,29,103,0,0,0,0,71,0,0,0,0,0,0,2,5,1,15,25,15,27,13,18,3,2102
71907,15,15,True,46,58,49,0,34,52,45,0,0,0,0,0,0,1,1,1,24,15,38,45,16,41,9,2102
71913,48,2,False,63,73,0,0,0,32,20,36,0,0,0,0,0,2,3,2,12,15,35,22,28,52,14,2102
71930,20,0,False,25,103,0,0,0,92,0,0,0,0,0,0,0,2,1,5,23,35,15,29,10,43,18,2102
72013,51,16,False,53,84,62,0,0,51,43,0,0,0,0,0,0,5,1,5,28,26,20,22,23,59,4,2102
72054,33,33,True,80,57,0,0,23,57,48,0,0,0,0,33,0,2,1,4,28,50,19,26,18,37,5,2102
72059,28,28,True,51,98,79,0,0,100,91,0,0,88,0,0,0,5,1,3,28,29,35,30,30,57,50,2102
72062,15,0,False,55,58,0,0,0,32,36,0,0,0,0,0,0,4,2,2,46,15,23,26,22,45,11,2102
72081,24,1,False,17,80,48,0,0,0,82,0,0,0,0,34,0,3,2,5,17,50,13,21,23,62,3,2102
72139,38,0,False,6,0,89,0,98,0,0,0,0,0,0,0,0,8,11,11,73,58,61,15,15,55,11,2102
72139,26,0,False,6,0,89,0,98,0,0,0,0,0,0,0,0,8,11,11,73,58,61,15,15,55,11,2102
72364,19,19,True,88,0,49,96,0,5,44,0,0,0,0,0,0,2,1,1,28,23,22,26,1,51,5,2102
72366,58,0,False,22,79,43,50,31,0,0,0,0,0,0,0,0,2,1,5,14,28,14,17,9,30,22,2102
72434,62,5,False,74,0,0,70,49,52,27,37,0,0,0,0,0,3,3,1,64,22,24,23,12,58,33,2102
72458,57,0,False,11,102,36,105,0,0,99,0,0,0,0,0,0,1,2,1,34,20,17,16,18,24,14,2102
72517,28,28,True,39,77,45,0,55,0,37,63,0,0,0,0,0,3,3,4,45,11,26,16,10,64,14,2102
72549,55,0,False,18,0,46,0,0,85,0,0,0,0,0,0,0,1,4,4,11,35,15,19,21,59,10,2102
72574,42,0,False,13,87,0,0,38,0,0,0,0,0,0,0,0,1,5,4,11,35,19,15,10,45,3,2102
72603,74,0,False,20,87,72,0,83,0,47,0,0,0,0,0,0,5,4,5,54,30,18,24,4,47,14,2102
72610,14,0,False,8,97,0,0,0,25,0,0,0,0,0,0,0,3,4,2,23,50,13,21,15,60,12,2102
72646,74,0,False,11,104,0,0,0,37,97,0,0,92,0,0,0,5,3,3,32,39,6,18,23,29,1,2102
72679,48,0,False,31,95,0,0,0,39,0,0,0,0,0,0,0,5,4,1,25,20,27,20,30,43,3,2102
72708,28,28,True,74,72,72,0,82,72,56,0,0,0,0,0,0,4,1,2,17,4,18,21,28,68,9,2102
72838,49,0,False,43,65,39,0,0,0,81,49,0,0,0,0,0,1,2,1,12,33,6,23,10,55,3,2102
72845,40,39,True,91,0,0,56,68,92,44,93,0,0,0,0,0,2,4,5,18,9,27,16,12,38,11,2102
72901,12,9,True,60,59,24,0,0,30,0,0,0,0,0,0,0,2,1,2,17,32,9,23,21,44,6,2102
73066,16,16,True,70,77,0,0,0,34,42,0,0,0,0,0,0,2,3,4,17,23,22,15,12,18,4,2102
73117,23,0,False,15,61,0,0,18,0,0,0,0,0,0,0,0,1,4,1,30,17,11,26,21,42,7,2102
73132,32,32,True,85,101,0,0,90,25,67,0,0,0,0,0,0,5,2,2,8,86,21,23,18,55,8,2102
73141,60,3,False,10,0,34,0,0,103,0,0,0,0,0,0,0,4,2,4,24,15,18,21,26,38,21,2102
73148,38,0,False,24,49,0,0,0,34,0,0,0,0,0,0,0,3,4,1,14,24,5,13,12,33,5,2102
73169,18,18,True,70,91,0,0,66,50,48,22,0,0,0,0,0,1,2,4,19,34,22,25,10,77,9,2102
73249,25,25,True,36,63,52,0,0,47,0,0,43,0,0,48,0,2,1,2,23,35,23,29,16,47,4,2102
73288,13,4,False,51,57,0,91,0,39,35,0,0,0,0,0,0,2,3,1,31,30,8,14,17,35,10,2102
73393,41,19,False,96,61,56,60,0,0,23,0,0,0,0,0,0,2,1,5,25,17,16,23,15,71,15,2102
73452,10,5,True,60,59,63,0,83,0,39,0,0,0,0,0,0,5,4,2,27,15,8,22,10,43,2,2102
73659,32,0,False,31,81,20,0,0,20,63,0,0,0,0,0,0,1,4,1,16,38,23,18,19,43,17,2102
73812,72,1,False,24,103,0,0,0,94,0,0,0,0,0,0,0,4,5,3,40,45,42,24,24,48,30,2102
73822,40,0,False,22,84,98,85,0,0,26,0,0,0,0,0,0,2,2,5,26,31,32,11,11,33,5,2102
73837,38,0,False,77,32,45,0,43,0,0,0,0,30,0,0,0,2,4,3,62,43,40,14,19,27,8,2102
73851,19,19,True,30,92,93,21,0,0,0,0,0,0,0,0,0,1,2,4,47,40,40,24,20,51,14,2102
73863,73,0,False,29,49,34,0,84,0,0,0,0,0,0,0,0,5,2,1,33,29,38,40,22,37,3,2102
73873,33,33,True,56,37,37,49,0,17,0,0,0,0,0,0,0,10,10,16,47,58,32,24,36,71,11,2102
73944,14,0,False,5,58,48,18,0,0,0,0,0,0,0,0,0,2,1,3,57,52,48,17,26,51,3,2102
73945,36,36,True,90,72,29,0,79,0,96,0,0,0,0,0,0,1,4,1,50,44,56,16,24,50,4,2102
73958,22,22,True,65,0,79,0,0,87,48,0,0,0,0,0,0,5,2,1,33,52,42,22,16,82,2,2102
73978,11,11,True,52,68,23,40,0,0,22,0,0,0,0,0,0,2,2,2,39,40,35,18,9,40,4,2102
73990,46,0,False,2,0,95,0,0,99,0,0,0,0,0,0,0,5,1,4,48,43,52,18,19,51,7,2102
74043,18,13,True,50,100,23,101,0,0,0,41,0,0,0,0,0,2,4,1,43,53,35,17,8,69,4,2102
74053,21,21,True,53,101,77,92,0,95,75,0,0,0,0,0,0,4,1,2,12,17,15,19,9,28,30,2102
74104,65,0,False,16,95,0,0,87,0,0,0,0,0,0,0,0,2,4,2,53,51,52,24,34,60,9,2102
74120,33,33,True,57,77,54,35,0,63,0,0,0,0,0,0,0,1,2,1,39,44,40,24,27,44,13,2102
74123,60,0,False,15,96,91,18,0,0,0,0,0,0,0,77,0,5,4,2,57,49,46,29,27,52,4,2102
74139,44,0,False,54,54,62,53,0,0,0,0,0,0,0,0,0,7,11,13,44,62,46,27,5,78,14,2102
74182,29,13,False,56,77,0,0,0,26,52,0,0,0,0,33,0,1,4,1,40,46,42,17,22,49,3,2102
74187,94,0,False,56,96,0,0,0,0,77,20,0,0,0,0,0,5,2,2,59,51,44,23,22,56,7,2102
74295,82,0,False,14,104,0,0,49,0,0,71,0,0,0,0,0,2,1,5,51,51,46,17,31,51,4,2102
74374,51,1,False,67,98,0,0,94,49,49,96,0,0,0,0,0,1,1,2,48,42,36,27,11,40,14,2102
74384,61,0,False,19,104,0,0,35,0,0,0,0,0,0,0,0,3,1,2,18,29,31,18,32,44,10,2102
74405,94,1,False,33,86,79,0,0,0,41,0,0,0,0,0,0,3,1,5,8,20,29,15,22,40,13,2102
74436,28,28,True,79,63,47,0,0,18,0,0,52,0,31,0,0,3,3,1,53,48,47,21,13,47,24,2102
74459,70,4,False,67,0,0,39,0,65,21,0,0,0,0,0,72,10,13,9,49,37,43,20,27,27,28,2102
74488,24,24,True,60,71,0,0,0,0,24,0,64,0,0,13,0,1,4,3,43,39,34,28,24,34,3,2102
74490,18,1,False,51,84,0,0,0,51,0,0,0,0,0,0,0,2,4,2,38,39,32,21,24,38,13,2102
74555,72,0,False,23,0,56,0,102,0,0,0,0,0,0,0,0,1,4,3,44,54,50,20,18,70,13,2102
74611,33,0,False,4,103,0,0,0,0,0,0,0,0,0,90,0,14,7,15,24,23,39,18,9,34,10,2102
74645,11,0,False,33,98,0,0,0,14,0,0,0,0,0,0,0,2,2,3,37,44,27,13,18,42,3,2102
74654,33,0,False,19,47,45,0,1,0,0,0,0,0,0,0,0,11,13,6,30,46,37,18,27,67,1,2102
74658,50,0,False,20,98,26,95,0,0,0,0,0,0,0,0,0,1,5,1,49,57,45,18,18,67,3,2102
74672,33,33,True,97,49,21,0,59,0,37,20,0,0,0,0,0,6,12,10,45,49,42,18,12,57,5,2102
75333,53,0,False,12,97,0,0,72,0,0,0,0,0,0,0,0,4,1,4,40,50,46,17,23,52,1,2102
75349,20,0,False,15,0,0,102,0,0,55,0,0,0,0,0,0,4,5,2,36,49,38,20,20,55,29,2102
75375,31,31,True,58,94,0,0,0,32,87,0,62,0,0,0,0,4,4,1,13,44,27,25,20,71,4,2102
75384,37,12,False,42,0,41,0,14,37,32,50,0,0,0,0,0,13,12,11,42,40,33,19,17,44,1,2102
75821,35,35,True,46,58,0,0,0,27,49,0,0,0,0,0,0,1,2,4,53,43,37,29,17,38,9,2102
76089,44,0,False,18,77,0,102,0,0,29,0,0,0,0,0,0,1,3,1,15,50,31,23,10,42,2,2102
76191,79,0,False,6,0,0,49,112,0,0,0,0,0,0,0,0,4,4,5,26,44,36,19,28,62,3,2102
76696,10,0,False,83,44,28,0,40,0,28,0,0,0,0,0,0,2,3,4,45,43,35,22,5,44,7,2102
77250,77,0,False,20,0,0,102,106,0,0,0,0,0,0,0,0,2,1,1,33,41,49,25,12,55,19,2102
77385,29,0,False,21,65,0,48,0,18,0,0,0,0,0,0,0,5,1,5,43,43,41,24,29,49,3,2102
77406,78,0,False,13,100,0,0,14,0,0,0,0,0,0,0,0,3,2,4,45,59,42,21,18,62,19,2102
77485,75,0,False,15,98,0,0,0,0,82,0,0,0,0,0,0,4,4,3,27,45,40,36,17,68,12,2102
78271,65,0,False,24,89,0,0,0,0,78,0,0,0,0,0,0,5,3,3,48,53,60,25,24,60,4,2102
78744,31,31,True,72,52,47,51,43,49,36,0,0,0,0,0,0,2,2,2,65,59,50,18,35,45,8,2102
78772,49,0,False,18,101,0,0,96,0,0,0,0,0,0,0,0,3,3,4,57,49,60,27,55,42,36,2102
78832,70,0,False,21,102,0,0,0,104,0,0,0,0,0,0,0,2,2,1,31,46,48,17,28,31,26,2102
78898,31,0,False,13,104,0,0,0,0,35,0,0,0,0,0,0,4,2,1,32,39,40,21,38,45,4,2102
78902,12,0,False,26,78,0,0,90,0,0,0,0,0,0,0,0,2,5,1,43,44,43,22,16,22,5,2102
78984,12,12,True,78,29,21,0,0,34,39,0,0,0,0,0,0,5,5,1,53,44,49,14,16,43,5,2102
79025,48,0,False,11,0,0,104,0,0,69,0,0,0,0,0,0,3,1,1,33,41,39,20,5,46,3,2102
79131,37,6,False,24,66,23,43,0,0,0,81,0,0,0,0,0,16,15,15,46,44,61,45,14,46,7,2102
79768,23,0,False,21,96,0,0,84,0,0,0,0,0,0,0,0,2,5,1,44,50,47,20,32,53,17,2102
79791,76,0,False,20,102,0,0,110,0,0,0,0,0,0,0,0,11,6,15,33,50,57,23,20,73,20,2102
81347,61,0,False,17,102,0,0,101,0,0,0,0,0,0,0,0,1,1,5,34,28,44,37,24,33,9,2102
84762,35,35,True,81,0,48,0,0,36,49,0,0,0,0,0,0,2,4,3,52,47,54,16,26,52,3,2102
84,32,30,True,52,80,0,0,0,74,39,55,0,0,0,0,0,3,4,3,42,12,13,26,15,59,6,2103
549,45,0,False,16,91,60,101,0,0,0,0,0,0,0,0,0,1,2,2,36,26,7,20,16,29,2,2103
549,24,0,False,16,91,60,101,0,0,0,0,0,0,0,0,0,1,2,2,36,26,7,20,16,29,2,2103
699,90,0,False,24,104,103,53,0,0,0,0,0,0,0,0,0,1,4,4,13,21,32,25,18,54,8,2103
743,33,0,False,12,0,0,98,102,0,0,0,0,0,0,0,0,1,1,1,35,7,20,18,14,69,5,2103
1258,34,34,True,83,81,82,0,0,64,48,79,0,0,0,0,0,2,2,3,24,19,37,21,10,24,3,2103
1330,33,33,True,59,80,31,0,86,0,41,0,0,0,0,0,0,1,3,3,16,8,17,20,16,67,3,2103
1444,49,0,False,23,96,0,0,24,0,0,83,0,0,0,93,0,2,5,5,16,27,10,18,11,27,4,2103
1472,33,33,True,56,82,0,0,0,0,38,91,0,0,0,0,0,2,1,2,42,22,19,17,29,44,8,2103
1479,72,7,False,32,0,37,0,0,39,0,44,0,0,0,0,0,2,1,2,23,18,7,18,18,49,4,2103
2113,73,0,False,11,79,41,81,0,83,48,0,0,0,0,0,0,2,4,1,17,43,8,25,15,33,27,2103
2150,27,0,False,11,103,0,0,101,0,0,0,0,0,0,0,0,2,2,4,38,8,8,19,10,34,11,2103
2236,67,0,False,3,105,0,0,0,0,76,0,0,0,0,0,0,1,2,3,5,20,12,20,15,40,4,2103
19365,69,0,False,70,63,50,23,0,0,0,0,0,0,0,0,0,1,2,1,5,10,12,13,11,32,7,2103
19581,64,0,False,68,101,25,32,0,44,0,0,18,0,0,0,0,1,2,2,13,8,19,20,1,54,2,2103
19835,18,0,False,37,37,32,14,0,20,0,0,0,0,0,0,0,3,2,2,24,26,9,19,34,56,6,2103
19899,33,33,True,48,48,35,48,0,0,25,23,0,0,0,0,0,6,4,2,32,10,10,23,11,56,26,2103
19974,30,0,False,70,70,0,0,0,69,42,0,0,0,0,0,0,1,2,1,12,9,10,25,27,44,44,2103
20022,12,2,False,50,77,0,75,0,0,58,0,0,0,0,0,0,2,2,2,17,26,15,16,14,45,4,2103
20076,64,0,False,16,104,0,0,0,104,0,0,0,0,0,0,0,1,4,1,34,20,12,17,13,37,3,2103
20383,23,23,True,96,92,0,32,0,30,33,76,0,0,0,0,0,4,2,1,11,22,10,25,27,27,15,2103
20402,72,0,False,4,104,0,0,91,0,0,0,0,0,0,0,0,2,5,3,18,14,38,12,13,33,6,2103
21174,19,19,True,82,73,0,0,0,0,46,22,0,0,0,39,0,1,3,3,23,12,21,25,9,39,4,2103
22319,50,0,False,59,68,50,0,0,1,39,0,0,0,0,0,0,4,1,4,13,6,12,15,7,39,6,2103
23003,71,0,False,14,98,0,0,0,0,0,0,0,0,0,85,0,5,4,1,26,39,44,20,22,34,3,2103
23608,33,33,True,45,37,48,21,0,14,0,0,0,0,0,0,0,2,4,5,45,55,41,20,24,71,9,2103
23652,26,24,True,51,68,0,77,0,0,39,0,0,0,0,0,0,3,3,2,19,17,13,18,18,27,8,2103
24129,48,0,False,21,101,68,0,0,92,0,0,0,0,0,0,0,1,5,3,22,13,31,26,8,56,3,2103
24224,33,33,True,62,63,0,0,0,26,49,0,0,0,0,11,0,4,4,2,14,21,2,21,12,38,17,2103
24273,34,34,True,94,79,38,37,0,0,0,0,0,0,0,0,0,2,5,1,45,10,10,21,3,54,1,2103
24360,107,2,False,28,50,74,0,42,0,0,0,0,0,21,0,0,3,4,4,10,7,28,18,9,29,20,2103
24506,22,22,True,58,0,66,0,0,69,32,23,0,0,0,0,0,3,4,1,18,20,17,11,18,25,11,2103
25018,70,0,False,9,47,0,0,68,0,0,0,0,0,0,0,0,2,2,2,23,6,14,18,6,54,24,2103
25066,49,0,False,20,91,0,0,0,71,0,0,0,0,0,0,0,3,1,1,12,20,6,13,21,44,4,2103
25574,34,32,True,59,0,0,82,48,59,27,0,0,0,0,0,0,3,1,4,17,8,22,23,34,67,13,2103
25591,54,0,False,59,94,0,0,0,0,0,0,0,0,0,82,0,2,4,4,11,18,12,24,19,42,14,2103
25768,26,26,True,33,59,50,50,0,0,0,0,19,0,0,0,0,1,4,1,48,13,8,18,21,47,3,2103
25904,12,0,False,62,87,0,0,0,74,63,20,0,0,0,0,0,1,4,5,9,6,6,15,21,45,10,2103
25927,37,37,True,59,68,49,64,0,0,42,0,0,0,0,0,0,2,1,2,19,10,12,21,14,57,27,2103
26076,55,0,False,15,87,0,0,0,0,28,0,0,0,0,0,0,1,4,2,12,15,19,19,27,68,2,2103
26089,15,0,False,17,70,0,0,0,50,0,0,0,0,0,0,0,5,1,2,52,49,49,27,14,53,21,2103
26168,13,13,True,51,76,0,27,0,0,31,36,0,0,0,0,0,2,1,4,13,21,7,30,11,52,4,2103
26197,75,0,False,16,104,0,0,50,0,0,0,0,0,0,0,0,2,2,4,13,28,24,24,15,34,20,2103
26210,99,0,False,7,0,0,50,0,101,0,0,0,0,0,0,0,4,3,4,15,29,11,25,15,43,25,2103
26213,17,14,True,51,63,0,58,49,0,27,0,0,0,0,0,0,1,2,4,14,20,11,16,7,38,5,2103
26249,50,0,False,64,59,56,0,0,0,29,0,0,0,0,0,0,2,5,4,12,31,20,25,16,59,5,2103
26267,82,0,False,11,102,40,101,0,0,0,0,0,0,0,0,0,1,4,2,73,30,18,18,22,40,3,2103
26693,14,0,False,30,63,0,0,0,0,0,59,0,0,0,0,0,2,1,3,24,9,9,19,23,45,3,2103
26756,68,0,False,23,101,0,0,0,0,65,0,0,0,0,0,0,5,3,4,46,14,7,18,24,40,16,2103
26811,85,0,False,30,101,0,0,0,0,54,0,0,0,0,0,0,2,4,2,35,12,4,27,16,45,11,2103
27038,36,36,True,58,33,0,0,0,29,46,0,0,0,0,0,0,3,2,5,37,16,20,20,21,62,7,2103
27363,70,22,False,15,84,0,67,0,0,67,0,0,0,0,0,0,1,2,2,9,8,12,15,14,56,4,2103
27642,13,0,False,56,56,33,0,0,84,0,0,0,0,0,0,0,2,2,1,22,8,1,15,23,52,5,2103
28586,25,19,True,12,101,0,81,0,41,0,0,0,0,0,0,0,4,3,3,10,8,6,20,11,41,8,2103
28596,44,0,False,56,85,0,0,0,82,47,0,43,0,0,0,0,4,4,4,19,9,13,22,34,69,2,2103
28604,11,6,True,31,103,0,0,0,81,0,0,0,0,0,0,0,3,2,3,50,42,41,14,17,45,4,2103
28753,113,0,False,61,65,60,0,0,0,22,56,0,0,0,0,0,4,4,2,26,11,8,23,20,52,10,2103
29100,73,0,False,24,101,0,0,36,0,0,0,0,0,0,0,0,2,3,4,48,15,19,19,24,52,12,2103
29480,81,0,False,3,81,0,0,65,0,0,0,0,0,0,0,0,5,1,5,90,18,14,18,10,62,14,2103
29533,33,0,False,60,48,0,45,0,56,30,0,0,0,0,0,0,5,1,5,22,24,11,16,22,49,2,2103
29618,29,14,False,61,74,0,0,0,77,43,0,0,0,0,0,0,3,4,4,14,26,14,16,14,29,3,2103
29894,11,0,False,67,39,48,0,42,0,33,0,0,0,38,0,0,3,4,1,10,23,23,35,9,62,4,2103
29958,14,0,False,16,102,0,0,102,0,0,0,0,0,0,0,0,4,5,4,4,28,14,30,5,66,4,2103
29980,50,15,False,53,82,32,0,82,0,42,0,0,0,0,0,0,1,2,4,51,21,24,20,5,64,4,2103
30142,88,0,False,6,0,0,103,0,0,0,0,0,67,0,0,0,3,1,2,24,11,14,22,16,91,4,2103
30148,20,20,True,55,0,0,82,80,90,49,35,0,0,0,62,0,2,4,2,9,21,10,22,22,51,4,2103
30208,74,0,False,33,87,0,0,0,0,0,91,0,0,0,0,0,2,6,1,21,8,21,23,16,49,8,2103
30286,30,30,True,40,54,0,0,0,0,90,93,0,0,0,0,0,2,1,1,27,19,9,20,9,56,9,2103
30309,10,2,False,8,101,0,0,49,0,0,0,0,0,0,0,0,2,1,4,28,8,19,13,11,39,5,2103
30590,75,3,False,44,82,0,0,0,79,0,0,0,0,0,0,0,2,2,4,7,19,7,21,19,54,3,2103
30631,44,1,False,26,0,0,79,76,56,27,54,0,0,0,0,0,2,1,2,16,10,22,19,23,28,6,2103
30676,24,24,True,66,95,79,0,0,0,98,0,0,0,0,0,0,1,1,2,22,9,6,14,5,43,1,2103
30820,10,0,False,10,0,60,0,86,82,37,87,0,0,0,0,0,5,1,3,11,7,28,24,19,46,31,2103
30907,66,0,False,8,103,0,0,0,0,0,0,0,0,0,102,0,4,1,3,17,6,26,23,16,37,4,2103
31165,36,0,False,4,101,0,0,0,0,0,95,0,0,0,0,0,2,1,4,20,12,7,17,11,41,20,2103
31326,31,31,True,21,0,58,0,36,48,25,47,0,0,0,0,0,4,1,1,18,11,9,19,9,50,10,2103
31580,62,0,False,33,98,0,0,20,0,63,0,55,0,0,38,0,5,3,2,6,18,6,16,22,53,7,2103
31723,51,19,False,58,69,0,0,0,63,36,0,0,0,0,0,0,4,2,2,6,6,33,11,12,55,2,2103
31754,21,21,True,85,82,0,0,76,50,39,0,0,0,0,71,0,4,4,3,6,24,10,33,18,44,12,2103
31754,12,11,True,85,82,0,0,76,50,39,0,0,0,0,71,0,4,4,3,6,24,10,33,18,44,12,2103
31764,25,0,False,40,63,0,65,0,14,67,0,25,0,0,0,0,12,16,12,42,40,48,14,9,50,4,2103
31809,64,0,False,15,0,0,93,0,104,0,0,0,0,0,0,0,1,4,2,10,14,21,23,13,59,2,2103
31963,33,33,True,54,40,32,82,0,0,90,0,0,0,0,0,0,1,3,1,4,7,7,25,19,54,4,2103
31968,22,22,True,29,29,47,0,41,0,36,0,0,0,0,0,0,1,5,1,8,15,10,21,13,60,25,2103
32145,32,15,False,59,54,61,0,0,14,0,0,0,0,0,0,0,1,1,1,13,9,2,18,34,53,8,2103
32146,61,0,False,7,73,30,68,0,0,0,0,0,0,0,0,0,5,4,1,10,24,10,24,8,35,20,2103
32185,41,0,False,11,86,73,92,0,0,0,0,0,0,0,0,0,5,3,2,10,9,10,22,7,74,7,2103
32255,42,8,False,66,82,28,0,0,0,76,0,0,0,0,0,0,2,1,3,7,7,5,14,7,58,12,2103
32306,32,32,True,72,92,0,0,31,0,49,54,0,0,0,0,0,2,2,4,8,18,11,17,8,33,23,2103
32341,32,32,True,58,59,22,0,0,52,69,0,0,0,0,0,0,1,1,5,46,47,43,23,13,54,17,2103
32500,26,26,True,68,0,0,90,10,75,75,0,0,0,0,0,0,1,1,2,16,26,13,28,20,37,10,2103
32511,32,32,True,56,65,66,40,38,0,46,0,0,0,0,0,0,2,2,2,23,9,13,19,18,39,17,2103
32538,28,28,True,85,101,0,0,95,21,65,99,0,0,0,0,0,1,2,4,9,16,23,21,4,47,22,2103
32539,39,0,False,7,87,0,0,0,82,0,0,0,0,0,0,0,5,1,4,5,25,12,22,16,48,34,2103
32672,30,23,True,77,90,39,95,0,0,0,0,0,0,0,0,0,2,3,2,11,17,12,15,20,50,6,2103
32720,38,0,False,7,95,0,0,0,0,58,0,0,0,0,0,0,2,1,2,25,42,7,24,10,60,8,2103
32821,71,4,False,41,84,0,0,88,25,31,0,0,0,31,0,0,1,1,2,8,8,8,15,8,38,4,2103
32909,37,1,False,57,63,0,0,31,0,75,67,0,0,0,45,0,4,1,4,2,14,10,23,15,45,6,2103
32954,78,0,False,12,92,0,0,92,0,0,0,0,0,0,0,0,2,4,2,43,8,8,18,16,48,3,2103
33013,17,17,True,92,103,0,0,63,105,39,106,0,0,0,0,0,3,4,4,9,9,8,22,8,58,7,2103
33013,16,16,True,92,103,0,0,63,105,39,106,0,0,0,0,0,3,4,4,9,9,8,22,8,58,7,2103
33185,77,0,False,16,92,0,0,31,0,0,0,0,0,0,0,0,2,4,3,23,26,13,30,6,60,5,2103
33251,63,5,False,45,100,0,0,0,0,32,81,0,0,0,0,0,5,5,2,6,24,20,20,11,44,25,2103
33368,33,2,False,8,104,0,0,0,39,0,0,0,0,0,0,0,3,4,1,14,17,13,12,42,26,5,2103
33431,51,9,False,80,47,59,0,62,59,31,0,0,0,0,0,0,4,1,4,7,33,7,15,15,45,4,2103
33509,11,0,False,36,75,0,0,86,82,0,0,0,0,0,0,0,4,1,4,6,11,21,14,27,37,5,2103
33561,14,0,False,65,34,0,36,0,0,0,24,0,48,0,0,0,1,1,2,21,13,5,52,7,36,2,2103
33571,11,11,True,84,64,68,0,0,72,49,0,0,0,0,0,0,2,2,1,6,9,9,17,40,46,2,2103
33571,10,10,True,84,64,68,0,0,72,49,0,0,0,0,0,0,2,2,1,6,9,9,17,40,46,2,2103
33667,62,0,False,5,0,0,101,0,92,0,0,0,0,0,0,0,2,2,4,10,6,10,16,17,52,5,2103
33709,39,0,False,15,101,0,0,82,0,0,0,0,0,0,0,0,2,2,2,8,24,4,17,15,57,8,2103
33785,74,0,False,14,0,0,104,0,101,0,0,0,0,0,0,0,2,1,4,20,15,4,22,36,29,7,2103
33816,31,31,True,49,80,0,81,0,0,47,0,0,26,0,0,0,4,2,3,13,5,15,23,19,58,40,2103
33845,10,10,True,47,65,31,63,0,49,0,0,0,0,0,0,0,2,1,1,54,17,36,16,18,39,11,2103
33944,46,0,False,15,76,48,64,0,0,0,0,0,0,0,0,0,4,4,2,6,17,27,20,20,58,18,2103
33989,32,32,True,63,67,58,0,0,31,29,0,0,0,0,47,0,5,2,1,31,10,13,19,29,42,9,2103
34003,41,0,False,9,0,0,86,0,61,0,0,0,0,0,0,0,1,4,1,10,8,38,27,12,53,11,2103
34252,33,33,True,61,86,62,67,0,53,59,0,0,0,0,0,0,3,3,4,7,9,16,16,22,65,9,2103
34372,54,0,False,4,0,0,101,0,0,50,0,0,0,0,0,0,2,1,1,37,49,11,19,23,53,14,2103
34448,31,20,True,78,46,39,0,0,20,47,0,0,0,0,0,0,5,5,3,12,5,23,20,23,73,4,2103
34522,63,0,False,26,66,57,60,0,0,0,0,0,0,0,0,0,5,3,1,22,48,13,19,8,40,7,2103
34588,19,0,False,39,95,34,0,61,0,0,0,0,0,0,0,0,1,3,3,8,26,18,20,22,52,8,2103
34675,73,2,False,51,78,33,0,0,0,0,56,0,0,0,0,0,3,1,1,9,9,9,12,41,42,4,2103
34726,18,18,True,55,9,64,87,0,0,30,0,0,0,0,0,0,4,4,5,9,14,17,17,34,54,5,2103
35188,50,3,False,30,64,22,62,0,0,0,0,0,0,0,0,0,2,3,2,48,57,9,23,17,55,17,2103
35229,82,0,False,11,89,0,0,0,36,0,0,0,0,0,0,0,2,1,4,32,19,26,19,36,20,38,2103
35269,60,0,False,42,87,72,0,0,82,0,85,0,0,0,0,0,5,2,1,8,11,9,10,34,55,4,2103
35269,24,0,False,42,87,72,0,0,82,0,85,0,0,0,0,0,5,2,1,8,11,9,10,34,55,4,2103
35531,37,3,False,8,104,0,0,0,47,0,0,0,0,0,0,0,2,4,4,33,17,13,15,8,51,10,2103
35552,78,0,False,19,102,0,0,0,81,0,0,0,0,0,0,0,13,8,7,34,31,57,21,29,49,26,2103
35653,12,2,False,41,65,34,0,0,0,0,69,0,0,0,0,0,4,2,1,28,26,6,20,11,53,6,2103
35910,12,11,True,67,72,0,82,50,90,47,82,0,0,0,0,0,2,3,1,10,17,14,13,16,47,7,2103
35922,59,13,False,54,79,61,29,0,0,0,0,0,25,23,0,0,1,3,4,17,17,7,31,8,51,7,2103
36426,40,22,True,63,77,24,0,0,88,0,0,25,0,0,0,0,1,2,1,25,11,6,22,19,50,8,2103
36516,35,5,False,59,89,61,16,0,0,44,0,0,0,0,0,0,2,2,4,9,29,16,11,8,40,9,2103
36523,61,0,False,40,89,32,0,0,0,0,0,0,0,0,0,0,1,3,4,6,28,6,20,20,65,14,2103
36544,72,16,False,14,0,0,83,83,0,0,0,0,0,0,0,0,1,2,1,19,13,8,21,9,53,9,2103
36558,23,23,True,41,80,17,0,20,0,59,50,0,0,0,0,0,4,1,2,9,8,19,18,19,52,8,2103
36610,68,0,False,24,97,0,0,48,0,0,0,0,0,0,0,0,4,2,1,16,30,9,16,24,46,6,2103
36697,51,11,False,56,80,61,0,74,0,47,0,0,0,0,0,0,1,4,1,6,8,40,16,26,52,7,2103
36709,31,31,True,61,71,0,0,0,0,27,59,0,0,11,0,0,5,3,2,23,31,14,16,3,79,8,2103
36727,59,0,False,29,54,26,0,75,28,0,0,0,0,0,0,0,4,1,4,32,39,40,26,23,49,3,2103
36728,39,0,False,32,0,77,82,61,18,39,0,0,0,0,0,0,5,2,5,40,17,16,21,31,52,17,2103
36749,33,33,True,58,100,72,0,56,0,0,0,0,0,0,95,0,1,2,2,11,10,9,22,27,51,26,2103
36751,61,0,False,33,0,0,81,89,70,71,33,0,0,0,87,0,3,1,2,12,6,8,21,8,34,3,2103
36825,48,2,False,46,63,62,0,0,51,32,0,0,0,0,0,0,1,2,4,8,18,17,13,6,56,22,2103
36830,66,0,False,56,64,58,64,0,86,0,0,0,0,0,0,0,1,4,4,6,20,5,17,16,49,3,2103
36846,36,36,True,28,60,73,81,0,0,83,0,0,0,0,0,0,4,1,4,7,14,6,12,25,48,4,2103
36870,37,0,False,38,87,25,81,0,3,0,0,0,0,0,0,0,1,1,1,14,16,26,10,10,53,6,2103
36943,61,0,False,8,98,0,69,0,81,0,0,0,0,0,0,0,1,3,2,5,7,9,20,25,64,8,2103
37007,34,34,True,42,87,45,55,0,0,25,0,0,0,0,0,0,4,2,5,14,10,9,32,17,60,6,2103
37032,78,15,False,11,72,45,60,0,0,0,0,0,0,0,0,0,2,4,1,17,21,6,12,23,25,10,2103
37102,73,0,False,17,95,0,0,0,0,0,87,0,0,0,0,0,2,1,1,43,23,15,14,11,36,5,2103
37193,53,0,False,28,30,0,0,0,0,72,100,0,0,0,0,0,1,1,2,5,36,13,16,19,57,11,2103
37282,32,32,True,49,0,62,0,79,0,30,72,0,0,0,0,0,4,1,3,9,6,9,12,12,56,30,2103
37349,64,0,False,18,92,0,0,0,75,0,0,0,0,0,0,0,3,2,2,7,14,25,33,25,79,33,2103
37365,11,0,False,23,63,45,50,50,0,0,0,0,0,0,2,0,4,4,2,5,30,10,18,25,34,7,2103
37472,25,23,True,64,74,63,17,0,77,0,0,0,0,0,0,0,1,1,3,38,18,5,13,23,81,3,2103
37585,11,6,True,33,92,0,0,79,26,27,0,0,0,0,7,0,1,1,4,37,26,14,32,16,44,6,2103
37609,33,33,True,77,96,100,0,31,90,39,0,0,0,0,0,0,1,1,1,7,19,10,28,14,76,18,2103
37620,30,30,True,61,68,68,0,0,64,32,0,0,0,0,0,0,4,3,4,13,29,12,17,19,54,8,2103
37728,32,32,True,74,73,0,0,0,44,74,0,0,0,0,0,0,4,4,1,5,23,6,36,6,60,28,2103
37785,41,0,False,19,70,33,0,0,63,0,0,0,0,0,0,0,4,1,1,37,9,8,19,35,68,3,2103
37967,19,19,True,62,44,36,37,0,0,57,0,0,0,0,17,0,4,1,1,7,23,17,18,7,51,1,2103
38104,33,33,True,63,60,70,0,0,68,31,0,0,0,0,0,0,5,1,4,9,13,23,19,10,11,3,2103
38147,10,0,False,18,101,0,0,73,0,0,0,0,0,0,0,0,4,3,4,17,1,1,10,25,20,12,2103
38161,10,0,False,38,26,24,0,0,0,39,37,0,0,0,66,0,2,1,5,22,36,17,16,12,55,1,2103
38269,33,33,True,55,0,0,75,35,0,46,58,0,0,0,0,0,2,3,1,11,12,1,15,15,44,8,2103
38342,29,0,False,15,102,0,0,0,103,0,0,0,0,0,0,0,2,1,4,10,15,43,13,24,41,5,2103
38342,39,0,False,15,102,0,0,0,103,0,0,0,0,0,0,0,2,1,4,10,15,43,13,24,41,5,2103
38348,34,0,False,10,103,0,0,81,0,0,0,0,0,0,0,0,4,2,1,8,21,13,13,4,21,5,2103
38348,33,0,False,10,103,0,0,81,0,0,0,0,0,0,0,0,4,2,1,8,21,13,13,4,21,5,2103
38363,81,4,False,53,90,0,0,0,0,64,18,0,0,0,0,0,1,1,4,33,18,8,24,19,66,17,2103
38377,74,0,False,10,0,42,0,0,101,0,0,0,0,0,0,0,4,2,2,15,32,14,17,19,51,11,2103
38512,67,0,False,64,81,0,0,0,82,0,0,0,0,0,0,0,5,1,3,22,14,20,21,34,45,10,2103
38576,16,0,False,31,62,52,0,65,0,0,0,0,0,0,0,0,5,1,1,7,9,33,12,16,54,3,2103
38608,19,0,False,35,81,0,65,0,0,0,0,0,0,0,0,0,1,4,1,17,14,7,17,9,60,7,2103
38611,46,0,False,17,102,0,0,0,0,0,87,0,0,0,0,0,2,3,1,34,21,23,21,19,56,13,2103
38640,49,0,False,6,74,68,74,0,63,54,0,0,0,0,0,0,5,5,6,24,24,8,22,48,53,3,2103
38750,18,0,False,27,103,0,0,0,0,0,0,0,69,0,0,0,4,4,1,9,9,6,17,24,47,11,2103
38763,24,2,False,28,80,25,0,89,0,52,32,0,0,0,0,0,3,2,4,13,27,8,21,4,30,7,2103
38795,27,27,True,74,92,0,0,74,0,70,65,0,0,0,0,0,11,11,7,47,54,44,21,36,61,3,2103
38807,43,2,False,57,49,31,49,0,0,0,0,0,0,0,0,0,1,4,1,18,7,22,22,21,44,9,2103
38836,41,0,False,24,70,53,0,0,0,50,33,48,0,0,0,0,2,4,4,17,20,10,24,29,39,4,2103
38852,33,33,True,57,27,53,0,0,83,72,0,17,0,0,0,0,2,1,2,10,6,6,20,13,49,3,2103
38898,34,34,True,57,89,0,0,0,87,56,84,0,0,0,0,0,5,3,2,21,31,38,19,29,62,2,2103
38937,70,2,False,55,54,20,64,36,47,0,0,0,0,0,0,0,1,1,3,14,11,16,17,9,46,1,2103
38955,29,29,True,47,97,63,0,0,0,0,0,0,0,0,62,0,4,1,2,11,7,32,16,11,42,1,2103
38987,33,33,True,55,81,0,0,81,83,29,0,0,0,0,0,0,1,1,1,42,19,10,23,12,25,4,2103
38988,35,35,True,60,89,92,0,0,0,40,0,0,0,0,0,0,1,1,3,1,29,25,22,32,56,13,2103
39003,78,0,False,32,94,0,15,0,1,80,0,0,0,0,0,0,2,3,2,8,13,9,20,29,62,15,2103
39043,27,27,True,40,101,92,102,0,1,0,0,0,0,0,0,0,4,2,1,7,17,17,17,24,52,3,2103
39049,77,0,False,11,102,0,0,0,81,0,0,0,0,0,0,0,3,3,2,12,46,15,15,19,39,11,2103
39106,34,0,False,56,25,81,0,0,78,56,0,0,0,0,0,0,2,1,4,27,31,10,8,7,34,5,2103
39199,35,0,False,39,101,33,0,0,0,0,0,0,0,0,0,0,2,1,2,10,27,18,13,14,39,7,2103
39238,30,30,True,31,0,0,74,87,0,46,21,0,0,0,0,0,2,2,1,13,14,19,27,15,54,18,2103
39261,68,2,False,18,96,0,0,49,0,0,0,0,0,0,0,0,3,2,3,9,19,31,18,6,40,3,2103
39300,33,33,True,46,0,52,0,0,0,28,0,0,0,0,0,65,2,3,4,14,22,9,12,50,21,2,2103
39327,32,32,True,56,49,27,0,16,0,50,77,0,0,0,0,0,4,1,1,23,7,19,16,15,49,23,2103
39745,32,32,True,54,65,60,0,0,0,70,0,0,0,0,0,0,2,1,4,22,7,7,20,24,64,16,2103
39769,46,22,False,62,92,0,0,16,53,0,0,0,0,0,0,0,1,1,2,1,9,18,11,21,34,11,2103
39822,10,0,False,11,102,22,102,0,0,47,0,0,0,0,0,0,5,1,2,11,10,34,19,20,76,4,2103
39822,49,0,False,11,102,22,102,0,0,47,0,0,0,0,0,0,5,1,2,11,10,34,19,20,76,4,2103
40097,70,0,False,12,103,0,0,49,0,0,0,0,0,0,0,0,3,2,2,17,21,12,31,15,44,6,2103
40156,61,0,False,19,96,0,0,0,0,0,63,0,0,0,0,0,1,1,3,19,9,30,23,15,62,48,2103
40434,69,0,False,8,101,0,0,0,0,0,38,0,0,0,0,0,3,4,3,9,26,16,23,20,68,4,2103
40533,33,33,True,37,89,0,89,0,13,43,0,0,0,0,0,0,2,4,4,18,14,19,20,19,45,4,2103
40592,29,23,True,55,0,0,72,43,14,0,36,0,0,0,0,0,2,1,2,22,8,6,20,14,58,22,2103
40606,43,0,False,9,102,0,0,25,0,0,0,0,0,0,0,0,5,1,4,7,9,12,15,19,36,1,2103
40617,31,0,False,27,84,0,0,80,0,0,0,0,0,0,0,0,1,2,4,12,9,15,20,17,60,5,2103
40617,35,0,False,27,84,0,0,80,0,0,0,0,0,0,0,0,1,2,4,12,9,15,20,17,60,5,2103
40711,59,10,False,23,53,0,0,0,23,49,54,0,0,0,0,0,1,1,2,10,11,6,12,20,15,5,2103
41194,48,0,False,26,79,0,42,30,0,0,0,0,0,0,0,0,1,2,5,6,35,7,30,8,19,3,2103
41203,27,23,True,30,0,54,0,48,50,24,59,0,0,0,59,0,1,4,1,25,11,18,14,8,31,16,2103
41231,22,22,True,48,0,0,33,48,59,50,21,0,0,0,89,0,1,1,1,16,17,1,12,11,41,16,2103
41297,53,0,False,25,102,0,0,100,87,0,22,0,0,0,0,0,1,4,2,10,22,13,34,12,42,4,2103
41324,20,0,False,11,90,75,94,0,19,0,0,0,0,0,0,0,2,5,1,18,13,17,20,26,44,7,2103
41332,21,0,False,13,102,0,0,0,80,0,0,0,0,0,0,0,1,4,1,14,14,5,36,16,34,18,2103
41332,56,0,False,13,102,0,0,0,80,0,0,0,0,0,0,0,1,4,1,14,14,5,36,16,34,18,2103
41396,67,0,False,55,69,0,38,0,45,41,0,0,0,0,0,0,4,1,4,28,58,20,32,13,42,3,2103
41548,15,10,True,65,69,61,51,0,0,37,0,0,0,0,0,0,2,3,1,12,8,8,20,23,52,27,2103
41559,57,0,False,11,101,0,67,0,0,74,0,0,0,0,0,0,1,5,1,21,14,7,21,17,38,1,2103
41578,58,0,False,11,0,101,0,29,0,0,0,0,0,0,0,0,1,1,2,39,26,11,20,12,34,5,2103
41697,37,28,True,67,42,44,29,0,0,26,0,0,0,0,0,0,1,3,4,7,17,29,22,18,38,4,2103
41771,33,8,False,9,0,0,70,87,0,0,0,0,0,0,0,0,2,1,5,71,7,8,18,36,44,6,2103
41895,66,0,False,11,96,0,0,0,67,0,0,0,0,0,0,0,4,1,3,33,16,22,9,12,35,10,2103
41966,35,0,False,54,50,49,0,0,0,27,0,0,0,0,0,0,1,2,2,33,22,1,21,31,60,18,2103
41995,57,0,False,38,51,28,9,0,19,0,0,0,0,0,0,0,3,2,4,16,17,8,18,21,50,6,2103
42001,44,16,False,27,65,0,0,69,0,62,33,0,23,0,0,0,5,1,5,6,6,6,17,6,57,25,2103
42013,16,0,False,59,0,0,58,66,65,0,43,0,0,0,0,0,2,1,1,7,24,15,35,27,55,1,2103
42124,72,0,False,26,102,0,0,0,0,36,0,0,0,0,0,0,3,1,2,15,23,12,18,37,47,13,2103
42158,71,0,False,11,0,0,102,89,0,0,0,0,0,0,0,0,5,1,3,5,47,18,32,8,93,5,2103
42177,68,7,False,63,76,60,0,0,0,0,0,0,0,0,0,0,1,4,4,9,58,20,24,6,33,8,2103
42206,25,25,True,59,0,0,90,0,88,50,93,0,0,0,0,0,5,2,5,22,11,7,19,31,70,3,2103
42311,24,17,True,59,0,63,67,0,0,61,0,0,0,0,6,0,1,2,2,26,32,15,26,11,41,20,2103
42322,85,0,False,24,0,0,103,0,92,0,0,0,0,0,0,0,1,1,4,11,8,8,20,29,69,1,2103
42326,80,0,False,12,97,55,87,62,75,0,0,0,0,0,0,0,2,4,2,25,3,4,18,16,38,5,2103
42423,32,32,True,37,77,77,50,6,47,0,0,0,0,0,0,0,5,4,1,25,16,8,17,24,59,5,2103
42470,33,8,False,58,76,0,66,0,0,35,19,0,0,0,0,0,2,4,2,16,15,8,43,11,61,5,2103
42519,33,28,True,88,0,0,76,0,82,0,0,0,30,0,0,0,1,4,1,9,24,38,18,11,78,5,2103
42575,34,34,True,72,0,0,89,0,28,0,0,0,47,0,0,0,4,4,2,6,6,6,15,7,33,6,2103
42599,40,0,False,12,101,0,0,89,0,0,0,0,0,0,0,0,1,1,1,17,13,7,11,23,57,3,2103
42610,67,10,False,32,70,75,0,44,0,49,0,0,0,19,0,0,2,3,2,7,10,7,18,13,45,10,2103
42631,51,0,False,71,90,0,0,0,88,0,0,0,0,0,0,0,4,1,2,10,12,7,20,24,47,23,2103
42667,33,33,True,36,81,0,0,69,75,33,0,0,0,0,0,0,4,4,2,7,1,7,20,18,63,19,2103
42746,66,0,False,10,0,0,102,0,0,77,0,0,0,0,0,0,1,4,2,9,20,13,24,23,16,2,2103
42784,32,0,False,55,88,0,0,20,79,0,0,0,0,0,0,0,4,2,2,12,25,10,9,17,33,5,2103
42846,42,6,False,16,93,0,0,91,0,0,0,0,0,0,0,0,4,1,4,17,10,8,14,11,36,25,2103
42863,29,28,True,72,0,0,80,75,80,33,0,0,0,0,0,0,5,3,1,6,7,24,24,33,53,30,2103
42865,72,0,False,12,95,0,14,69,0,0,0,0,0,0,0,0,1,4,4,10,9,4,18,31,40,17,2103
42930,52,0,False,55,61,63,0,79,0,83,0,0,0,0,0,0,4,1,2,16,10,19,15,12,41,4,2103
43089,34,34,True,54,28,0,30,32,0,0,0,0,0,0,0,0,1,4,1,6,15,6,11,12,44,18,2103
43107,53,15,False,57,0,0,68,84,73,72,43,0,0,0,68,0,4,1,5,6,20,18,23,6,53,36,2103
43119,25,13,True,84,59,45,0,0,44,27,0,0,0,0,0,0,1,4,1,42,40,32,27,11,40,8,2103
43181,34,34,True,37,0,35,0,80,0,72,84,0,0,0,0,0,2,1,1,11,30,7,24,6,27,6,2103
43256,40,0,False,10,84,0,0,100,0,72,0,0,0,0,0,0,1,1,1,6,6,11,19,26,58,15,2103
43269,32,5,False,53,0,0,63,60,0,72,0,0,0,0,0,0,2,3,1,21,18,15,32,15,66,9,2103
43269,11,11,True,53,0,0,63,60,0,72,0,0,0,0,0,0,2,3,1,21,18,15,32,15,66,9,2103
43271,34,0,False,14,63,0,0,10,47,47,74,0,0,0,0,0,2,3,4,6,25,9,24,20,70,23,2103
43311,29,29,True,58,66,20,47,0,0,24,0,0,0,0,0,0,4,1,4,8,17,8,17,18,42,5,2103
43325,88,0,False,28,0,0,101,82,0,0,0,0,0,0,0,0,2,1,5,9,11,13,17,28,63,4,2103
43416,45,0,False,55,85,0,0,0,0,28,0,73,0,0,0,0,1,1,4,8,16,6,20,21,18,1,2103
43544,32,32,True,54,92,0,0,0,0,74,0,0,0,0,93,0,1,2,1,12,10,8,21,25,47,26,2103
43566,19,0,False,40,0,0,0,0,39,46,0,0,58,0,0,51,2,5,4,9,15,9,14,6,33,4,2103
43658,15,15,True,54,57,19,43,0,46,34,0,0,0,0,0,0,1,1,5,7,17,26,11,3,35,22,2103
43680,64,0,False,3,103,0,0,0,101,0,0,0,0,0,0,0,1,1,1,7,18,7,19,17,39,7,2103
43810,24,0,False,14,102,0,0,0,89,0,0,0,0,0,0,0,4,3,5,16,8,12,13,13,55,12,2103
44330,13,1,False,30,0,0,28,43,31,25,63,0,0,0,0,0,2,1,4,6,18,38,19,22,38,3,2103
44429,60,0,False,37,80,0,0,0,79,63,0,0,0,0,0,0,2,1,1,6,7,8,6,19,40,4,2103
44510,18,5,False,54,64,0,68,0,0,48,0,0,0,0,0,0,2,1,2,10,16,9,16,8,60,4,2103
44530,33,33,True,57,86,0,75,0,0,82,0,0,0,0,0,0,4,3,4,8,13,6,16,11,50,5,2103
44730,28,28,True,25,68,31,0,0,0,69,0,0,28,0,0,0,1,1,1,1,7,8,7,15,58,8,2103
44772,23,0,False,34,65,24,0,0,66,41,35,0,0,0,0,0,1,1,2,15,7,33,19,9,65,15,2103
44789,58,0,False,69,76,48,61,0,0,0,0,0,0,0,0,0,3,3,4,20,19,35,21,26,61,4,2103
44812,97,0,False,54,72,71,0,0,0,28,0,0,0,0,0,0,4,1,2,22,10,13,20,12,89,8,2103
44827,71,0,False,50,0,0,56,49,76,0,34,0,0,0,0,0,2,1,5,7,7,6,13,12,58,5,2103
44890,58,0,False,20,94,0,0,0,0,0,75,0,0,0,0,0,4,4,2,16,8,15,24,13,24,15,2103
44913,24,12,True,42,0,0,49,45,49,30,38,0,0,0,53,0,4,1,4,6,6,8,5,10,82,12,2103
44998,58,0,False,26,0,0,33,0,45,0,0,0,0,0,0,0,1,1,4,15,14,4,19,19,49,15,2103
45024,51,0,False,61,70,0,0,0,0,45,32,0,0,0,0,0,4,1,1,6,6,8,16,16,68,8,2103
45081,37,0,False,42,65,0,0,0,50,36,0,0,0,0,0,0,4,2,2,1,12,6,15,5,51,1,2103
45107,72,2,False,53,68,0,0,0,0,0,71,0,0,0,0,0,3,1,1,7,12,7,25,23,61,10,2103
45113,35,35,True,48,87,84,100,0,0,50,0,0,0,0,0,0,2,1,4,56,53,51,22,29,52,4,2103
45151,74,9,False,13,96,96,0,0,0,80,0,0,0,90,0,0,1,1,4,6,6,6,21,23,73,21,2103
45204,33,33,True,54,70,75,0,67,0,0,0,0,0,0,0,0,4,1,1,17,20,9,9,11,42,1,2103
45235,26,1,False,56,73,0,0,35,71,0,0,0,0,0,0,0,4,3,3,10,27,6,23,16,76,7,2103
45238,33,33,True,39,86,76,0,0,0,76,0,0,0,0,0,0,4,3,4,15,6,10,23,12,33,2,2103
45511,27,27,True,53,0,0,0,75,0,41,0,0,0,0,0,81,2,1,1,6,26,6,1,11,30,5,2103
45765,25,15,True,66,72,75,0,91,0,28,0,0,0,0,0,0,1,1,5,10,9,27,24,16,45,1,2103
45826,32,32,True,62,0,0,50,87,67,53,0,0,0,0,0,0,3,1,1,7,33,8,11,25,41,4,2103
45909,84,0,False,30,97,0,0,0,82,0,0,0,0,0,0,0,3,3,4,9,9,9,22,1,50,6,2103
46061,29,4,False,37,59,61,21,1,0,0,63,0,0,0,0,0,4,2,1,7,11,7,13,20,56,4,2103
46096,14,0,False,55,79,0,0,72,0,0,75,0,0,0,0,0,4,1,2,7,7,1,14,8,51,4,2103
46229,74,0,False,39,54,20,0,54,31,0,28,0,0,0,0,0,2,1,1,6,5,14,16,14,22,1,2103
46234,63,0,False,57,56,32,0,49,0,0,0,0,0,0,0,0,5,1,2,12,25,6,9,14,72,6,2103
46260,32,32,True,54,83,0,78,0,0,48,0,0,0,0,0,0,30,30,34,5,22,6,37,32,56,19,2103
46324,21,21,True,61,72,45,36,0,0,0,93,0,28,0,0,0,2,1,2,29,5,7,9,18,38,8,2103
46391,32,32,True,61,78,0,67,0,0,64,0,0,0,0,0,0,1,1,4,13,6,14,22,18,58,4,2103
46397,19,0,False,30,74,75,0,0,0,0,0,0,0,0,0,0,4,4,1,9,12,4,17,6,43,28,2103
46397,50,0,False,30,74,75,0,0,0,0,0,0,0,0,0,0,4,4,1,9,12,4,17,6,43,28,2103
46418,19,0,False,35,72,43,0,0,0,35,0,0,0,0,0,0,5,4,5,40,12,22,20,9,61,7,2103
46449,16,16,True,38,42,61,0,24,59,0,60,0,0,0,0,0,5,2,4,23,20,6,20,19,35,8,2103
46534,46,0,False,60,86,48,0,0,0,0,0,0,66,0,0,0,3,3,1,11,7,7,21,29,39,1,2103
46819,26,7,False,54,79,20,0,0,0,50,0,0,0,0,40,0,2,1,1,10,38,14,19,11,74,8,2103
46928,32,32,True,63,77,75,0,0,66,53,0,0,0,0,0,0,3,1,4,7,36,6,8,11,36,8,2103
46941,58,13,False,63,56,43,0,51,0,0,51,0,0,0,0,0,2,2,4,55,25,6,15,2,67,4,2103
46952,25,0,False,96,0,69,0,89,0,52,0,0,0,0,0,0,4,4,3,16,19,25,21,22,32,4,2103
46952,20,0,False,96,0,69,0,89,0,52,0,0,0,0,0,0,4,4,3,16,19,25,21,22,32,4,2103
46997,28,26,True,71,70,69,0,0,0,102,0,0,0,0,0,0,1,1,5,10,10,23,21,26,51,33,2103
47026,66,0,False,65,75,33,0,0,0,75,0,0,0,0,0,0,3,3,5,6,6,2,21,14,42,3,2103
47140,33,24,True,86,61,39,63,0,0,0,66,0,0,0,0,0,1,2,2,6,11,6,21,25,41,3,2103
47305,68,0,False,4,102,0,0,0,101,0,0,0,0,0,0,0,5,1,1,25,21,19,26,13,50,22,2103
47473,58,0,False,49,0,0,62,0,43,0,68,0,0,0,0,0,5,1,4,4,6,2,1,7,44,5,2103
47585,32,2,False,55,86,91,0,58,6,48,0,0,0,0,0,0,2,4,1,10,10,8,10,18,44,7,2103
47684,68,0,False,11,93,32,0,0,0,54,0,0,0,0,0,0,2,1,4,9,37,55,18,31,44,34,2103
47778,46,0,False,12,98,0,0,75,0,0,0,0,0,0,0,0,2,1,1,9,7,7,20,22,41,3,2103
47781,29,29,True,40,86,0,0,0,0,72,0,0,0,0,47,0,5,1,3,7,39,12,24,9,63,40,2103
47807,53,0,False,44,0,0,70,70,0,76,84,0,0,0,0,0,2,1,1,20,12,5,8,22,45,8,2103
48004,82,0,False,25,69,59,0,0,0,74,0,0,0,0,0,0,2,1,2,6,6,11,15,12,51,20,2103
48184,32,32,True,58,89,0,61,43,35,38,75,0,0,0,0,0,5,2,2,10,11,16,19,8,49,6,2103
48249,69,0,False,23,102,0,0,0,0,0,0,0,80,0,0,0,2,2,1,10,51,20,16,29,35,6,2103
48259,33,33,True,58,65,41,80,45,0,64,0,0,0,0,0,0,1,1,2,18,17,8,12,19,56,4,2103
48450,34,34,True,40,56,69,0,0,0,21,56,0,0,0,0,0,5,5,2,6,21,4,35,14,41,14,2103
48547,41,2,False,8,86,0,0,0,0,63,0,0,0,0,0,0,1,2,4,7,33,22,24,30,43,10,2103
49274,41,30,True,70,77,55,0,0,0,38,0,0,0,0,0,0,4,5,3,6,7,6,21,30,69,7,2103
49355,38,0,False,78,60,0,0,0,43,22,0,0,0,0,0,0,9,11,10,51,61,48,24,5,66,13,2103
49418,18,0,False,14,101,0,0,0,0,0,50,0,0,0,0,0,4,4,1,17,23,7,17,18,50,5,2103
49518,90,0,False,8,94,0,0,0,0,75,0,0,0,0,0,0,11,10,9,37,36,46,11,13,46,2,2103
49549,88,2,False,65,0,60,48,0,0,0,0,0,0,0,0,0,1,1,1,14,20,7,12,13,39,2,2103
49830,36,4,False,74,61,54,17,79,0,0,0,0,0,0,0,0,2,1,2,27,11,8,31,11,37,7,2103
49924,79,0,False,34,37,0,43,42,0,0,0,0,0,0,0,0,2,1,1,7,18,7,1,21,32,15,2103
50176,18,0,False,61,0,0,49,0,68,0,0,0,0,0,0,0,2,1,1,1,16,6,10,17,49,21,2103
50273,114,2,False,59,62,0,59,0,0,0,0,0,0,0,0,0,1,1,2,1,27,7,3,5,49,2,2103
51206,32,32,True,43,50,50,0,1,0,36,0,0,0,0,0,0,3,1,1,7,7,7,5,22,40,1,2103
55233,97,0,False,21,59,0,0,0,14,72,0,0,0,0,0,0,1,1,2,29,22,6,2,19,34,1,2103
55292,62,0,False,10,82,0,74,0,0,0,0,0,0,0,0,0,5,3,2,17,55,9,14,31,52,5,2103
55591,15,15,True,57,77,60,81,0,0,0,0,0,0,0,0,0,2,2,2,13,7,7,17,12,29,4,2103
55921,85,0,False,39,89,0,0,0,0,0,0,83,0,0,0,0,1,1,1,23,13,6,25,27,36,25,2103
56101,31,31,True,57,60,25,72,0,0,0,0,0,0,0,0,0,2,2,1,13,7,53,20,38,26,8,2103
60398,45,0,False,15,63,0,0,0,0,0,50,0,0,0,0,0,1,1,5,30,26,25,14,3,42,1,2103
60601,10,10,True,53,0,61,83,69,0,31,0,0,0,0,0,0,1,1,2,39,55,53,17,19,49,19,2103
60601,18,18,True,53,0,61,83,69,0,31,0,0,0,0,0,0,1,1,2,39,55,53,17,19,49,19,2103
61293,33,33,True,57,51,28,0,50,0,0,0,0,0,0,0,0,1,1,3,1,4,13,1,7,15,4,2103
62055,32,32,True,62,0,18,66,0,87,56,0,0,23,0,0,0,1,1,4,7,14,35,24,26,75,19,2103
62371,24,0,False,61,56,82,0,0,0,30,34,0,0,0,0,0,1,1,2,50,56,37,19,9,60,3,2103
62510,31,30,True,55,55,0,0,0,0,91,0,0,0,48,86,0,3,1,4,1,26,9,14,18,60,2,2103
63964,17,2,False,59,78,0,14,0,0,36,0,0,0,83,0,0,3,2,4,8,21,8,14,14,38,3,2103
64848,49,10,False,30,57,25,0,0,59,65,0,0,0,0,0,0,4,1,1,15,18,11,13,9,40,32,2103
66466,62,4,False,58,35,45,0,37,0,26,43,0,0,0,50,0,1,1,4,57,54,45,22,11,52,24,2103
69165,62,0,False,23,98,0,0,0,0,0,0,0,0,0,78,0,4,3,3,20,13,7,14,21,27,7,2103
70719,64,0,False,17,78,45,21,0,0,0,0,0,0,0,0,0,5,4,1,14,9,19,20,33,39,2,2103
70749,47,23,False,22,35,43,43,0,30,0,0,0,0,0,0,0,4,4,5,9,28,27,29,21,39,11,2103
70793,61,0,False,28,90,0,0,0,0,0,25,0,0,0,0,0,1,1,1,7,10,8,34,22,57,12,2103
70808,23,23,True,73,54,65,0,0,0,43,56,0,0,0,0,0,1,5,1,31,10,30,12,4,38,10,2103
70813,32,0,False,16,103,0,0,0,0,101,0,0,0,0,0,0,2,4,1,7,2,7,17,28,47,4,2103
70861,43,0,False,16,77,19,104,0,0,0,0,0,0,0,0,0,1,1,2,14,10,29,16,10,44,7,2103
70901,85,0,False,21,94,59,94,0,0,0,0,0,0,0,0,0,2,4,2,17,11,8,20,22,36,10,2103
70905,21,0,False,29,102,0,0,0,90,0,0,0,0,0,0,0,4,1,1,18,33,55,16,13,44,4,2103
70983,44,0,False,32,102,0,0,0,22,0,0,0,0,0,0,0,1,2,4,13,20,23,20,13,67,4,2103
71088,75,0,False,14,104,0,0,0,56,0,0,0,0,0,0,0,2,3,1,10,10,21,18,2,66,3,2103
71215,32,32,True,54,84,0,0,0,0,74,86,0,0,0,0,0,4,5,4,12,23,13,25,32,61,23,2103
71536,14,0,False,30,0,0,34,0,89,0,0,0,0,0,0,0,5,4,5,21,15,4,33,18,48,3,2103
71548,28,28,True,56,103,0,0,0,0,39,0,0,0,0,56,0,1,3,1,52,5,22,16,34,32,4,2103
71561,74,0,False,4,0,0,96,0,83,0,0,0,0,0,0,0,1,2,4,11,7,30,22,11,42,4,2103
71593,34,34,True,58,62,0,46,0,48,72,0,0,0,0,0,0,4,5,2,64,10,6,23,29,71,13,2103
71608,47,1,False,12,0,0,75,0,49,0,0,0,0,0,0,0,2,2,1,18,11,3,45,20,70,8,2103
71624,35,35,True,67,0,55,48,55,37,24,47,0,0,0,0,0,3,1,1,21,27,12,20,11,49,4,2103
71715,33,33,True,92,98,92,76,0,0,64,0,0,43,0,0,0,2,5,2,11,20,15,16,16,50,4,2103
71766,48,0,False,57,98,0,0,0,37,26,0,0,0,0,54,0,1,2,5,20,11,38,27,16,40,16,2103
71775,62,0,False,25,81,48,0,0,0,28,0,0,0,0,0,0,4,2,2,26,47,23,20,6,48,5,2103
71782,46,0,False,28,101,0,0,0,0,68,0,0,0,0,0,0,2,5,1,13,21,13,27,13,18,4,2103
71800,46,2,False,75,65,0,48,0,0,20,0,0,0,0,0,0,4,1,2,16,10,15,20,12,46,5,2103
71816,39,0,False,12,101,0,0,0,45,76,0,0,0,0,0,0,2,2,4,21,11,8,14,4,36,4,2103
71823,23,23,True,36,56,42,0,0,59,26,0,0,0,0,0,0,1,5,5,18,11,6,23,27,43,3,2103
71907,33,33,True,47,60,50,0,34,56,45,0,0,0,0,0,0,1,1,1,22,12,38,45,16,41,9,2103
71911,13,0,False,64,78,0,0,0,78,36,0,0,0,0,0,0,2,3,1,31,15,16,10,13,23,3,2103
71930,53,0,False,23,103,0,0,0,88,0,0,0,0,0,0,0,2,1,5,21,32,12,29,10,43,18,2103
72013,37,37,True,54,84,64,0,0,50,44,0,0,0,0,0,0,5,1,5,28,24,20,22,23,59,4,2103
72037,29,29,True,70,65,0,0,0,69,30,0,0,0,0,0,0,3,4,2,30,21,12,13,22,16,6,2103
72054,35,35,True,82,65,0,0,23,59,48,0,0,0,0,33,0,2,1,4,26,47,16,26,18,37,5,2103
72059,28,28,True,54,98,83,0,0,100,93,0,0,90,0,0,0,5,1,3,25,27,32,30,30,57,50,2103
72062,36,0,False,55,52,0,0,0,32,36,0,0,0,0,0,0,4,2,2,43,12,20,26,22,45,11,2103
72065,16,0,False,51,51,0,0,77,0,34,48,0,0,0,0,0,2,1,6,24,28,25,23,14,81,3,2103
72081,11,0,False,16,75,49,0,0,0,77,0,0,0,0,34,0,3,2,5,15,50,12,21,22,61,3,2103
72139,78,0,False,7,0,93,0,101,0,0,0,0,0,0,0,0,8,11,11,71,56,60,15,15,55,11,2103
72187,19,6,False,70,56,0,50,0,0,28,0,0,0,0,0,0,1,3,2,25,35,28,20,6,46,3,2103
72366,20,0,False,23,76,45,48,31,0,0,0,0,0,0,0,0,2,1,5,13,27,14,17,9,30,22,2103
72434,48,0,False,71,0,0,71,49,49,26,36,0,0,0,0,0,3,3,1,61,19,21,23,12,58,33,2103
72458,13,0,False,7,102,38,104,0,0,101,0,0,0,0,0,0,1,2,1,32,19,16,16,18,24,14,2103
72458,34,0,False,7,102,38,104,0,0,101,0,0,0,0,0,0,1,2,1,32,19,16,16,18,24,14,2103
72517,16,13,True,37,77,45,0,54,0,36,68,0,0,0,0,0,3,2,4,42,9,24,16,10,64,14,2103
72536,33,33,True,65,65,45,48,48,57,38,0,0,0,0,0,0,3,2,1,26,15,14,33,7,56,5,2103
72549,68,0,False,17,0,45,0,0,87,0,0,0,0,0,0,0,1,4,4,10,34,13,19,21,59,10,2103
72549,20,0,False,17,0,45,0,0,87,0,0,0,0,0,0,0,1,4,4,10,34,13,19,21,59,10,2103
72570,11,0,False,46,0,43,0,36,48,0,43,0,0,0,48,0,2,4,3,10,1,23,23,11,58,22,2103
72574,42,0,False,12,87,0,0,39,0,0,0,0,0,0,0,0,1,5,4,10,34,18,15,10,45,3,2103
72646,60,0,False,14,103,0,0,0,36,93,0,0,82,0,0,0,5,3,3,30,36,6,18,23,29,1,2103
72669,72,1,False,56,0,37,76,0,0,49,0,0,0,0,0,0,5,4,2,6,12,20,11,18,38,6,2103
72679,67,0,False,30,94,0,0,0,39,0,0,0,0,0,0,0,5,4,1,23,17,24,20,30,44,3,2103
72701,32,31,True,56,36,37,0,0,48,42,0,0,0,0,31,0,4,1,3,14,31,60,18,24,27,15,2103
72708,17,17,True,73,68,68,0,79,65,61,0,0,0,0,0,0,4,1,2,14,4,16,21,28,68,9,2103
72718,23,0,False,12,68,0,0,0,25,0,0,0,0,0,0,0,2,2,1,35,21,9,19,24,67,3,2103
72828,56,0,False,61,65,27,0,0,50,75,0,0,0,0,0,0,4,2,5,9,14,7,26,9,27,7,2103
72838,49,3,False,43,65,39,0,0,0,86,54,0,0,0,0,0,1,2,1,9,30,6,23,10,55,3,2103
72845,22,22,True,92,0,0,59,74,92,48,95,0,0,0,0,0,2,4,5,17,8,26,16,12,39,11,2103
72845,10,10,True,92,0,0,59,74,92,48,95,0,0,0,0,0,2,4,5,17,8,26,16,12,39,11,2103
72888,45,0,False,11,105,0,0,0,102,0,0,0,0,0,0,0,4,5,1,21,8,18,15,5,41,13,2103
72901,34,29,True,42,66,28,0,0,31,0,0,0,0,0,0,0,2,1,2,16,31,9,23,21,44,6,2103
72996,94,0,False,24,105,0,20,0,0,42,0,0,0,0,0,0,3,1,1,5,19,14,19,17,54,5,2103
73023,12,0,False,59,49,25,0,0,0,34,0,0,0,0,0,0,4,1,1,23,91,12,20,16,51,8,2103
73031,22,0,False,17,81,0,0,36,0,0,0,0,0,0,0,0,1,5,2,18,10,6,20,28,55,9,2103
73062,32,32,True,62,89,60,35,0,0,69,0,0,0,0,0,0,4,1,2,21,16,4,22,17,72,17,2103
73066,33,33,True,67,81,0,0,0,34,40,0,0,0,0,0,0,2,3,4,17,23,22,16,12,18,4,2103
73085,12,12,True,28,54,0,0,43,0,49,42,0,30,0,0,0,4,1,2,10,13,17,16,15,44,6,2103
73099,13,0,False,27,101,0,0,0,39,0,0,0,0,0,0,0,4,1,4,48,22,18,20,18,46,23,2103
73124,56,0,False,54,45,0,47,0,0,20,0,0,0,0,0,0,2,4,4,20,18,20,21,42,43,17,2103
73132,24,24,True,88,101,0,0,87,28,65,0,0,0,0,0,0,5,2,2,7,85,20,24,18,56,9,2103
73138,32,32,True,59,51,0,0,28,56,27,0,0,0,0,0,0,3,5,2,33,28,10,20,25,29,4,2103
73141,74,13,False,9,0,41,0,0,101,0,0,0,0,0,0,0,4,2,4,23,14,18,21,26,38,21,2103
73162,28,0,False,60,36,28,48,0,0,24,0,0,0,0,0,0,5,1,3,5,27,14,19,12,57,7,2103
73169,34,34,True,72,97,0,0,81,61,47,23,0,0,0,0,0,1,2,4,18,34,22,25,10,77,10,2103
73173,10,0,False,57,63,0,0,0,32,39,0,0,0,40,0,0,1,1,1,26,11,21,19,6,59,2,2103
73249,65,13,False,38,63,58,0,0,49,0,0,44,0,0,47,0,2,1,2,22,34,23,29,16,47,4,2103
73270,38,2,False,35,71,50,0,0,17,54,0,0,0,0,25,0,1,4,2,20,22,41,16,12,29,5,2103
73288,32,32,True,56,61,0,94,0,42,40,0,0,0,0,0,0,2,3,1,31,30,8,14,17,35,10,2103
73345,33,25,True,37,89,0,20,0,83,70,97,0,0,0,0,0,3,2,4,18,26,8,25,15,25,6,2103
73393,45,20,False,97,61,64,68,0,0,24,0,0,0,0,0,0,2,1,5,23,17,14,23,15,71,16,2103
73452,24,8,False,55,55,59,0,79,0,39,0,0,0,0,0,0,5,4,2,25,11,8,22,10,43,2,2103
73631,77,0,False,9,104,0,0,0,0,86,0,0,0,0,0,0,4,5,2,28,16,26,20,23,48,15,2103
73658,24,0,False,14,0,32,0,33,0,0,0,0,0,0,0,0,1,1,2,18,15,22,26,20,79,10,2103
73684,48,0,False,22,48,22,24,0,40,0,0,0,0,0,0,0,2,1,5,22,17,25,15,25,39,4,2103
73812,69,1,False,26,102,0,0,0,92,0,0,0,0,0,0,0,4,5,3,39,44,41,24,24,48,30,2103
73822,64,0,False,21,82,96,87,0,0,25,0,0,0,0,0,0,2,2,5,24,29,30,11,11,33,5,2103
73837,14,1,False,71,30,45,0,41,0,0,0,0,30,0,0,0,2,4,3,61,40,39,14,19,27,8,2103
73851,40,28,True,30,95,87,20,0,0,0,0,0,0,0,0,0,1,2,4,45,37,37,24,20,51,14,2103
73863,38,29,True,25,49,33,0,74,0,0,0,0,0,0,0,0,5,2,1,29,25,35,40,22,37,3,2103
73873,20,20,True,55,34,32,45,0,16,0,0,0,0,0,0,0,10,10,16,45,55,29,24,36,71,11,2103
73873,11,11,True,55,34,32,45,0,16,0,0,0,0,0,0,0,10,10,16,45,55,29,24,36,71,11,2103
73915,14,0,False,27,108,0,0,0,3,0,0,0,0,0,0,0,1,4,2,30,34,31,17,27,46,3,2103
73942,34,34,True,44,77,0,0,35,0,38,62,0,0,0,0,0,1,1,3,47,49,42,22,30,46,20,2103
73944,22,2,False,7,64,43,18,0,0,0,0,0,0,0,0,0,2,1,3,55,51,47,17,26,51,3,2103
73945,35,34,True,78,71,29,0,72,0,94,0,0,0,0,0,0,1,4,1,50,44,56,16,24,50,4,2103
73958,24,24,True,65,0,77,0,0,87,46,0,0,0,0,0,0,5,2,1,30,50,41,22,16,82,2,2103
73990,92,0,False,1,0,89,0,0,96,0,0,0,0,0,0,0,5,1,4,46,41,51,18,19,52,7,2103
74043,54,13,False,52,98,23,100,0,0,0,41,0,0,0,0,0,2,4,1,41,50,34,17,8,69,4,2103
74053,32,32,True,56,100,78,94,0,95,76,0,0,0,0,0,0,4,1,2,9,13,13,19,9,28,30,2103
74104,84,0,False,21,95,0,0,85,0,0,0,0,0,0,0,0,2,4,2,51,49,51,24,34,60,9,2103
74120,56,0,False,49,77,51,34,0,62,0,0,0,0,0,0,0,1,2,1,38,43,38,24,27,44,13,2103
74123,38,0,False,16,99,88,18,0,0,0,0,0,0,0,76,0,5,4,2,56,47,44,29,27,52,4,2103
74156,14,0,False,12,82,0,0,22,0,0,0,0,0,0,0,0,4,3,1,17,32,36,27,17,42,4,2103
74182,38,9,False,56,83,0,0,0,34,56,0,0,0,0,36,0,1,4,1,37,44,39,17,22,49,3,2103
74187,69,5,False,56,92,0,0,0,0,77,20,0,0,0,0,0,5,2,2,57,49,43,23,22,56,7,2103
74213,62,0,False,11,101,0,0,0,34,0,0,0,0,0,0,0,2,2,4,57,48,49,16,23,37,7,2103
74219,58,0,False,87,90,30,0,0,0,24,0,24,0,0,0,0,13,11,8,44,41,40,23,28,34,37,2103
74284,15,0,False,13,79,21,67,0,0,0,0,0,0,0,0,0,2,3,4,44,43,50,31,14,43,10,2103
74295,77,0,False,21,103,0,0,49,0,0,73,0,0,0,0,0,2,1,5,50,50,45,17,31,51,4,2103
74384,57,0,False,18,103,0,0,35,0,0,0,0,0,0,0,0,3,1,2,14,26,27,18,32,44,10,2103
74455,19,19,True,59,0,27,0,0,33,63,41,0,0,0,0,0,2,4,1,18,25,28,24,26,37,1,2103
74473,57,11,False,72,77,71,0,0,0,43,0,0,0,0,0,0,1,1,3,44,52,38,20,26,51,1,2103
74478,23,2,False,21,0,46,0,59,43,46,23,0,0,0,41,0,4,1,2,36,40,45,17,22,46,12,2103
74490,16,0,False,46,86,0,0,0,57,0,0,0,0,0,0,0,2,4,2,38,39,31,21,24,38,13,2103
74555,83,0,False,24,0,55,0,102,0,0,0,0,0,0,0,0,1,4,3,43,51,47,20,18,70,13,2103
74611,42,0,False,3,103,0,0,0,0,0,0,0,0,0,94,0,14,7,15,23,22,38,18,9,34,10,2103
74645,31,0,False,36,101,0,0,0,21,0,0,0,0,0,0,0,2,2,3,35,42,27,13,18,42,3,2103
74652,66,0,False,11,104,0,0,103,0,0,0,0,0,0,0,0,2,1,1,47,53,41,20,18,55,7,2103
74654,56,0,False,20,46,43,0,1,0,0,0,0,0,0,0,0,11,11,6,27,44,35,17,27,67,1,2103
74658,35,0,False,20,97,26,90,0,0,0,0,0,0,0,0,0,1,5,1,45,53,42,18,18,67,3,2103
74672,33,33,True,99,61,23,0,63,0,39,22,0,0,0,0,0,6,12,10,45,48,41,19,12,57,5,2103
74732,64,0,False,52,104,22,16,0,99,38,0,0,0,0,0,0,12,5,5,60,55,41,21,8,55,15,2103
74744,19,19,True,38,40,0,0,0,44,43,0,0,0,0,0,0,4,3,4,43,45,33,19,18,48,5,2103
74783,14,14,True,70,50,0,49,0,0,45,0,0,0,0,0,0,1,4,1,40,46,40,46,8,52,8,2103
74910,10,0,False,10,0,0,56,65,0,0,0,0,0,0,0,0,11,10,8,40,53,28,18,14,62,2,2103
74984,33,33,True,33,61,0,22,51,87,0,0,0,0,0,0,0,2,1,2,53,43,32,21,6,35,9,2103
75375,33,33,True,55,86,0,0,0,29,79,0,56,0,0,0,0,4,4,1,13,44,27,25,20,71,4,2103
75384,28,13,False,37,0,42,0,14,37,32,50,0,0,0,0,0,13,12,11,43,40,33,19,17,44,1,2103
75443,21,0,False,63,51,28,0,0,0,50,0,0,0,0,0,0,2,3,1,26,31,16,21,22,31,17,2103
75614,16,0,False,57,71,19,0,0,87,23,0,0,0,0,0,0,1,1,2,46,41,37,16,20,35,6,2103
75703,41,0,False,17,0,98,0,0,25,0,0,0,0,0,0,0,11,11,14,36,40,62,30,10,48,3,2103
75821,34,34,True,48,59,0,0,0,27,56,0,0,0,0,0,0,1,2,4,53,43,38,29,17,38,9,2103
76104,81,0,False,22,49,40,0,36,0,30,0,0,0,0,0,0,1,1,1,28,43,38,21,25,64,3,2103
76134,60,2,False,6,83,0,0,0,82,0,0,0,0,0,0,0,4,4,2,59,41,46,18,23,30,38,2103
76149,29,29,True,78,42,18,0,43,31,34,0,29,0,0,0,0,2,4,4,50,53,38,19,22,46,3,2103
76191,68,0,False,8,0,0,48,110,0,0,0,0,0,0,0,0,4,4,5,23,43,33,19,28,62,4,2103
76399,25,1,False,88,36,25,36,0,0,20,0,0,0,0,0,0,4,4,2,50,35,37,20,4,28,19,2103
76534,15,3,False,20,103,0,105,0,0,37,0,0,0,0,0,0,10,14,11,33,37,33,32,7,25,11,2103
77113,67,8,False,7,107,0,0,0,101,0,0,0,0,0,0,0,4,3,2,43,52,34,24,22,56,8,2103
77250,77,0,False,20,0,0,101,105,0,0,0,0,0,0,0,0,2,1,1,29,38,46,25,12,55,19,2103
77298,18,18,True,30,61,33,36,0,0,34,15,0,0,0,0,0,15,9,11,58,46,62,15,2,44,2,2103
77310,62,0,False,28,0,56,0,0,48,0,0,0,0,0,0,0,1,4,5,45,39,45,40,32,27,31,2103
77385,53,0,False,23,67,0,49,0,19,0,0,0,0,0,0,0,5,1,5,40,41,36,24,29,49,3,2103
77406,57,0,False,14,96,0,0,18,0,0,0,0,0,0,0,0,3,2,4,41,58,40,21,18,62,19,2103
77485,54,0,False,16,96,0,0,0,0,80,0,0,0,0,0,0,4,4,3,24,42,38,36,17,68,12,2103
77497,15,0,False,51,0,0,44,41,11,31,0,0,0,0,0,0,1,2,2,52,66,53,18,13,43,3,2103
77510,23,0,False,77,0,0,0,72,0,23,0,19,0,0,0,78,6,8,15,55,48,57,10,15,35,8,2103
77521,89,0,False,33,101,0,0,94,0,0,0,0,0,0,0,0,1,5,1,51,57,41,23,13,61,43,2103
78271,58,0,False,21,91,0,0,0,0,76,0,0,0,0,0,0,5,3,3,48,51,59,25,24,60,4,2103
78744,32,32,True,73,52,45,53,41,48,35,0,0,0,0,0,0,2,2,2,63,57,49,18,35,45,8,2103
78772,62,0,False,18,98,0,0,92,0,0,0,0,0,0,0,0,3,3,4,55,48,58,27,55,42,37,2103
78780,36,1,False,11,104,0,0,0,0,0,0,0,90,0,0,0,1,1,2,46,44,45,16,11,45,24,2103
78832,66,0,False,22,101,0,0,0,103,0,0,0,0,0,0,0,2,2,1,30,43,46,17,28,31,26,2103
78898,34,0,False,12,104,0,0,0,0,34,0,0,0,0,0,0,4,2,1,30,37,37,21,38,45,4,2103
78902,51,0,False,24,80,0,0,97,0,0,0,0,0,0,0,0,2,5,1,42,43,42,23,16,22,5,2103
78984,19,19,True,61,23,19,0,0,30,34,0,0,0,0,0,0,5,5,1,50,40,46,14,16,43,5,2103
79025,21,0,False,16,0,0,104,0,0,61,0,0,0,0,0,0,3,1,1,33,40,38,20,5,46,4,2103
79078,75,0,False,23,34,45,49,0,16,0,0,0,0,0,0,0,11,11,10,32,38,42,13,14,40,3,2103
79093,11,0,False,22,101,0,0,48,0,0,0,0,0,0,0,0,2,4,1,52,57,57,34,24,56,29,2103
79115,11,0,False,28,87,0,0,0,91,0,0,0,0,0,0,0,4,4,2,52,55,47,22,8,56,49,2103
79127,50,11,False,40,68,68,0,80,0,34,0,0,0,0,0,0,1,2,4,27,32,37,17,28,43,3,2103
79131,14,0,False,19,71,28,50,0,0,0,98,0,0,0,0,0,16,15,15,45,43,60,45,14,46,7,2103
79655,21,21,True,69,58,41,0,42,37,43,19,0,0,0,0,0,11,11,8,46,56,39,20,28,57,4,2103
79758,18,0,False,11,48,0,0,59,0,0,0,0,0,0,0,0,11,9,8,48,45,44,14,2,45,3,2103
79768,13,0,False,18,98,0,0,89,0,0,0,0,0,0,0,0,2,5,1,43,49,47,20,32,53,17,2103
79786,41,10,False,38,37,35,40,0,0,0,0,0,0,0,0,0,8,6,6,29,31,30,26,17,36,24,2103
79791,16,0,False,21,102,0,0,108,0,0,0,0,0,0,0,0,11,6,15,33,49,56,23,20,73,20,2103
80909,85,0,False,8,101,0,0,0,0,0,0,0,0,0,89,0,2,1,4,30,54,35,23,22,60,33,2103
81347,70,1,False,22,101,0,0,101,0,0,0,0,0,0,0,0,1,1,5,32,26,40,37,24,33,9,2103
81430,61,0,False,27,86,0,0,101,0,0,0,0,0,0,0,0,5,4,3,41,53,48,17,18,54,14,2103
82951,76,0,False,19,108,0,0,0,0,0,111,0,0,0,0,0,4,4,4,33,43,40,33,27,55,24,2103
83445,30,1,False,44,43,33,0,42,0,0,0,0,0,0,0,0,3,4,4,60,55,55,15,10,43,18,2103
84762,33,33,True,83,0,49,0,0,35,50,0,0,0,0,0,0,2,4,3,50,45,53,15,26,52,3,2103
85007,55,1,False,59,51,45,0,0,0,0,0,0,0,45,0,0,1,2,1,38,43,36,16,11,38,27,2103
87013,11,2,False,24,101,80,0,91,0,0,0,0,0,0,0,0,10,12,14,24,39,40,34,6,59,9,2103
84,31,31,True,54,76,0,0,0,69,39,51,0,0,0,0,0,3,4,3,40,9,11,26,15,59,7,2104
549,34,0,False,13,90,59,101,0,0,0,0,0,0,0,0,0,1,2,2,36,25,7,20,16,30,2,2104
699,93,0,False,25,104,104,68,0,0,0,0,0,0,0,0,0,1,4,4,13,21,31,25,18,54,8,2104
743,84,0,False,11,0,0,98,101,0,0,0,0,0,0,0,0,1,1,1,34,7,18,18,14,69,5,2104
1205,32,32,True,56,65,74,0,0,7,50,0,0,0,0,0,0,1,4,1,20,17,22,18,16,59,7,2104
1258,33,33,True,80,81,82,0,0,63,48,79,0,0,0,0,0,2,2,3,22,16,37,21,10,24,3,2104
1330,58,9,False,58,79,30,0,87,0,42,0,0,0,0,0,0,1,3,3,15,8,17,20,16,67,3,2104
1386,69,26,False,71,61,0,50,0,0,21,0,0,31,0,0,0,1,4,1,11,19,8,24,4,42,6,2104
1472,24,24,True,55,77,0,0,0,0,37,83,0,0,0,0,0,2,1,2,41,21,19,17,29,44,8,2104
1479,78,0,False,33,0,38,0,0,38,0,45,0,0,0,0,0,2,1,2,21,17,6,18,18,50,4,2104
1528,12,8,True,76,82,56,0,0,47,56,0,0,0,0,0,0,5,2,2,20,18,8,23,15,55,3,2104
1681,58,0,False,49,68,69,0,0,65,0,0,0,0,0,0,0,4,2,1,13,7,4,28,15,51,4,2104
2113,73,0,False,11,79,40,83,0,81,47,0,0,0,0,0,0,2,4,1,15,42,8,25,15,33,27,2104
2121,25,6,False,23,58,38,0,0,0,58,0,0,0,0,0,0,1,2,3,18,7,23,14,27,28,9,2104
2150,92,0,False,12,102,0,0,101,0,0,0,0,0,0,0,0,2,2,4,38,8,6,19,10,34,11,2104
2236,60,0,False,2,105,0,0,0,0,77,0,0,0,0,0,0,1,2,3,5,19,11,21,15,40,4,2104
19148,31,31,True,55,80,59,0,67,68,24,49,0,0,0,0,0,1,3,1,38,21,27,20,17,49,9,2104
19365,90,0,False,70,60,48,23,0,0,0,0,0,0,0,0,0,1,2,1,5,10,10,13,11,32,7,2104
19581,74,0,False,58,102,26,33,0,44,0,0,18,0,0,0,0,1,2,2,12,8,17,20,1,54,2,2104
19974,78,0,False,70,71,0,0,0,70,42,0,0,0,0,0,0,1,2,1,11,9,10,25,27,44,44,2104
20022,71,0,False,53,78,0,73,0,0,56,0,0,0,0,0,0,2,2,2,17,24,14,16,14,45,4,2104
20076,66,0,False,16,104,0,0,0,104,0,0,0,0,0,0,0,1,4,1,34,18,11,18,13,37,3,2104
20312,51,19,False,35,64,0,41,0,81,47,0,0,0,0,0,0,4,2,1,14,50,6,17,11,42,3,2104
20383,33,33,True,95,92,0,32,0,30,33,76,0,0,0,0,0,4,2,1,10,21,9,24,27,27,15,2104
20402,23,0,False,4,104,0,0,91,0,0,0,0,0,0,0,0,2,5,3,17,13,37,12,13,33,6,2104
20404,27,0,False,18,82,0,0,0,63,0,0,0,0,0,0,0,6,5,1,7,7,32,16,23,33,4,2104
21174,17,17,True,85,71,0,0,0,0,46,22,0,0,0,39,0,1,3,3,22,11,21,25,9,39,4,2104
21234,49,1,False,49,0,59,0,50,44,0,0,0,0,0,0,0,2,4,4,7,20,12,18,24,57,15,2104
21292,66,0,False,10,60,0,0,0,33,0,0,0,0,0,0,0,5,1,4,49,36,45,15,23,29,2,2104
22319,36,0,False,53,69,50,0,0,1,0,0,0,0,0,0,0,4,1,4,13,6,12,15,7,39,6,2104
22569,93,0,False,24,0,28,0,0,56,0,0,0,0,0,0,0,3,2,3,37,38,34,15,20,46,3,2104
22939,40,21,True,58,71,33,0,24,33,23,0,0,0,0,0,0,10,7,6,45,42,44,13,2,37,1,2104
23003,11,0,False,9,98,0,0,0,0,0,0,0,0,0,83,0,5,4,1,26,39,44,20,22,34,3,2104
23608,33,33,True,45,37,48,21,0,14,0,0,0,0,0,0,0,2,4,5,43,53,40,20,24,71,9,2104
23652,33,33,True,51,63,0,75,0,0,38,0,0,0,0,0,0,3,3,2,17,16,12,18,18,27,8,2104
23983,43,0,False,36,79,75,0,0,0,43,0,0,0,0,0,0,3,4,4,8,23,37,20,28,52,8,2104
24110,21,21,True,51,0,81,74,81,80,36,0,0,0,0,0,0,2,3,1,11,8,9,31,17,54,1,2104
24129,55,0,False,19,101,69,0,0,90,0,0,0,0,0,0,0,1,5,3,20,12,30,26,8,56,3,2104
24224,33,33,True,64,62,0,0,0,26,49,0,0,0,0,11,0,4,4,2,12,19,2,21,12,38,17,2104
24273,34,34,True,95,80,38,37,0,0,0,0,0,0,0,0,0,2,5,1,45,10,10,21,3,54,1,2104
24360,105,0,False,29,49,75,0,41,0,0,0,0,0,22,0,0,3,4,4,10,7,28,18,9,29,20,2104
24506,10,2,False,60,0,64,0,0,69,32,24,0,0,0,0,0,3,4,1,18,20,17,11,18,25,11,2104
25018,19,0,False,12,47,0,0,68,0,0,0,0,0,0,0,0,2,2,2,23,6,14,18,6,54,24,2104
25066,18,0,False,20,91,0,0,0,72,0,0,0,0,0,0,0,3,1,1,10,19,6,13,21,44,4,2104
25066,41,0,False,20,91,0,0,0,72,0,0,0,0,0,0,0,3,1,1,10,19,6,13,21,44,4,2104
25574,32,32,True,51,0,0,79,48,62,27,0,0,0,0,0,0,3,1,4,15,8,20,23,34,67,13,2104
25591,27,0,False,59,93,0,0,0,0,0,0,0,0,0,81,0,2,4,4,10,17,11,24,19,42,14,2104
25669,62,0,False,45,63,0,0,0,47,0,0,0,0,0,0,0,3,1,4,8,16,27,28,16,38,5,2104
25768,11,11,True,33,59,49,49,0,0,0,0,19,0,0,0,0,1,4,1,47,13,7,18,21,47,3,2104
25904,11,2,False,63,86,0,0,0,74,63,20,0,0,0,0,0,1,4,5,9,6,6,15,21,45,10,2104
25927,32,32,True,60,68,49,64,0,0,42,0,0,0,0,0,0,2,1,2,19,10,11,21,14,57,27,2104
26076,55,0,False,14,87,0,0,0,0,27,0,0,0,0,0,0,1,4,2,11,14,19,19,27,68,2,2104
26168,35,35,True,52,77,0,27,0,0,31,36,0,0,0,0,0,2,1,4,13,18,7,30,11,52,4,2104
26197,79,0,False,18,104,0,0,49,0,0,0,0,0,0,0,0,2,2,4,10,27,22,24,15,34,20,2104
26210,100,0,False,7,0,0,50,0,101,0,0,0,0,0,0,0,4,3,4,14,27,11,25,15,43,25,2104
26249,78,0,False,63,58,56,0,0,0,29,0,0,0,0,0,0,2,5,4,12,30,19,25,16,59,5,2104
26267,76,0,False,9,100,38,96,0,0,0,0,0,0,0,0,0,1,4,2,72,29,18,18,22,40,3,2104
26811,80,0,False,30,101,0,0,0,0,54,0,0,0,0,0,0,2,4,2,33,10,4,27,16,45,11,2104
27363,25,0,False,17,84,0,67,0,0,65,0,0,0,0,0,0,1,2,2,9,8,11,15,14,56,4,2104
27642,34,12,False,58,52,32,0,0,80,0,0,0,0,0,0,0,2,2,1,22,8,1,15,23,52,5,2104
28586,31,22,True,12,100,0,83,0,42,0,0,0,0,0,0,0,4,3,3,9,8,6,20,11,41,8,2104
28596,14,0,False,41,85,0,0,0,81,47,0,45,0,0,0,0,4,4,4,18,9,12,22,34,69,2,2104
28753,56,0,False,60,66,65,0,0,0,23,59,0,0,0,0,0,4,4,2,26,10,7,23,20,52,10,2104
28985,13,0,False,78,103,0,0,0,74,0,0,0,0,0,0,0,4,2,2,9,13,6,14,8,44,21,2104
29100,21,0,False,26,101,0,0,36,0,0,0,0,0,0,0,0,2,3,4,45,13,17,19,24,52,12,2104
29480,88,0,False,4,81,0,0,65,0,0,0,0,0,0,0,0,5,1,5,89,15,13,18,10,62,14,2104
29533,33,33,True,59,49,0,45,0,57,30,0,0,0,0,0,0,5,1,5,22,23,10,16,22,49,2,2104
29618,31,31,True,58,74,0,0,0,76,41,0,0,0,0,0,0,3,4,4,13,26,13,16,14,29,3,2104
29667,57,6,False,31,69,0,85,0,30,49,46,0,0,0,0,0,1,2,3,17,19,16,18,6,59,10,2104
29958,51,0,False,17,101,0,0,103,0,0,0,0,0,0,0,0,4,5,4,4,27,12,30,5,66,4,2104
29980,31,31,True,53,82,31,0,80,0,41,0,0,0,0,0,0,1,2,4,50,19,22,20,5,64,4,2104
30142,75,0,False,6,0,0,103,0,0,0,0,0,67,0,0,0,3,1,2,22,11,12,22,16,91,4,2104
30148,12,12,True,55,0,0,83,79,92,49,34,0,0,0,61,0,2,4,2,9,19,10,21,22,51,4,2104
30148,22,4,False,55,0,0,83,79,92,49,34,0,0,0,61,0,2,4,2,9,19,10,21,22,51,4,2104
30208,59,0,False,34,86,0,0,0,0,0,92,0,0,0,0,0,2,6,1,20,8,20,23,16,49,8,2104
30231,28,16,True,66,74,39,0,0,48,0,0,0,0,0,0,0,1,3,1,21,14,7,15,5,37,6,2104
30286,34,34,True,40,53,0,0,0,0,78,89,0,0,0,0,0,2,1,1,24,18,9,20,9,56,9,2104
30590,82,0,False,45,82,0,0,0,78,0,0,0,0,0,0,0,2,2,4,7,18,7,21,19,54,3,2104
30676,36,36,True,69,94,79,0,0,0,97,0,0,0,0,0,0,1,1,2,21,9,6,14,5,43,1,2104
30820,39,4,False,9,0,60,0,85,82,36,84,0,0,0,0,0,5,1,3,10,7,27,24,19,46,30,2104
30907,68,0,False,8,103,0,0,0,0,0,0,0,0,0,102,0,4,1,3,15,6,25,23,16,37,4,2104
31165,65,0,False,7,101,0,0,0,0,0,93,0,0,0,0,0,2,1,4,19,11,7,17,11,41,20,2104
31257,32,32,True,57,65,36,0,0,0,0,0,0,0,0,80,0,1,4,2,8,17,12,24,21,63,6,2104
31321,78,0,False,4,101,102,20,0,0,0,0,0,0,0,0,0,5,2,3,48,41,40,21,19,52,20,2104
31580,14,0,False,33,95,0,0,20,0,62,0,54,0,0,39,0,5,3,2,6,17,6,16,22,53,7,2104
31723,27,7,False,56,68,0,0,0,63,35,0,0,0,0,0,0,4,2,2,6,6,32,11,12,55,2,2104
31754,27,27,True,87,80,0,0,69,50,38,0,0,0,0,67,0,4,4,3,6,23,10,33,18,44,12,2104
31764,49,16,False,36,62,0,64,0,14,67,0,23,0,0,0,0,12,16,12,42,40,48,14,9,50,4,2104
31805,24,4,False,41,60,51,63,68,59,34,0,0,0,0,0,0,1,5,5,19,25,21,16,17,23,3,2104
31809,63,0,False,14,0,0,93,0,104,0,0,0,0,0,0,0,1,4,2,10,13,20,23,13,59,2,2104
31904,20,0,False,63,64,0,0,50,57,70,36,0,0,0,0,0,1,1,1,7,11,9,22,17,34,3,2104
31963,33,33,True,56,43,32,82,0,0,89,0,0,0,0,0,0,1,3,1,4,7,7,25,19,54,4,2104
31968,33,33,True,28,29,47,0,42,0,36,0,0,0,0,0,0,1,5,1,8,14,10,21,13,60,25,2104
32146,50,0,False,7,70,30,68,0,0,0,0,0,0,0,0,0,5,4,1,10,24,10,24,8,35,19,2104
32185,41,1,False,13,86,71,92,0,0,0,0,0,0,0,0,0,5,3,2,10,9,10,22,7,74,7,2104
32306,28,28,True,71,87,0,0,30,0,50,52,0,0,0,0,0,2,2,4,8,17,10,17,8,33,23,2104
32341,31,27,True,58,59,21,0,0,55,66,0,0,0,0,0,0,1,1,5,46,45,42,23,13,54,17,2104
32500,32,32,True,67,0,0,91,11,73,75,0,0,0,0,0,0,1,1,2,15,25,12,28,20,37,10,2104
32511,32,32,True,53,62,67,39,39,0,48,0,0,0,0,0,0,2,2,2,22,8,13,19,18,39,17,2104
32538,33,33,True,85,101,0,0,91,21,65,99,0,0,0,0,0,1,2,4,9,16,22,21,4,47,22,2104
32548,61,0,False,9,93,0,0,0,0,72,0,0,0,0,0,0,2,3,4,42,10,24,30,10,58,4,2104
32574,17,0,False,31,73,63,0,0,0,48,0,0,0,0,0,0,1,5,1,5,6,13,14,12,55,1,2104
32672,16,16,True,78,91,40,92,0,0,0,0,0,0,0,0,0,2,3,2,10,16,12,15,20,50,6,2104
32821,17,3,False,42,83,0,0,86,25,31,0,0,0,30,0,0,1,1,2,8,8,8,15,8,38,4,2104
32954,94,0,False,12,93,0,0,91,0,0,0,0,0,0,0,0,2,4,2,43,8,8,18,16,48,3,2104
33013,33,33,True,92,103,0,0,62,105,40,106,0,0,0,0,0,3,3,4,8,9,8,21,8,58,7,2104
33185,71,0,False,11,92,0,0,31,0,0,0,0,0,0,0,0,2,4,3,22,25,12,30,6,60,5,2104
33251,16,0,False,37,100,0,0,0,0,31,78,0,0,0,0,0,5,5,2,6,23,18,20,11,44,25,2104
33368,11,1,False,9,104,0,0,0,37,0,0,0,0,0,0,0,3,4,1,14,16,13,12,43,26,5,2104
33431,30,30,True,81,47,59,0,62,59,31,0,0,0,0,0,0,4,1,4,7,32,7,15,15,45,4,2104
33509,15,0,False,37,73,0,0,89,84,0,0,0,0,0,0,0,4,1,4,6,11,20,14,27,37,5,2104
33571,27,6,False,82,64,64,0,0,71,46,0,0,0,0,0,0,2,2,1,6,9,9,17,40,46,2,2104
33667,88,13,False,4,0,0,101,0,91,0,0,0,0,0,0,0,2,2,4,10,6,10,16,17,52,5,2104
33709,28,0,False,16,101,0,0,82,0,0,0,0,0,0,0,0,2,2,2,8,22,4,17,15,57,8,2104
33709,28,0,False,16,101,0,0,82,0,0,0,0,0,0,0,0,2,2,2,8,22,4,17,15,57,8,2104
33785,49,0,False,14,0,0,104,0,101,0,0,0,0,0,0,0,2,1,4,19,15,4,22,36,29,7,2104
33816,32,32,True,49,79,0,81,0,0,47,0,0,27,0,0,0,4,2,3,12,5,14,23,19,58,40,2104
33845,22,22,True,50,65,32,60,0,46,0,0,0,0,0,0,0,2,1,1,54,16,36,16,18,39,11,2104
33845,11,11,True,50,65,32,60,0,46,0,0,0,0,0,0,0,2,1,1,54,16,36,16,18,39,11,2104
33861,17,2,False,59,89,34,0,0,0,38,0,0,0,0,0,0,3,2,2,17,10,9,16,18,41,9,2104
33989,29,29,True,64,67,57,0,0,31,29,0,0,0,0,48,0,5,2,1,30,9,12,19,29,42,9,2104
34252,48,22,False,62,83,63,67,0,52,57,0,0,0,0,0,0,3,3,4,7,9,14,16,22,65,9,2104
34372,38,0,False,7,0,0,101,0,0,50,0,0,0,0,0,0,2,1,1,37,49,10,19,23,53,14,2104
34489,80,0,False,28,0,0,77,0,0,0,0,0,69,0,0,0,1,2,4,7,26,19,17,1,48,4,2104
34651,25,4,False,64,47,28,27,0,39,33,47,0,0,0,0,0,2,1,3,6,14,9,16,13,41,14,2104
34675,31,4,False,50,80,33,0,0,0,0,56,0,0,0,0,0,3,1,1,9,9,9,12,41,42,4,2104
35103,30,0,False,3,103,0,0,46,0,0,0,0,0,0,0,0,3,1,2,7,48,14,9,23,41,10,2104
35188,42,0,False,30,61,22,62,0,0,0,0,0,0,0,0,0,2,3,2,47,56,7,23,17,55,17,2104
35229,90,0,False,10,90,0,0,0,39,0,0,0,0,0,0,0,2,1,4,32,18,25,19,36,20,38,2104
35269,28,2,False,41,87,69,0,0,81,0,86,0,0,0,0,0,5,2,1,8,10,8,10,34,55,4,2104
35552,82,27,False,19,103,0,0,0,83,0,0,0,0,0,0,0,13,8,7,32,31,57,21,29,49,26,2104
35653,14,14,True,38,65,33,0,0,0,0,68,0,0,0,0,0,4,2,1,27,25,6,20,11,53,6,2104
35922,22,0,False,54,79,62,29,0,0,0,0,0,25,22,0,0,1,3,4,16,17,7,31,8,51,7,2104
36426,54,16,False,63,75,24,0,0,88,0,0,25,0,0,0,0,1,2,1,25,10,6,22,19,50,8,2104
36516,60,0,False,57,86,60,15,0,0,44,0,0,0,0,0,0,2,2,4,9,29,14,11,8,40,9,2104
36523,36,0,False,31,90,30,0,0,0,0,0,0,0,0,0,0,1,3,4,6,27,6,20,20,65,14,2104
36523,16,0,False,31,90,30,0,0,0,0,0,0,0,0,0,0,1,3,4,6,27,6,20,20,65,14,2104
36544,76,3,False,13,0,0,81,82,0,0,0,0,0,0,0,0,1,2,1,19,13,8,21,9,53,9,2104
36558,33,20,True,42,80,17,0,19,0,58,49,0,0,0,0,0,4,1,2,9,8,18,18,19,52,8,2104
36610,79,3,False,22,97,0,0,48,0,0,0,0,0,0,0,0,4,2,1,16,30,9,16,24,46,6,2104
36683,10,8,True,39,53,50,0,48,0,43,0,0,0,8,0,0,2,4,4,33,42,34,31,11,44,5,2104
36697,33,33,True,61,77,58,0,73,0,47,0,0,0,0,0,0,1,4,1,6,8,39,16,26,52,7,2104
36749,33,33,True,57,100,73,0,57,0,0,0,0,0,0,92,0,1,2,2,9,10,8,22,27,51,26,2104
36751,57,22,False,34,0,0,81,89,70,68,33,0,0,0,86,0,3,1,2,11,6,8,21,8,34,3,2104
36846,23,23,True,31,60,72,81,0,0,80,0,0,0,0,0,0,4,1,4,7,14,6,12,25,48,4,2104
36846,11,11,True,31,60,72,81,0,0,80,0,0,0,0,0,0,4,1,4,7,14,6,12,25,48,4,2104
36870,29,3,False,38,84,25,79,0,4,0,0,0,0,0,0,0,1,1,1,12,15,24,10,10,53,6,2104
36943,43,1,False,5,98,0,69,0,81,0,0,0,0,0,0,0,1,3,2,5,6,7,20,25,64,8,2104
37007,32,32,True,36,87,45,55,0,0,25,0,0,0,0,0,0,4,2,5,12,9,9,32,17,60,6,2104
37032,88,37,False,11,74,47,59,0,0,0,0,0,0,0,0,0,2,4,1,17,19,6,12,23,25,10,2104
37078,23,3,False,24,53,60,0,0,18,0,0,12,0,0,0,0,4,1,2,4,21,18,25,15,60,39,2104
37078,10,0,False,24,53,60,0,0,18,0,0,12,0,0,0,0,4,1,2,4,21,18,25,15,60,39,2104
37102,83,0,False,17,97,0,0,0,0,0,86,0,0,0,0,0,2,1,1,42,21,15,14,11,36,5,2104
37193,42,0,False,27,31,0,0,0,0,72,100,0,0,0,0,0,1,1,2,5,35,12,16,19,57,11,2104
37282,32,32,True,49,0,59,0,73,0,30,72,0,0,0,0,0,4,1,3,9,6,9,12,12,55,29,2104
37349,62,0,False,19,90,0,0,0,75,0,0,0,0,0,0,0,3,2,2,7,14,25,33,25,79,33,2104
37609,29,29,True,76,95,100,0,32,90,41,0,0,0,0,0,0,1,1,1,7,18,10,28,14,76,18,2104
37620,25,24,True,62,68,68,0,0,64,32,0,0,0,0,0,0,4,3,4,13,29,12,17,19,54,8,2104
37728,33,16,False,75,75,0,0,0,42,72,0,0,0,0,0,0,4,4,1,5,21,6,36,6,60,28,2104
37785,64,0,False,19,69,33,0,0,64,0,0,0,0,0,0,0,4,1,1,36,8,8,19,35,68,3,2104
37967,26,22,True,64,44,36,37,0,0,57,0,0,0,0,17,0,4,1,1,7,23,17,18,7,51,1,2104
38269,33,33,True,54,0,0,74,35,0,47,59,0,0,0,0,0,2,3,1,10,11,1,15,15,44,8,2104
38342,71,0,False,18,102,0,0,0,103,0,0,0,0,0,0,0,2,1,4,10,14,43,13,24,41,5,2104
38348,69,0,False,9,103,0,0,81,0,0,0,0,0,0,0,0,4,2,1,8,22,13,13,4,21,5,2104
38363,62,0,False,53,91,0,0,0,0,64,18,0,0,0,0,0,1,1,4,33,18,8,24,19,66,17,2104
38377,87,0,False,11,0,43,0,0,101,0,0,0,0,0,0,0,4,1,2,12,31,12,17,19,51,11,2104
38466,37,0,False,47,0,52,0,78,0,24,36,0,0,0,0,0,1,1,2,12,25,6,19,17,43,6,2104
38512,38,0,False,62,80,0,0,0,81,0,0,0,0,0,0,0,5,1,3,21,13,19,21,34,45,10,2104
38512,20,0,False,62,80,0,0,0,81,0,0,0,0,0,0,0,5,1,3,21,13,19,21,34,45,10,2104
38608,35,0,False,37,81,0,63,0,0,0,0,0,0,0,0,0,1,4,1,16,12,7,17,9,60,7,2104
38611,50,0,False,18,102,0,0,0,0,0,84,0,0,0,0,0,2,3,1,33,20,23,21,19,56,13,2104
38728,55,13,False,59,69,63,0,0,77,51,48,0,0,0,0,0,4,2,4,10,10,8,19,10,14,1,2104
38763,37,3,False,27,81,25,0,89,0,54,32,0,0,0,0,0,3,2,4,12,27,8,21,4,30,7,2104
38795,35,35,True,74,91,0,0,72,0,70,62,0,0,0,0,0,11,11,7,46,53,42,21,36,61,3,2104
38807,56,0,False,48,48,31,48,0,0,0,0,0,0,0,0,0,1,4,1,15,7,19,22,21,44,9,2104
38836,103,0,False,25,71,50,0,0,0,49,33,48,0,0,0,0,2,4,4,17,19,9,24,29,39,4,2104
38852,16,16,True,37,27,50,0,0,81,71,0,16,0,0,0,0,2,1,2,9,6,6,20,13,49,3,2104
38923,14,4,False,51,32,43,34,0,0,44,0,0,0,0,0,0,1,2,5,52,49,31,17,21,40,16,2104
38955,22,22,True,47,93,61,0,0,0,0,0,0,0,0,60,0,4,1,2,10,6,31,16,11,42,1,2104
38955,11,11,True,47,93,61,0,0,0,0,0,0,0,0,60,0,4,1,2,10,6,31,16,11,42,1,2104
38968,34,0,False,63,74,56,26,0,0,34,0,0,0,0,0,0,4,4,2,15,6,2,14,30,40,3,2104
38987,10,10,True,54,81,0,0,81,83,29,0,0,0,0,0,0,1,1,1,42,19,10,23,12,25,4,2104
38988,34,34,True,51,89,92,0,0,0,40,0,0,0,0,0,0,1,1,3,1,28,25,21,32,56,13,2104
39003,71,0,False,34,94,0,15,0,1,80,0,0,0,0,0,0,2,3,2,8,12,9,20,29,62,15,2104
39043,31,31,True,41,102,92,101,0,1,0,0,0,0,0,0,0,4,2,1,7,16,15,17,24,52,3,2104
39049,69,0,False,10,102,0,0,0,80,0,0,0,0,0,0,0,3,3,2,10,45,14,15,19,39,11,2104
39199,87,0,False,39,101,33,0,0,0,0,0,0,0,0,0,0,2,1,2,10,27,18,13,14,39,7,2104
39238,24,24,True,32,0,0,78,87,0,47,21,0,0,0,0,0,2,2,1,13,14,18,27,15,54,18,2104
39261,73,14,False,17,97,0,0,49,0,0,0,0,0,0,0,0,3,2,3,8,17,28,18,6,40,3,2104
39266,54,0,False,35,14,0,23,0,0,0,84,0,0,0,0,0,3,4,2,14,7,7,26,15,47,14,2104
39300,31,2,False,48,0,50,0,0,0,27,0,0,0,0,0,61,2,3,4,13,21,7,12,50,21,2,2104
39327,37,0,False,56,49,26,0,16,0,50,77,0,0,0,0,0,4,1,1,23,7,19,16,15,49,23,2104
39745,32,32,True,55,65,55,0,0,0,69,0,0,0,0,0,0,2,1,4,21,7,7,20,24,64,16,2104
39769,71,0,False,60,92,0,0,16,53,0,0,0,0,0,0,0,1,1,2,1,9,18,11,21,34,11,2104
39822,73,0,False,12,102,22,102,0,0,45,0,0,0,0,0,0,5,1,2,10,10,31,19,20,76,4,2104
40097,57,3,False,11,102,0,0,47,0,0,0,0,0,0,0,0,3,2,2,16,20,12,31,15,44,6,2104
40434,87,0,False,6,101,0,0,0,0,0,37,0,0,0,0,0,3,4,3,9,25,15,23,20,68,4,2104
40526,62,1,False,38,76,67,0,80,43,24,0,0,0,0,0,0,1,3,2,42,16,19,20,24,36,6,2104
40533,34,34,True,30,87,0,89,0,13,43,0,0,0,0,0,0,2,4,4,17,13,17,20,19,45,4,2104
40592,53,9,False,55,0,0,72,43,14,0,37,0,0,0,0,0,2,1,2,19,6,6,20,14,58,22,2104
40606,76,0,False,11,102,0,0,27,0,0,0,0,0,0,0,0,5,1,4,7,9,12,15,19,36,1,2104
40617,60,0,False,28,84,0,0,79,0,0,0,0,0,0,0,0,1,2,4,11,9,14,20,17,60,5,2104
40694,35,0,False,62,54,0,0,0,55,45,48,0,0,0,0,0,4,1,1,53,6,18,24,15,53,3,2104
40711,57,17,False,24,53,0,0,0,22,48,53,0,0,0,0,0,1,1,2,10,10,6,12,20,15,5,2104
41194,68,3,False,26,79,0,42,30,0,0,0,0,0,0,0,0,1,2,5,6,35,7,30,8,19,3,2104
41231,24,24,True,49,0,0,33,48,59,53,21,0,0,0,83,0,1,1,1,16,16,1,12,11,41,16,2104
41297,97,4,False,26,102,0,0,100,87,0,22,0,0,0,0,0,1,4,2,9,21,13,34,12,42,4,2104
41332,60,0,False,12,102,0,0,0,79,0,0,0,0,0,0,0,1,4,1,12,13,5,36,16,34,18,2104
41396,56,0,False,55,69,0,38,0,45,42,0,0,0,0,0,0,4,1,4,27,56,20,32,13,42,3,2104
41548,27,0,False,66,69,60,50,0,0,38,0,0,0,0,0,0,2,3,1,11,8,8,20,23,52,27,2104
41559,33,0,False,14,101,0,67,0,0,73,0,0,0,0,0,0,1,5,1,20,12,7,21,17,38,1,2104
41697,25,20,True,65,43,43,30,0,0,26,0,0,0,0,0,0,1,3,4,7,15,27,22,18,38,4,2104
41717,12,0,False,6,84,0,0,77,0,0,0,0,0,0,0,0,1,1,1,28,10,6,33,16,49,11,2104
41722,22,0,False,54,0,0,60,0,0,34,48,0,0,0,0,0,3,1,4,25,18,8,17,14,39,10,2104
41895,31,0,False,14,91,0,0,0,64,0,0,0,0,0,0,0,4,1,3,33,16,22,8,12,35,9,2104
42001,37,25,True,28,65,0,0,72,0,64,33,0,23,0,0,0,5,1,5,6,6,6,17,6,57,25,2104
42124,73,0,False,28,102,0,0,0,0,36,0,0,0,0,0,0,3,1,2,14,22,11,18,37,47,13,2104
42158,70,10,False,10,0,0,102,87,0,0,0,0,0,0,0,0,5,1,3,5,46,17,32,8,93,5,2104
42206,32,32,True,57,0,0,87,0,86,49,89,0,0,0,0,0,5,2,5,20,9,7,19,31,70,3,2104
42228,50,0,False,83,52,56,0,0,74,0,0,0,60,0,0,0,1,1,2,21,17,11,21,5,58,3,2104
42251,70,0,False,12,0,0,104,0,19,0,0,0,0,0,0,0,4,1,2,12,10,12,14,25,48,24,2104
42322,57,0,False,24,0,0,102,0,90,0,0,0,0,0,0,0,1,1,4,11,8,8,20,29,69,1,2104
42326,69,0,False,12,95,55,87,61,74,0,0,0,0,0,0,0,2,4,2,24,3,4,18,16,38,5,2104
42423,45,16,False,36,77,75,50,4,48,0,0,0,0,0,0,0,5,4,1,24,15,8,17,24,59,5,2104
42470,33,7,False,56,76,0,64,0,0,35,19,0,0,0,0,0,2,4,2,16,15,8,43,11,61,5,2104
42575,34,33,True,73,0,0,89,0,28,0,0,0,47,0,0,0,4,4,2,6,6,6,14,7,32,6,2104
42599,61,0,False,12,101,0,0,91,0,0,0,0,0,0,0,0,1,1,1,16,13,7,11,23,57,3,2104
42610,33,33,True,24,65,71,0,43,0,47,0,0,0,19,0,0,2,3,2,7,10,7,18,13,45,10,2104
42631,80,0,False,70,88,0,0,0,89,0,0,0,0,0,0,0,4,1,2,10,10,7,20,24,47,23,2104
42656,19,19,True,50,63,0,0,0,0,44,32,0,0,0,0,0,1,2,1,24,28,41,14,15,58,7,2104
42667,32,32,True,29,80,0,0,68,73,33,0,0,0,0,0,0,4,4,2,7,1,7,20,18,63,19,2104
42671,63,0,False,44,50,0,0,0,18,40,0,0,0,0,0,0,2,1,3,10,10,21,24,20,49,3,2104
42705,25,25,True,58,69,0,0,77,18,39,0,0,0,0,0,0,2,5,3,1,24,21,20,10,75,21,2104
42746,62,0,False,9,0,0,102,0,0,76,0,0,0,0,0,0,1,4,2,7,19,12,24,23,16,2,2104
42784,56,0,False,56,87,0,0,20,79,0,0,0,0,0,0,0,4,2,2,11,25,10,9,17,33,5,2104
42863,33,33,True,73,0,0,78,75,78,33,0,0,0,0,0,0,5,3,1,6,7,24,24,33,53,30,2104
42865,81,0,False,12,95,0,14,69,0,0,0,0,0,0,0,0,1,4,4,10,9,4,18,31,40,17,2104
42867,66,0,False,51,72,0,68,0,0,24,0,0,0,0,0,0,1,1,5,15,42,7,18,32,27,12,2104
42891,43,0,False,12,101,0,0,0,75,0,0,0,0,0,0,0,4,3,2,8,11,2,15,16,54,6,2104
42922,27,0,False,64,56,53,0,57,0,46,0,0,0,0,0,0,2,4,1,28,19,5,17,10,32,4,2104
42930,16,11,True,56,60,63,0,78,0,81,0,0,0,0,0,0,4,1,2,16,10,19,15,12,41,4,2104
43119,33,33,True,84,61,48,0,0,45,28,0,0,0,0,0,0,1,4,1,43,40,32,27,11,40,8,2104
43181,32,32,True,38,0,36,0,77,0,69,82,0,0,0,0,0,2,1,1,11,30,7,24,6,27,6,2104
43226,22,0,False,8,81,50,0,86,0,48,45,0,0,0,0,0,2,1,4,6,13,11,20,1,59,21,2104
43256,90,0,False,8,86,0,0,100,0,72,0,0,0,0,0,0,1,1,1,6,6,9,19,26,58,15,2104
43269,34,4,False,52,0,0,61,59,0,72,0,0,0,0,0,0,2,3,1,21,17,14,32,15,66,9,2104
43311,31,31,True,60,61,20,49,0,0,23,0,0,0,0,0,0,4,1,4,8,17,8,16,17,41,4,2104
43325,29,0,False,24,0,0,101,82,0,0,0,0,0,0,0,0,2,1,5,9,11,13,17,28,63,4,2104
43325,68,0,False,24,0,0,101,82,0,0,0,0,0,0,0,0,2,1,5,9,11,13,17,28,63,4,2104
43451,101,0,False,12,0,0,45,0,92,0,0,0,0,0,0,0,3,1,3,13,18,12,14,11,63,10,2104
43544,65,0,False,54,93,0,0,0,0,75,0,0,0,0,93,0,1,2,1,11,10,8,21,25,47,26,2104
43680,82,0,False,6,103,0,0,0,101,0,0,0,0,0,0,0,1,1,1,7,18,7,19,17,39,7,2104
43772,37,13,False,55,81,0,51,0,50,77,0,47,0,0,0,0,1,3,1,36,41,34,9,9,36,7,2104
43810,36,0,False,15,101,0,0,0,87,0,0,0,0,0,0,0,4,3,5,15,8,12,12,13,55,12,2104
44330,15,0,False,29,0,0,27,43,30,24,63,0,0,0,0,0,2,1,4,6,17,36,19,22,38,3,2104
44330,23,4,False,29,0,0,27,43,30,24,63,0,0,0,0,0,2,1,4,6,17,36,19,22,38,3,2104
44422,12,0,False,15,96,0,0,0,0,61,72,0,0,0,47,0,4,1,3,1,7,7,12,15,28,4,2104
44730,23,23,True,26,67,30,0,0,0,69,0,0,28,0,0,0,1,1,1,1,7,7,7,15,58,8,2104
44767,16,0,False,57,67,49,0,0,0,57,32,0,0,0,0,0,5,2,1,26,29,12,17,16,94,3,2104
44789,17,5,False,69,76,48,59,0,0,0,0,0,0,0,0,0,3,3,4,17,18,33,21,26,61,4,2104
44812,23,0,False,55,73,69,0,0,0,27,0,0,0,0,0,0,4,1,2,20,9,12,20,12,89,8,2104
44812,33,0,False,55,73,69,0,0,0,27,0,0,0,0,0,0,4,1,2,20,9,12,20,12,89,8,2104
44827,33,33,True,50,0,0,52,48,76,0,34,0,0,0,0,0,2,1,5,7,7,6,13,12,58,5,2104
44890,53,0,False,19,91,0,0,0,0,0,75,0,0,0,0,0,4,4,2,15,7,13,24,13,24,15,2104
44913,14,1,False,46,0,0,48,43,49,30,37,0,0,0,50,0,4,1,4,6,6,8,5,10,82,12,2104
45080,20,0,False,63,52,74,0,97,0,57,0,16,0,0,0,0,1,1,2,15,8,6,11,8,21,3,2104
45080,49,0,False,63,52,74,0,97,0,57,0,16,0,0,0,0,1,1,2,15,8,6,11,8,21,3,2104
45081,41,0,False,42,71,0,0,0,49,36,0,0,0,0,0,0,4,2,2,1,11,6,15,5,51,1,2104
45107,32,0,False,53,70,0,0,0,0,0,72,0,0,0,0,0,3,1,1,6,11,7,25,23,61,10,2104
45113,34,34,True,48,84,83,94,0,0,48,0,0,0,0,0,0,2,1,4,56,53,51,22,29,52,4,2104
45151,18,1,False,11,95,93,0,0,0,77,0,0,0,89,0,0,1,1,4,6,6,6,21,23,73,21,2104
45202,26,0,False,62,83,69,37,0,84,33,0,0,0,0,0,0,1,1,2,9,8,5,27,16,66,25,2104
45204,33,33,True,55,70,75,0,67,0,0,0,0,0,0,0,0,4,1,1,17,20,9,8,10,41,1,2104
45235,32,32,True,55,72,0,0,35,71,0,0,0,0,0,0,0,4,3,3,9,25,6,23,16,76,7,2104
45238,33,33,True,40,85,72,0,0,0,75,0,0,0,0,0,0,4,3,4,14,6,9,23,12,33,2,2104
45487,11,8,True,60,59,50,37,0,0,0,0,62,0,0,0,0,4,3,2,6,7,23,10,15,39,3,2104
45511,29,29,True,55,0,0,0,75,0,42,0,0,0,0,0,81,2,1,1,6,25,6,1,11,30,5,2104
45765,20,0,False,63,67,74,0,89,0,29,0,0,0,0,0,0,1,1,5,10,9,26,24,16,45,1,2104
45765,23,2,False,63,67,74,0,89,0,29,0,0,0,0,0,0,1,1,5,10,9,26,24,16,45,1,2104
45826,38,0,False,62,0,0,50,87,67,53,0,0,0,0,0,0,3,1,1,7,31,7,11,25,41,4,2104
45909,61,0,False,25,97,0,0,0,84,0,0,0,0,0,0,0,3,3,4,9,9,9,22,1,50,6,2104
46096,23,2,False,55,76,0,0,69,0,0,73,0,0,0,0,0,4,1,2,7,7,1,14,8,51,4,2104
46260,33,33,True,54,80,0,78,0,0,48,0,0,0,0,0,0,30,30,34,5,22,6,37,32,56,19,2104
46324,34,34,True,63,71,45,38,0,0,0,89,0,27,0,0,0,2,1,2,28,5,7,9,18,38,8,2104
46397,73,3,False,29,69,70,0,0,0,0,0,0,0,0,0,0,4,4,1,8,10,4,17,6,43,28,2104
46449,34,34,True,38,41,63,0,24,60,0,59,0,0,0,0,0,5,2,4,22,20,6,20,19,35,8,2104
46928,33,33,True,65,77,75,0,0,63,53,0,0,0,0,0,0,3,1,4,7,36,6,8,11,36,8,2104
46941,22,20,True,66,50,41,0,50,0,0,50,0,0,0,0,0,2,2,4,54,25,6,15,2,67,4,2104
46952,32,19,True,94,0,67,0,89,0,52,0,0,0,0,0,0,4,4,3,16,19,25,21,22,32,4,2104
46989,27,0,False,9,58,0,0,0,0,70,79,16,0,0,0,0,2,1,5,5,11,12,5,13,51,2,2104
46997,33,33,True,71,69,69,0,0,0,102,0,0,0,0,0,0,1,1,5,10,10,23,21,26,51,33,2104
47140,32,32,True,85,61,37,59,0,0,0,66,0,0,0,0,0,1,2,2,6,11,6,21,25,41,3,2104
47305,43,0,False,5,101,0,0,0,101,0,0,0,0,0,0,0,5,1,1,24,20,17,26,13,50,22,2104
47305,27,0,False,5,101,0,0,0,101,0,0,0,0,0,0,0,5,1,1,24,20,17,26,13,50,22,2104
47585,54,2,False,55,87,90,0,59,6,47,0,0,0,0,0,0,2,4,1,9,9,8,10,18,44,7,2104
47684,37,0,False,10,93,32,0,0,0,54,0,0,0,0,0,0,2,1,4,9,37,55,18,31,44,34,2104
47781,22,2,False,38,89,0,0,0,0,70,0,0,0,0,46,0,5,1,3,6,37,10,24,9,63,40,2104
47807,30,30,True,42,0,0,69,67,0,77,86,0,0,0,0,0,2,1,1,20,12,5,8,22,45,8,2104
48184,33,33,True,57,87,0,61,43,35,38,75,0,0,0,0,0,5,2,2,9,10,15,19,8,49,6,2104
48249,95,0,False,19,101,0,0,0,0,0,0,0,77,0,0,0,2,1,1,9,51,19,16,29,35,6,2104
48450,34,34,True,40,57,70,0,0,0,22,56,0,0,0,0,0,5,5,2,6,21,4,35,14,41,14,2104
48689,23,0,False,29,68,57,0,0,47,0,0,0,0,0,0,0,2,1,3,13,36,30,16,28,39,8,2104
48949,13,2,False,76,0,67,0,65,0,24,62,0,0,0,0,0,1,1,4,8,6,6,13,5,52,34,2104
49274,37,27,True,70,77,54,0,0,0,39,0,0,0,0,0,0,4,5,3,6,6,6,21,30,69,7,2104
49518,88,1,False,6,94,0,0,0,0,77,0,0,0,0,0,0,11,10,9,35,35,45,11,13,46,2,2104
49549,15,0,False,62,0,60,50,0,0,0,0,0,0,0,0,0,1,1,1,14,20,7,11,13,38,2,2104
50176,66,0,False,60,0,0,48,0,67,0,0,0,0,0,0,0,2,1,1,1,16,6,10,17,49,21,2104
51206,33,33,True,43,49,50,0,1,0,35,0,0,0,0,0,0,3,1,1,7,7,7,5,22,40,1,2104
51983,10,6,True,51,61,54,0,0,0,50,0,0,0,0,0,0,1,1,2,6,16,8,25,1,27,1,2104
54133,40,13,False,52,63,65,0,0,32,63,0,0,0,0,0,0,1,1,4,22,7,10,13,20,41,5,2104
55233,10,0,False,21,52,0,0,0,14,71,0,0,0,0,0,0,1,1,2,29,22,6,2,19,34,1,2104
55233,36,0,False,21,52,0,0,0,14,71,0,0,0,0,0,0,1,1,2,29,22,6,2,19,34,1,2104
55292,23,0,False,6,82,0,74,0,0,0,0,0,0,0,0,0,5,3,2,17,55,8,14,31,52,5,2104
55591,19,15,True,57,77,60,81,0,0,0,0,0,0,0,0,0,2,2,2,13,7,7,17,12,29,4,2104
55921,79,0,False,40,90,0,0,0,0,0,0,82,0,0,0,0,1,1,1,23,13,6,25,27,36,25,2104
60183,44,0,False,64,56,0,0,0,57,0,0,0,0,0,0,0,4,3,2,45,9,1,17,16,50,1,2104
60225,14,0,False,54,0,0,74,49,65,42,36,0,0,0,82,0,4,2,1,2,11,18,10,12,41,10,2104
60386,18,0,False,28,49,48,0,43,0,0,0,0,0,0,0,0,2,4,2,9,24,9,15,5,27,9,2104
60398,79,0,False,15,63,0,0,0,0,0,48,0,0,0,0,0,1,1,5,30,26,25,13,3,41,1,2104
60601,24,9,False,53,0,61,81,69,0,28,0,0,0,0,0,0,1,1,2,39,55,53,16,18,49,18,2104
60601,10,0,False,53,0,61,81,69,0,28,0,0,0,0,0,0,1,1,2,39,55,53,16,18,49,18,2104
61091,44,0,False,7,0,89,0,0,87,0,0,0,0,0,0,0,2,2,4,24,26,37,18,36,31,1,2104
61293,23,17,True,56,51,26,0,48,0,0,0,0,0,0,0,0,1,1,3,1,4,13,1,7,15,4,2104
62055,22,0,False,63,0,18,66,0,85,54,0,0,23,0,0,0,1,1,4,7,14,35,24,26,75,19,2104
62371,29,9,False,63,56,82,0,0,0,30,34,0,0,0,0,0,1,1,2,51,56,37,19,9,60,3,2104
62443,35,1,False,53,80,56,0,0,0,25,0,0,0,0,0,0,1,1,4,1,9,7,1,32,57,22,2104
62510,34,34,True,55,53,0,0,0,0,91,0,0,0,45,86,0,3,1,4,1,26,9,14,18,60,2,2104
64848,50,0,False,30,54,24,0,0,57,62,0,0,0,0,0,0,4,1,1,15,18,11,13,9,40,32,2104
65856,32,32,True,54,50,0,0,35,45,47,11,40,0,0,0,0,1,1,1,14,41,10,4,9,53,26,2104
66466,62,0,False,58,35,48,0,37,0,28,43,0,0,0,48,0,1,1,4,57,55,45,22,11,52,24,2104
69165,41,0,False,23,98,0,0,0,0,0,0,0,0,0,78,0,4,3,3,18,13,7,14,21,27,7,2104
70719,21,0,False,14,77,44,20,0,0,0,0,0,0,0,0,0,5,4,1,13,9,19,20,33,39,2,2104
70749,74,0,False,20,32,41,41,0,29,0,0,0,0,0,0,0,4,4,5,9,26,26,29,21,39,11,2104
70793,21,0,False,30,86,0,0,0,0,0,26,0,0,0,0,0,1,1,1,7,9,8,34,22,57,12,2104
70808,34,34,True,73,53,66,0,0,0,43,54,0,0,0,0,0,1,5,1,30,8,28,12,4,38,10,2104
70813,34,0,False,14,103,0,0,0,0,101,0,0,0,0,0,0,2,4,1,7,2,7,17,28,47,4,2104
70813,31,0,False,14,103,0,0,0,0,101,0,0,0,0,0,0,2,4,1,7,2,7,17,28,47,4,2104
70861,69,0,False,15,80,19,104,0,0,0,0,0,0,0,0,0,1,1,2,14,8,28,16,11,44,7,2104
70901,64,0,False,22,95,62,96,0,0,0,0,0,0,0,0,0,2,4,2,17,10,8,20,22,36,10,2104
70976,12,0,False,14,51,48,0,25,6,0,0,0,0,0,0,0,1,5,1,36,53,19,26,11,35,3,2104
70983,14,3,False,36,101,0,0,0,23,0,0,0,0,0,0,0,1,2,4,12,19,23,20,13,67,4,2104
71063,13,0,False,42,72,53,0,0,0,24,0,0,0,0,0,0,2,4,2,21,15,10,20,4,25,10,2104
71088,57,0,False,16,104,0,0,0,56,0,0,0,0,0,0,0,2,3,1,10,10,19,18,2,66,4,2104
71161,10,0,False,73,0,0,80,65,0,41,66,0,0,0,0,0,2,4,2,52,51,47,17,17,48,1,2104
71215,30,30,True,39,87,0,0,0,0,75,83,0,0,0,0,0,4,5,4,10,23,13,25,32,61,23,2104
71548,32,32,True,55,103,0,0,0,0,38,0,0,0,0,56,0,1,3,1,51,5,21,16,34,32,4,2104
71561,71,0,False,4,0,0,91,0,82,0,0,0,0,0,0,0,1,2,4,11,7,29,22,11,42,4,2104
71589,72,1,False,21,71,56,22,0,0,0,0,0,0,0,0,0,1,5,4,6,17,14,12,11,58,4,2104
71593,23,20,True,60,63,0,47,0,49,74,0,0,0,0,0,0,4,5,2,64,10,6,23,29,71,13,2104
71624,37,37,True,65,0,56,48,56,36,24,47,0,0,0,0,0,3,1,1,20,26,10,20,11,49,4,2104
71715,33,33,True,77,98,92,76,0,0,64,0,0,45,0,0,0,2,5,2,11,20,14,16,16,50,4,2104
71766,54,1,False,57,101,0,0,0,39,27,0,0,0,0,59,0,1,2,5,20,11,38,27,16,40,17,2104
71782,47,1,False,29,101,0,0,0,0,69,0,0,0,0,0,0,2,5,1,13,21,12,27,13,18,4,2104
71785,31,13,False,58,43,29,39,17,36,35,0,0,0,0,0,0,2,2,1,31,26,13,12,16,31,3,2104
71800,82,8,False,75,66,0,47,0,0,21,0,0,0,0,0,0,4,1,2,15,10,15,20,12,46,5,2104
71816,66,0,False,9,101,0,0,0,45,74,0,0,0,0,0,0,2,2,4,20,10,8,14,4,36,4,2104
71823,31,31,True,35,54,41,0,0,59,26,0,0,0,0,0,0,1,5,5,17,10,6,23,27,43,3,2104
71907,33,33,True,49,65,49,0,35,59,45,0,0,0,0,0,0,1,1,1,21,11,38,45,16,41,9,2104
71911,18,5,False,64,77,0,0,0,79,37,0,0,0,0,0,0,2,3,1,30,15,16,10,13,23,3,2104
71930,17,0,False,21,102,0,0,0,87,0,0,0,0,0,0,0,2,1,5,20,31,12,29,10,43,18,2104
71986,48,23,False,54,72,24,0,49,0,77,38,0,0,0,0,0,1,4,4,15,8,14,19,5,56,6,2104
72013,34,34,True,55,83,66,0,0,51,44,0,0,0,0,0,0,5,1,5,26,23,18,22,23,59,4,2104
72037,15,15,True,70,68,0,0,0,74,29,0,0,0,0,0,0,3,4,2,30,20,12,13,22,16,6,2104
72044,31,0,False,32,77,48,63,0,0,0,18,0,0,0,0,0,4,4,2,26,28,16,18,12,61,1,2104
72054,41,40,True,81,64,0,0,24,59,50,0,0,0,0,32,0,2,1,4,26,46,14,26,18,37,5,2104
72059,22,22,True,46,98,86,0,0,100,95,0,0,92,0,0,0,5,1,3,24,26,31,30,30,57,50,2104
72059,12,12,True,46,98,86,0,0,100,95,0,0,92,0,0,0,5,1,3,24,26,31,30,30,57,50,2104
72062,18,0,False,53,52,0,0,0,32,36,0,0,0,0,0,0,4,2,2,41,11,18,26,22,45,11,2104
72078,46,0,False,17,69,53,33,0,0,0,0,0,0,0,0,0,2,1,1,17,6,18,14,10,46,6,2104
72081,39,0,False,13,74,49,0,0,0,76,0,0,0,0,34,0,3,2,5,14,49,10,21,22,61,3,2104
72105,33,33,True,66,42,34,36,0,0,23,0,0,0,0,14,0,3,4,4,19,15,14,17,16,30,22,2104
72139,60,0,False,7,0,93,0,101,0,0,0,0,0,0,0,0,8,11,11,70,56,60,15,15,55,11,2104
72187,12,12,True,69,54,0,48,0,0,28,0,0,0,0,0,0,1,3,2,24,34,28,20,6,46,3,2104
72187,19,15,True,69,54,0,48,0,0,28,0,0,0,0,0,0,1,3,2,24,34,28,20,6,46,3,2104
72366,65,0,False,25,74,47,49,29,0,0,0,0,0,0,0,0,2,1,5,13,26,13,18,9,30,22,2104
72434,77,3,False,71,0,0,71,48,50,26,37,0,0,0,0,0,3,3,1,61,18,21,23,12,59,33,2104
72458,68,0,False,8,101,38,104,0,0,101,0,0,0,0,0,0,1,2,1,31,17,13,16,18,24,14,2104
72517,23,23,True,38,77,45,0,54,0,36,69,0,0,0,0,0,3,2,4,41,8,22,16,10,64,15,2104
72536,33,32,True,68,62,43,48,47,58,39,0,0,0,0,0,0,3,2,1,26,13,12,33,7,56,5,2104
72549,55,0,False,16,0,46,0,0,87,0,0,0,0,0,0,0,1,4,4,9,33,12,19,21,59,10,2104
72603,67,0,False,27,88,68,0,80,0,45,0,0,0,0,0,0,5,4,5,51,28,15,23,4,47,14,2104
72646,51,0,False,12,102,0,0,0,36,90,0,0,80,0,0,0,5,3,3,28,33,6,18,23,29,1,2104
72669,20,0,False,57,0,36,75,0,0,48,0,0,0,0,0,0,5,4,2,6,11,20,11,18,38,6,2104
72679,18,0,False,32,93,0,0,0,39,0,0,0,0,0,0,0,5,4,1,23,14,23,20,30,44,3,2104
72701,20,20,True,55,36,38,0,0,48,42,0,0,0,0,31,0,4,1,3,13,30,60,18,24,27,15,2104
72708,34,34,True,72,68,67,0,79,66,58,0,0,0,0,0,0,4,1,2,13,4,15,21,28,68,9,2104
72718,69,0,False,12,68,0,0,0,25,0,0,0,0,0,0,0,2,2,1,33,20,9,19,24,67,3,2104
72739,17,17,True,71,50,0,0,0,69,26,48,0,0,0,0,0,1,1,4,12,13,7,21,30,33,26,2104
72838,59,1,False,45,68,39,0,0,0,77,56,0,0,0,0,0,1,2,1,9,29,6,23,10,55,3,2104
72845,33,33,True,90,0,0,60,75,91,48,95,0,0,0,0,0,2,4,5,17,8,26,16,12,39,12,2104
72888,90,0,False,12,104,0,0,0,102,0,0,0,0,0,0,0,4,5,1,21,8,18,15,5,41,13,2104
72901,38,11,False,43,66,28,0,0,32,0,0,0,0,0,0,0,2,1,2,13,28,7,23,21,44,6,2104
72996,50,0,False,25,105,0,21,0,0,0,0,0,0,0,0,0,3,1,1,5,17,12,19,18,54,5,2104
73023,37,0,False,59,50,25,0,0,0,34,0,0,0,0,0,0,4,1,1,22,90,11,20,16,51,8,2104
73048,53,0,False,79,57,0,0,0,62,29,0,0,0,14,0,0,2,4,2,24,2,24,18,12,50,2,2104
73053,21,0,False,47,87,63,0,63,62,28,0,0,0,0,0,0,1,1,4,26,26,14,30,12,45,1,2104
73062,34,34,True,60,87,61,34,0,0,68,0,0,0,0,0,0,4,1,2,20,14,4,22,17,72,17,2104
73066,30,30,True,65,80,0,0,0,35,39,0,0,0,0,0,0,2,3,4,16,22,21,16,12,18,4,2104
73124,18,0,False,55,45,0,48,0,0,20,0,0,0,0,0,0,2,4,4,19,17,20,21,42,43,17,2104
73132,28,28,True,86,100,0,0,87,28,65,0,0,0,0,0,0,5,2,2,7,84,20,24,18,56,9,2104
73141,77,0,False,9,0,39,0,0,100,0,0,0,0,0,0,0,4,2,4,22,13,17,21,26,38,21,2104
73169,67,9,False,70,96,0,0,85,61,46,25,0,0,0,0,0,1,2,4,18,34,20,25,10,77,10,2104
73194,44,25,True,76,0,0,46,23,0,33,49,0,0,0,0,0,2,3,1,34,30,19,14,10,36,7,2104
73224,16,0,False,16,72,0,0,0,44,0,0,0,0,0,0,0,4,2,4,14,11,34,25,1,39,3,2104
73249,20,20,True,38,63,62,0,0,53,0,0,47,0,0,47,0,2,1,2,22,33,22,29,16,47,4,2104
73270,62,13,False,34,73,55,0,0,18,61,0,0,0,0,26,0,1,4,2,20,21,41,16,12,29,5,2104
73288,27,27,True,57,63,0,94,0,45,40,0,0,0,0,0,0,2,3,1,31,29,8,15,17,35,10,2104
73303,30,30,True,39,0,0,54,34,33,46,65,0,0,0,0,0,2,2,2,12,10,1,21,16,25,2,2104
73311,27,0,False,11,103,0,0,0,0,90,0,0,0,0,0,0,4,1,4,17,15,11,11,15,35,4,2104
73345,58,12,False,37,89,0,20,0,86,71,98,0,0,0,0,0,3,2,4,18,25,8,25,15,25,6,2104
73452,11,0,False,55,55,58,0,79,0,40,0,0,0,0,0,0,5,4,2,23,10,8,22,10,43,2,2104
73631,81,0,False,10,104,0,0,0,0,84,0,0,0,0,0,0,4,5,2,27,15,25,20,23,48,15,2104
73684,25,0,False,11,52,23,26,0,43,0,0,0,0,0,0,0,2,1,5,22,17,25,15,25,39,4,2104
73812,91,0,False,26,102,0,0,0,92,0,0,0,0,0,0,0,4,5,3,38,43,40,24,24,48,30,2104
73822,56,0,False,21,82,98,89,0,0,0,0,0,0,0,0,0,2,2,5,22,28,28,11,11,33,5,2104
73837,11,0,False,70,30,45,0,40,0,0,0,0,30,0,0,0,2,4,3,58,38,38,14,19,27,8,2104
73851,33,33,True,30,94,87,19,0,0,0,0,0,0,0,0,0,1,1,4,44,37,36,23,20,51,14,2104
73863,67,17,False,18,49,33,0,72,0,0,0,0,0,0,0,0,5,2,1,28,24,33,40,22,37,3,2104
73915,96,0,False,26,107,0,0,0,5,0,0,0,0,0,0,0,1,4,2,30,34,31,17,27,46,3,2104
73942,34,34,True,43,74,0,0,34,0,38,64,0,0,0,0,0,1,1,3,45,47,41,22,30,46,20,2104
73944,76,23,False,7,65,43,17,0,0,0,0,0,0,0,0,0,2,1,3,53,50,47,17,26,51,3,2104
73945,36,36,True,75,69,29,0,72,0,90,0,0,0,0,0,0,1,4,1,47,44,56,16,24,50,4,2104
73958,22,22,True,67,0,75,0,0,87,46,0,0,0,0,0,0,5,2,1,30,49,40,22,16,82,2,2104
73958,10,10,True,67,0,75,0,0,87,46,0,0,0,0,0,0,5,2,1,30,49,40,22,16,82,2,2104
74043,58,0,False,52,92,23,96,0,0,0,39,0,0,0,0,0,2,4,1,38,49,32,17,8,69,4,2104
74053,16,16,True,55,100,77,94,0,93,75,0,0,0,0,0,0,4,1,2,8,13,13,19,9,28,30,2104
74104,98,0,False,18,95,0,0,82,0,0,0,0,0,0,0,0,2,4,2,50,48,49,24,34,60,9,2104
74123,56,0,False,17,99,89,18,0,0,0,0,0,0,0,73,0,5,4,2,56,46,44,29,28,52,4,2104
74148,66,0,False,99,89,68,63,0,0,83,0,0,0,0,27,0,11,7,14,35,33,30,17,15,42,3,2104
74156,24,0,False,12,82,0,0,21,0,0,0,0,0,0,0,0,4,3,1,16,31,35,27,17,42,4,2104
74182,64,11,False,54,84,0,0,0,33,56,0,0,0,0,36,0,1,4,1,35,43,38,17,22,49,3,2104
74187,46,7,False,55,93,0,0,0,0,77,20,0,0,0,0,0,5,2,2,55,47,42,23,22,56,7,2104
74213,40,0,False,9,101,0,0,0,35,0,0,0,0,0,0,0,2,2,4,56,47,49,16,23,37,7,2104
74219,75,0,False,88,89,30,0,0,0,24,0,24,0,0,0,0,13,11,8,43,41,39,23,28,34,37,2104
74295,55,0,False,20,103,0,0,49,0,0,73,0,0,0,0,0,2,1,5,49,49,43,17,31,51,4,2104
74330,27,23,True,62,51,49,0,0,0,26,22,0,0,0,0,0,2,3,4,49,43,38,27,15,38,3,2104
74374,13,0,False,63,100,0,0,96,73,62,96,0,0,0,0,0,1,1,2,46,41,34,27,11,40,14,2104
74405,25,11,False,27,75,75,0,0,0,39,0,0,0,0,0,0,3,1,5,8,20,29,15,22,41,13,2104
74455,11,11,True,60,0,26,0,0,33,64,42,0,0,0,0,0,2,4,1,16,25,27,24,26,37,1,2104
74459,15,8,True,67,0,0,39,0,65,21,0,0,0,0,0,81,10,13,9,49,36,42,21,27,27,27,2104
74478,25,0,False,21,0,46,0,56,45,0,23,0,0,0,41,0,4,1,2,35,39,44,17,22,46,12,2104
74488,29,1,False,60,67,0,0,0,0,24,0,64,0,0,14,0,1,4,3,41,39,33,27,24,34,4,2104
74539,82,0,False,18,69,0,29,0,71,54,0,0,0,0,0,0,9,6,13,41,43,35,20,16,38,24,2104
74555,56,0,False,18,0,50,0,101,0,0,0,0,0,0,0,0,1,4,3,43,51,47,20,18,70,13,2104
74563,20,0,False,9,104,0,0,73,0,0,0,0,0,0,0,0,1,4,2,48,39,38,22,24,35,12,2104
74563,14,0,False,9,104,0,0,73,0,0,0,0,0,0,0,0,1,4,2,48,39,38,22,24,35,12,2104
74611,48,0,False,2,102,0,0,0,0,0,0,0,0,0,89,0,14,7,15,22,21,37,18,9,34,10,2104
74637,13,1,False,16,104,0,0,0,0,35,0,0,0,0,0,0,2,1,1,53,53,37,24,11,51,33,2104
74645,38,0,False,35,104,0,0,0,29,0,0,0,0,0,0,0,2,2,3,33,41,25,13,18,42,3,2104
74652,66,0,False,13,104,0,0,103,0,0,0,0,0,0,0,0,2,1,1,47,55,41,20,18,55,7,2104
74654,64,0,False,19,46,44,0,1,0,0,0,0,0,0,0,0,11,11,6,25,41,32,17,27,67,1,2104
74658,43,0,False,17,98,27,87,0,0,0,0,0,0,0,0,0,1,5,1,44,52,41,18,18,67,3,2104
74671,40,0,False,36,54,81,0,0,0,0,70,0,0,0,0,0,1,1,1,24,23,33,26,20,20,3,2104
74672,33,33,True,100,58,23,0,61,0,39,22,0,0,0,0,0,6,12,10,44,45,39,19,12,57,5,2104
74732,24,0,False,46,104,22,16,0,96,38,0,0,0,0,0,0,12,5,5,60,55,41,21,8,55,15,2104
74744,32,32,True,39,40,0,0,0,45,43,0,0,0,0,0,0,4,3,4,43,45,33,19,18,48,5,2104
74769,10,8,True,48,44,57,0,0,21,23,0,0,0,0,0,0,1,2,2,40,53,40,19,10,58,4,2104
74783,71,2,False,73,51,0,50,0,0,45,0,0,0,0,0,0,1,4,1,39,45,39,46,8,52,8,2104
74910,33,0,False,11,0,0,55,68,0,0,0,0,0,0,0,0,11,10,8,40,53,28,18,14,62,2,2104
74920,26,0,False,89,83,0,0,34,0,32,82,0,0,0,0,0,2,2,2,48,60,43,25,15,70,13,2104
74984,27,27,True,33,65,0,22,54,90,0,0,0,0,0,0,0,2,1,2,53,43,32,21,6,35,9,2104
75024,12,0,False,69,50,22,0,0,48,48,0,0,0,0,0,0,7,11,11,32,41,46,18,25,48,4,2104
75097,20,3,False,47,0,37,0,47,0,38,33,36,0,0,0,0,2,2,4,39,36,32,18,29,34,12,2104
75207,23,0,False,29,50,40,39,0,0,37,0,0,0,0,0,0,4,3,4,44,51,35,20,9,63,6,2104
75361,32,0,False,17,93,0,0,0,0,40,0,0,0,0,0,0,1,4,1,25,32,27,28,17,38,1,2104
75375,32,32,True,55,86,0,0,0,29,79,0,56,0,0,0,0,4,4,1,11,42,24,25,20,71,4,2104
75384,31,10,False,37,0,42,0,14,37,32,50,0,0,0,0,0,13,12,11,42,40,32,19,17,44,1,2104
75443,74,0,False,62,51,27,0,0,0,50,0,0,0,0,0,0,2,3,1,24,30,15,21,22,31,17,2104
75614,38,25,True,56,73,20,0,0,89,24,0,0,0,0,0,0,1,1,2,45,40,36,16,20,35,6,2104
75703,50,0,False,18,0,95,0,0,25,0,0,0,0,0,0,0,11,11,14,36,40,61,30,10,48,3,2104
75821,36,36,True,49,59,0,0,0,27,56,0,0,0,0,0,0,1,2,4,53,43,38,29,17,38,9,2104
75911,36,11,False,41,63,0,0,0,24,45,58,0,0,0,0,0,2,4,2,42,58,34,17,12,38,2,2104
75928,12,0,False,54,36,0,0,0,0,21,34,0,0,0,0,0,1,1,2,41,34,36,26,13,27,2,2104
75997,10,0,False,10,0,67,0,0,50,0,0,0,0,0,0,0,2,4,2,47,50,38,22,19,54,17,2104
76034,21,0,False,27,0,64,0,0,81,0,0,0,0,0,0,0,7,14,14,54,44,51,18,18,38,15,2104
76089,15,0,False,12,79,0,102,0,0,28,0,0,0,0,0,0,1,3,1,12,46,29,23,9,41,2,2104
76191,63,0,False,8,0,0,50,111,0,0,0,0,0,0,0,0,4,4,5,22,42,32,19,28,62,4,2104
76199,25,25,True,80,0,0,73,0,43,33,47,0,0,0,0,0,2,4,2,40,47,41,27,5,54,3,2104
76237,62,27,False,38,0,34,38,0,0,28,0,0,0,0,0,0,2,1,1,33,40,31,19,18,47,17,2104
76350,32,26,True,65,45,60,0,0,0,42,0,0,0,0,0,0,2,4,4,49,50,38,17,11,42,13,2104
76696,44,7,False,84,43,27,0,39,0,27,0,0,0,0,0,0,2,3,4,44,42,35,23,5,44,7,2104
76737,50,0,False,84,63,0,16,0,59,46,0,0,0,0,7,0,1,2,1,57,50,48,23,26,34,3,2104
77250,91,1,False,21,0,0,101,104,0,0,0,0,0,0,0,0,2,1,1,29,36,45,25,12,55,19,2104
77255,37,30,True,64,64,58,0,0,25,0,0,0,0,0,0,0,1,5,1,38,27,44,25,27,24,31,2104
77278,73,0,False,30,46,0,0,0,40,0,0,0,0,0,0,0,9,11,14,47,43,37,24,10,40,22,2104
77334,74,0,False,20,96,0,0,0,55,0,0,0,0,0,0,0,4,5,3,43,40,50,14,7,39,3,2104
77385,73,0,False,25,66,0,48,0,19,0,0,0,0,0,0,0,5,1,5,38,39,34,24,29,49,3,2104
77406,35,0,False,13,95,0,0,17,0,0,0,0,0,0,0,0,3,2,4,41,58,40,21,18,62,19,2104
77408,34,0,False,4,67,0,0,0,33,0,0,0,0,0,0,0,4,1,4,56,56,52,16,25,34,3,2104
77434,33,17,True,58,35,50,0,35,56,29,0,0,46,0,0,0,1,1,1,41,35,43,13,28,28,2,2104
77485,82,0,False,16,96,0,0,0,0,80,0,0,0,0,0,0,4,4,3,24,41,37,36,17,68,12,2104
77497,20,0,False,54,0,0,43,40,10,31,0,0,0,0,0,0,1,2,2,50,63,52,18,13,43,3,2104
77510,54,0,False,79,0,0,0,75,0,23,0,19,0,0,0,74,6,8,15,54,48,56,10,15,35,8,2104
77521,88,0,False,33,101,0,0,94,0,0,0,0,0,0,0,0,1,5,1,48,54,39,23,13,61,43,2104
78271,15,0,False,21,91,0,0,0,0,74,0,0,0,0,0,0,5,3,3,46,50,58,25,24,60,4,2104
78316,34,32,True,76,0,0,42,61,62,41,38,0,0,0,50,0,1,1,2,52,42,40,16,9,39,4,2104
78606,14,0,False,17,65,0,0,0,22,0,0,0,0,0,0,0,10,13,13,36,33,33,21,7,32,6,2104
78718,29,20,True,54,41,0,0,0,0,48,33,0,0,0,0,0,1,2,1,33,46,22,16,15,57,3,2104
78744,33,30,True,74,52,45,52,42,48,35,0,0,0,0,0,0,2,2,2,62,56,48,18,35,45,8,2104
78772,83,0,False,19,95,0,0,93,0,0,0,0,0,0,0,0,3,3,4,53,46,56,27,55,42,37,2104
78780,74,0,False,11,104,0,0,0,0,0,0,0,92,0,0,0,1,1,2,45,43,45,16,11,45,24,2104
78880,80,0,False,17,77,67,25,0,0,0,0,0,0,0,0,0,7,9,13,40,47,40,29,16,55,4,2104
78898,44,0,False,12,104,0,0,0,0,34,0,0,0,0,0,0,4,2,1,27,35,35,21,38,45,4,2104
78902,22,0,False,25,83,0,0,97,0,0,0,0,0,0,0,0,2,5,1,42,42,42,23,16,22,5,2104
78945,38,0,False,30,0,0,106,0,48,0,0,0,0,0,0,0,3,3,1,35,40,35,19,12,41,9,2104
78963,45,0,False,41,66,31,32,0,0,0,19,0,0,0,0,0,5,4,4,39,34,41,22,45,27,19,2104
78985,27,0,False,41,38,39,0,39,48,0,47,0,0,0,0,0,2,3,4,32,35,38,17,35,47,3,2104
79009,96,0,False,21,64,0,0,0,0,26,0,0,0,0,0,0,1,1,2,60,55,53,26,31,50,11,2104
79025,11,0,False,15,0,0,104,0,0,56,0,0,0,0,0,0,3,1,1,32,40,38,20,5,46,4,2104
79078,78,0,False,25,33,44,48,0,17,0,0,0,0,0,0,0,11,11,10,30,36,41,13,14,40,3,2104
79115,62,0,False,27,86,0,0,0,90,0,0,0,0,0,0,0,4,4,2,51,54,46,22,8,56,49,2104
79127,67,15,False,39,68,66,0,82,0,34,0,0,0,0,0,0,1,2,4,27,31,36,17,28,43,3,2104
79131,77,0,False,18,71,27,49,0,0,0,97,0,0,0,0,0,16,15,15,45,42,60,45,14,46,7,2104
79588,21,21,True,73,0,57,0,50,64,24,0,0,0,0,0,0,7,9,6,45,57,44,24,15,60,3,2104
79630,67,26,False,73,61,0,0,0,0,36,33,0,0,4,0,0,4,1,2,28,34,34,18,1,43,4,2104
79631,20,0,False,85,99,0,0,99,0,65,92,0,0,94,83,0,1,5,4,34,31,35,26,17,36,2,2104
79730,15,0,False,67,0,0,73,48,28,26,0,0,0,0,0,0,2,5,1,22,31,31,21,27,43,18,2104
79758,82,0,False,11,49,0,0,59,0,0,0,0,0,0,0,0,11,9,8,46,43,42,14,2,45,3,2104
79768,75,0,False,18,98,0,0,89,0,0,0,0,0,0,0,0,2,5,1,43,48,46,20,32,53,17,2104
79786,35,0,False,36,36,35,41,0,0,0,0,0,0,0,0,0,8,6,6,27,29,28,26,17,36,24,2104
79791,25,0,False,15,102,0,0,108,0,0,0,0,0,0,0,0,11,6,15,33,49,56,23,20,73,20,2104
80909,104,0,False,8,101,0,0,0,0,0,0,0,0,0,92,0,2,1,4,30,54,34,23,22,60,33,2104
81323,31,0,False,23,103,0,0,0,0,0,36,0,0,0,0,0,7,13,12,38,43,38,30,28,53,19,2104
81326,33,33,True,81,71,56,0,0,51,0,21,0,0,0,0,0,2,3,2,55,55,42,28,13,50,5,2104
81347,76,0,False,22,101,0,0,101,0,0,0,0,0,0,0,0,1,1,5,31,26,39,37,24,33,9,2104
81415,13,0,False,16,0,0,87,67,0,0,0,0,0,0,0,0,4,5,3,14,41,27,28,2,52,25,2104
81430,31,0,False,24,85,0,0,99,0,0,0,0,0,0,0,0,5,4,3,41,53,48,17,18,54,14,2104
82793,21,6,False,38,95,0,0,72,0,0,0,0,0,0,0,0,3,1,2,43,46,49,25,12,53,9,2104
82951,78,0,False,19,108,0,0,0,0,0,111,0,0,0,0,0,4,4,4,33,43,40,33,27,55,24,2104
83445,52,15,False,44,43,33,0,46,0,0,0,0,0,0,0,0,3,4,4,58,54,54,15,10,43,18,2104
84762,34,34,True,81,0,48,0,0,34,49,0,0,0,0,0,0,2,4,3,47,45,53,15,26,52,3,2104
85007,11,0,False,58,52,47,0,0,0,0,0,0,0,45,0,0,1,2,1,38,43,36,16,11,38,27,2104
85045,22,10,False,24,77,0,0,0,87,0,0,0,0,0,0,0,5,4,5,60,51,61,16,17,45,3,2104
85223,70,0,False,10,95,0,0,0,0,79,0,0,0,0,0,0,1,2,1,50,44,46,20,23,38,31,2104
87013,31,0,False,25,100,78,0,90,0,0,0,0,0,0,0,0,10,12,14,22,38,39,33,6,59,9,2104
88786,76,1,False,13,64,66,50,0,0,0,0,0,0,0,0,0,1,3,3,64,62,51,18,24,59,11,2104
91337,58,0,False,17,103,0,0,0,100,0,0,0,0,0,0,0,1,5,2,19,44,32,22,34,57,23,2104
91337,18,0,False,17,103,0,0,0,100,0,0,0,0,0,0,0,1,5,2,19,44,32,22,34,57,23,2104
